name,full_address,street,city,postal_code,us_state,country,latitude,longitude,site,phone,type,category,subtypes,rating,reviews,business_status,working_hours,google_id,place_id,reviews_link,photo,query,scraped_zip,source
13moons Restaurant,,12885 Casino Dr,Anacortes,98221,,United States of America,48.4579297,-122.5197115,,+1 360-588-3800,Restaurant,restaurants,"Restaurant, Casino, Hotel, Seafood restaurant, Steak house",4.5,289.0,OPERATIONAL,,0x5485700a37394b9b:0x8654bb93b0ed293a,ChIJm0s5NwpwhVQROintsJO7VIY,https://search.google.com/local/reviews?placeid=ChIJm0s5NwpwhVQROintsJO7VIY&q=*&authuser=0&hl=en&gl=US,https://lh3.googleusercontent.com/gps-cs-s/APNQkAGJdyWSKeL4yPbq1mLi-JszZOMIRdRX_S-8rwpTevEswvP7q8TzK_SjlxTKBdKqyNgG5OklnfPCNBjp2HIp8ayizl-Jwo1Mpwj_chtJIQ82g4rQr7t4V-v78sR_YDUOmuB5MViGlg=w800-h500-k-no,"restaurant, 98221, WA, US",98221,outscraper_google_maps
A'Town Bistro,,418 Commercial Ave,Anacortes,98221,,United States of America,48.5185106,-122.6127994,,+1 360-899-4001,Bistro,restaurants,"Bistro, French restaurant, Italian restaurant, New American restaurant, Restaurant, Traditional American restaurant",4.8,553.0,OPERATIONAL,"{""Friday"": [""11:30AM-8:30PM""], ""Monday"": [""Closed""], ""Saturday"": [""11:30AM-8:30PM""], ""Sunday"": [""Closed""], ""Thursday"": [""11:30AM-8:30PM""], ""Tuesday"": [""11:30AM-8:30PM""], ""Wednesday"": [""11:30AM-8:30PM""]}",0x548579e0d7e2ad13:0x6041e01d07345345,ChIJE63i1-B5hVQRRVM0Bx3gQWA,https://search.google.com/local/reviews?placeid=ChIJE63i1-B5hVQRRVM0Bx3gQWA&q=*&authuser=0&hl=en&gl=US,https://lh3.googleusercontent.com/gps-cs-s/APNQkAEh78p0eP2ZWuHBfyFI_HQ8UQiWlYP9lj-mZ9ZANNauc5gim1IdCRSagN2a5WMlKKATn5lqKrPKRClUAryeKJiLLo12aqxyfh1MIF-XsLkkEr7GTCZta__qkKxJVQCkeV7F6IAuGg=w800-h500-k-no,"restaurant, 98221, WA, US",98221,outscraper_google_maps
Adrift Restaurant,,510 Commercial Ave,Anacortes,98221,,United States of America,48.5179963,-122.6127249,,+1 360-588-0653,Seafood restaurant,restaurants,"Seafood restaurant, Hamburger restaurant, Restaurant, Vegetarian restaurant",4.6,1328.0,OPERATIONAL,"{""Friday"": [""11AM-9PM""], ""Monday"": [""11AM-8PM""], ""Saturday"": [""11AM-9PM""], ""Sunday"": [""Closed""], ""Thursday"": [""11AM-8PM""], ""Tuesday"": [""11AM-8PM""], ""Wednesday"": [""11AM-8PM""]}",0x548579e12dbb3815:0x553d4ae33868f3c8,ChIJFTi7LeF5hVQRyPNoOONKPVU,https://search.google.com/local/reviews?placeid=ChIJFTi7LeF5hVQRyPNoOONKPVU&q=*&authuser=0&hl=en&gl=US,https://lh3.googleusercontent.com/gps-cs-s/APNQkAGlV17TxUnfqwWoorJGb6IKx2BBBGoSCQWJiq8HDmuuU2z_D8L5iCfmW1XmMQuYtBx3mj69uQFN_DesdUUFchiaIpLoJWzVC5koF-J6X_ABMJ5YtNZ_wymkc-ngITeYN1qvBlFGLA=w800-h500-k-no,"restaurant, 98221, WA, US",98221,outscraper_google_maps
Agave Taqueria,,2520 Commercial Ave,Anacortes,98221,,United States of America,48.5014199,-122.6130163,,+1 360-588-1288,Mexican restaurant,restaurants,"Mexican restaurant, Restaurant",4.5,740.0,OPERATIONAL,"{""Friday"": [""11AM-9PM""], ""Monday"": [""11AM-9PM""], ""Saturday"": [""11AM-9PM""], ""Sunday"": [""11AM-9PM""], ""Thursday"": [""11AM-9PM""], ""Tuesday"": [""11AM-9PM""], ""Wednesday"": [""11AM-9PM""]}",0x548579f5cb726345:0x7f033143c1b7d7df,ChIJRWNyy_V5hVQR39e3wUMxA38,https://search.google.com/local/reviews?placeid=ChIJRWNyy_V5hVQR39e3wUMxA38&q=*&authuser=0&hl=en&gl=US,https://lh3.googleusercontent.com/gps-cs-s/APNQkAH8cptv-7f5fZrMv4eiEKXprO1bfyJgOMtit1MPopi3xWFCwuQCE1CPWgWhHMz1JxSRsuEKADcgTcFx_sbemIt6ZyOBkbvn10KoM-eicFCizDzozNy9HQ9FHP8N3vj2pRSkOI4O=w800-h500-k-no,"restaurant, 98221, WA, US",98221,outscraper_google_maps
Anacortes Calico Cupboard Café & Bakery,,901 Commercial Ave,Anacortes,98221,,United States of America,48.5148805,-122.6123541,,+1 360-293-7315,Cafe,cafes,"Cafe, Breakfast restaurant",4.5,1141.0,OPERATIONAL,"{""Friday"": [""7AM-2PM""], ""Monday"": [""7AM-2PM""], ""Saturday"": [""7AM-2PM""], ""Sunday"": [""7AM-2PM""], ""Thursday"": [""7AM-2PM""], ""Tuesday"": [""7AM-2PM""], ""Wednesday"": [""7AM-2PM""]}",0x548579e43979547f:0xa925a3408f1553c9,ChIJf1R5OeR5hVQRyVMVj0CjJak,https://search.google.com/local/reviews?placeid=ChIJf1R5OeR5hVQRyVMVj0CjJak&q=*&authuser=0&hl=en&gl=US,https://lh3.googleusercontent.com/gps-cs-s/APNQkAE_IiNYwaN_Kj30MKf__EXzQZXPfgsLaDilWvWwzwZ-AK9heBhlP1i6xqNwDlmum_akm6pHktlf6mFVZoqVpS_ThtcYgjP0rJhPoRTM0zgxAyMNvFRk8Rs-K-U1d3Lcy6P7r_Mw=w800-h500-k-no,"restaurant, 98221, WA, US",98221,outscraper_google_maps
Anacortes Corner Caffè,,1519 Commercial Ave,Anacortes,98221,,United States of America,48.5091317,-122.6123571,,+1 360-868-6060,Coffee shop,coffee shops,Coffee shop,4.9,303.0,OPERATIONAL,"{""Friday"": [""7AM-5:30PM""], ""Monday"": [""7AM-5:30PM""], ""Saturday"": [""8AM-5PM""], ""Sunday"": [""8AM-5PM""], ""Thursday"": [""7AM-5:30PM""], ""Tuesday"": [""7AM-5:30PM""], ""Wednesday"": [""7AM-5:30PM""]}",0x5485791a30e3ebdd:0x7c06eff18cad96af,ChIJ3evjMBp5hVQRr5atjPHvBnw,https://search.google.com/local/reviews?placeid=ChIJ3evjMBp5hVQRr5atjPHvBnw&q=*&authuser=0&hl=en&gl=US,https://lh3.googleusercontent.com/gps-cs-s/APNQkAGupAurBKfxJtfJlb0a4YE1aauYd2x0LwS_edh6Kb9keH78MuCmjC_nDuOlBuRySAEvyEPWoHMwY7ryNjLaR7uaggjrr90ZDFigH3bAhjqktqavEEv_jV5sPpA5_Gt4yS9KJczl=w800-h500-k-no,"restaurant, 98221, WA, US",98221,outscraper_google_maps
Anacortes Oil & Vinegar Bar,,704 Commercial Ave,Anacortes,98221,,United States of America,48.5164355,-122.6127126,,+1 360-293-6410,Bar,Gourmet grocery store,"Bar, Gourmet grocery store",4.8,85.0,OPERATIONAL,"{""Friday"": [""11AM-5PM""], ""Monday"": [""11AM-5PM""], ""Saturday"": [""11AM-5PM""], ""Sunday"": [""Closed""], ""Thursday"": [""11AM-5PM""], ""Tuesday"": [""11AM-5PM""], ""Wednesday"": [""11AM-5PM""]}",0x548579e6bb0c63a7:0x880b5ab21cf38e20,ChIJp2MMu-Z5hVQRII7zHLJaC4g,https://search.google.com/local/reviews?placeid=ChIJp2MMu-Z5hVQRII7zHLJaC4g&q=*&authuser=0&hl=en&gl=US,https://lh3.googleusercontent.com/gps-cs-s/APNQkAGCw8AKofCSIFRh65HGTgRHtU08tYfHL03297IAQdi-9Xe_JlMYMU9FVZioAGhkn4wxl_IHfsK26hp6aISmgfXBBDO4OA1MZeSmEcxUKG5oNacW1phXL5Mb6bcU8gWjqwi4wgXGQg=w800-h500-k-no,"bar, 98221, WA, US",98221,outscraper_google_maps
Anacortes Seafood Market & More (U.S. For U.S. Seafoods),,7656 State Rte 20 b,Anacortes,98221,,United States of America,48.4626721,-122.5814556,,+1 360-919-7441,Seafood market,Seafood market,Seafood market,5.0,40.0,OPERATIONAL,"{""Friday"": [""12-5PM""], ""Monday"": [""12-4:30PM""], ""Saturday"": [""11AM-5PM""], ""Sunday"": [""11AM-3PM""], ""Thursday"": [""12-4:30PM""], ""Tuesday"": [""12-4:30PM""], ""Wednesday"": [""12-4:30PM""]}",0x54857bfab1c4fc99:0xa30097ab18dab420,ChIJmfzEsfp7hVQRILTaGKuXAKM,https://search.google.com/local/reviews?placeid=ChIJmfzEsfp7hVQRILTaGKuXAKM&q=*&authuser=0&hl=en&gl=US,https://lh3.googleusercontent.com/gps-cs-s/APNQkAHi8QwRJZVPxQfz0pOB4PrOIl7icYBSjJhmPqjILVNSh0EZAKlZXRLwvVULLp6_CWmwmwJtX5wBglN0F-MfV5XXa3OLFQ3I38QlbLK6lZHeIIXX6PPk7f-LcjQr7H1B2iL4FcG_8K4EP4uK=w800-h500-k-no,"restaurant, 98221, WA, US",98221,outscraper_google_maps
Anchor Inn,,1921 Commercial Ave,Anacortes,98221,,United States of America,48.5061607,-122.6124114,,,Bar,bars,Bar,4.1,215.0,OPERATIONAL,"{""Friday"": [""12PM-1AM""], ""Monday"": [""12PM-12AM""], ""Saturday"": [""12PM-1AM""], ""Sunday"": [""12PM-12AM""], ""Thursday"": [""12PM-12AM""], ""Tuesday"": [""12PM-12AM""], ""Wednesday"": [""12PM-12AM""]}",0x548579f0e040929f:0xc17a09f2a9137f32,ChIJn5JA4PB5hVQRMn8TqfIJesE,https://search.google.com/local/reviews?placeid=ChIJn5JA4PB5hVQRMn8TqfIJesE&q=*&authuser=0&hl=en&gl=US,https://lh3.googleusercontent.com/gps-cs-s/APNQkAFbVkp3P75ZDnK7MlmMBhxiczCYDh2WgDnQVa1wwt4ctJ8HpE20wf3rJdoB7RGTf83zo1G5fTcIj_Q3ZV65LrgOLhyd2T67EpZvTuV3TvQ6y_K2T-8R0_Mr96noo-OdsNcdaJTE=w800-h500-k-no,"restaurant, 98221, WA, US",98221,outscraper_google_maps
Anthony's At Cap Sante Marina,,1207 Q Ave,Anacortes,98221,,United States of America,48.5125824,-122.609506,,+1 360-588-0333,Seafood restaurant,restaurants,"Seafood restaurant, Restaurant",4.4,2195.0,OPERATIONAL,"{""Friday"": [""11:30AM-9PM""], ""Monday"": [""11:30AM-9PM""], ""Saturday"": [""11:30AM-9PM""], ""Sunday"": [""10AM-8PM""], ""Thursday"": [""11:30AM-9PM""], ""Tuesday"": [""11:30AM-9PM""], ""Wednesday"": [""11:30AM-9PM""]}",0x548579e4f87a0579:0x42aa2b215611f8e9,ChIJeQV6-OR5hVQR6fgRViErqkI,https://search.google.com/local/reviews?placeid=ChIJeQV6-OR5hVQR6fgRViErqkI&q=*&authuser=0&hl=en&gl=US,https://lh3.googleusercontent.com/gps-cs-s/APNQkAGFEs4xod-_S_wixgFjgc0P5RSZd3iXd14Rz2lhxvIoYgBstcNaSWBEvncbZs5th2zyqr80YK5Szla4Js3j_-NJ8oAOthPnB-49_Sa_cX9iaAkmPK4N1fVEUBx3-Dt8RdruQ6Qu=w800-h500-k-no,"restaurant, 98221, WA, US",98221,outscraper_google_maps
Bamboo Bistro,,3401 Commercial Ave,Anacortes,98221,,United States of America,48.4945905,-122.6125347,,+1 360-755-6940,Thai restaurant,restaurants,"Thai restaurant, Pho restaurant",4.6,297.0,OPERATIONAL,"{""Friday"": [""11AM-3PM"", ""4-9PM""], ""Monday"": [""11AM-3PM"", ""4-9PM""], ""Saturday"": [""12-9PM""], ""Sunday"": [""12-9PM""], ""Thursday"": [""11AM-3PM"", ""4-9PM""], ""Tuesday"": [""11AM-3PM"", ""4-9PM""], ""Wednesday"": [""11AM-3PM"", ""4-9PM""]}",0x54857a21e11a1f7b:0x35978eb3c864ea5f,ChIJex8a4SF6hVQRX-pkyLOOlzU,https://search.google.com/local/reviews?placeid=ChIJex8a4SF6hVQRX-pkyLOOlzU&q=*&authuser=0&hl=en&gl=US,https://lh3.googleusercontent.com/gps-cs-s/APNQkAHTa-eoY-RS1_1ZVlK3xxCWvzU9LBjonV96JieOZuiWZZBrqxxNlxO9ZjPTRwy0XV_19wP3SD6aNI4T5YwQ4wfhXmeENWfRKM52ZmHnrscyznNR4YXqX3eOLnaeQBCLzl_2eQrI1Q=w800-h500-k-no,"restaurant, 98221, WA, US",98221,outscraper_google_maps
Bastion Brewing Company,,12529 Christianson Rd,Anacortes,98221,,United States of America,48.461782,-122.570669,,+1 360-399-1614,Brewery,Brewery,"Brewery, American restaurant",4.3,545.0,OPERATIONAL,"{""Friday"": [""11AM-9PM""], ""Monday"": [""11AM-8PM""], ""Saturday"": [""11AM-9PM""], ""Sunday"": [""11AM-8PM""], ""Thursday"": [""11AM-8PM""], ""Tuesday"": [""11AM-8PM""], ""Wednesday"": [""11AM-8PM""]}",0x54857af356e81637:0xac63e1119864a0ce,ChIJNxboVvN6hVQRzqBkmBHhY6w,https://search.google.com/local/reviews?placeid=ChIJNxboVvN6hVQRzqBkmBHhY6w&q=*&authuser=0&hl=en&gl=US,https://lh3.googleusercontent.com/gps-cs-s/APNQkAG_h9Tka92QGb7iaKapVHewhOpHkrfRN3vLweI2b14H90Gr21kZtAl1WhzT0sG17z51cw3WQCcmzmUo1A92Ifricjbxjt6g0dK6_RcrlC0VSdLPwigB6QjW8sL2SRZappsR8TU=w800-h500-k-no,"restaurant, 98221, WA, US",98221,outscraper_google_maps
Bistro & Bar At the Majestic,,"Majestic Inn & Spa, 419 Commercial Ave",Anacortes,98221,,United States of America,48.5184697,-122.6123222,,+1 360-299-1400,American restaurant,restaurants,"American restaurant, Bar & grill, Bistro, Restaurant",4.2,194.0,OPERATIONAL,"{""Friday"": [""7-11AM"", ""4-9PM""], ""Monday"": [""7-11AM"", ""4-9PM""], ""Saturday"": [""7-11AM"", ""4-9PM""], ""Sunday"": [""7-11AM"", ""4-9PM""], ""Thursday"": [""7-11AM"", ""4-9PM""], ""Tuesday"": [""7-11AM"", ""4-9PM""], ""Wednesday"": [""7-11AM"", ""4-9PM""]}",0x548579e12705e52f:0x719d2b23a7c42098,ChIJL-UFJ-F5hVQRmCDEpyMrnXE,https://search.google.com/local/reviews?placeid=ChIJL-UFJ-F5hVQRmCDEpyMrnXE&q=*&authuser=0&hl=en&gl=US,https://lh3.googleusercontent.com/gps-cs-s/APNQkAHplyFpsHuRFu8yH-d38ZNJLjcAZGy06CZ82EzgDr4LlcP1bVRJlZT3tP2mZY727OOevD-Zs4JxHNW7syigrqKJQYOJc_4qSmwxa0XnExxS-Ls62ZUkzfuY5uwavtrdCJ_tLwtJGw=w800-h500-k-no,"restaurant, 98221, WA, US",98221,outscraper_google_maps
Blackbird Wine Bar and Charcuterie,,604 Commercial Ave,Anacortes,98221,,United States of America,48.5173342,-122.6128251,,+1 360-317-5542,Wine bar,bars,Wine bar,5.0,85.0,OPERATIONAL,"{""Friday"": [""3-9:30PM""], ""Monday"": [""Closed""], ""Saturday"": [""1-9:30PM""], ""Sunday"": [""1-6PM""], ""Thursday"": [""3-8:30PM""], ""Tuesday"": [""3-8PM""], ""Wednesday"": [""3-8PM""]}",0x5485791e86d72015:0x1538f9e975a0c32b,ChIJFSDXhh55hVQRK8Ogden5OBU,https://search.google.com/local/reviews?placeid=ChIJFSDXhh55hVQRK8Ogden5OBU&q=*&authuser=0&hl=en&gl=US,https://lh3.googleusercontent.com/gps-cs-s/APNQkAEb8rrjxKEphYTe6WTs0jeaaOJMQESClhY1mvKviHLXEp9tQpiwVcTecq5BjCIQqejVjYqe78bhd0F2oy1WKoDzXiPyf20jau-wW8CU7hc-GyBES7pYg-x9pLNfCu3oBzcic6bPUQ=w800-h500-k-no,"restaurant, 98221, WA, US",98221,outscraper_google_maps
Brown Lantern,,412 Commercial Ave,Anacortes,98221,,United States of America,48.5187591,-122.6126794,,+1 360-293-2544,Bar & grill,restaurants,"Bar & grill, Restaurant",4.4,1568.0,OPERATIONAL,"{""Friday"": [""7AM-12AM""], ""Monday"": [""7AM-12AM""], ""Saturday"": [""7AM-12AM""], ""Sunday"": [""7AM-12AM""], ""Thursday"": [""7AM-12AM""], ""Tuesday"": [""7AM-12AM""], ""Wednesday"": [""7AM-12AM""]}",0x548579e0d8256929:0x67677946e5f55857,ChIJKWkl2OB5hVQRV1j15UZ5Z2c,https://search.google.com/local/reviews?placeid=ChIJKWkl2OB5hVQRV1j15UZ5Z2c&q=*&authuser=0&hl=en&gl=US,https://lh3.googleusercontent.com/gps-cs-s/APNQkAEemelMlLwMvOAnc7NMP--_PBWbYd_sr4xLy-lNaKs1gGiNqXZY127lFuVSqglAvfHc0DQ4kzSRakk7Ex5VLaaYdHzQgKGkChCWsvkIPrLDporo2190_arAnEJFDJ92gnOGJ0AR=w800-h500-k-no,"restaurant, 98221, WA, US",98221,outscraper_google_maps
Cabo Market,,1717 Commercial Ave,Anacortes,98221,,United States of America,48.5079195,-122.6124064,,+1 360-588-9857,Mexican grocery store,Mexican grocery store,"Mexican grocery store, Mexican restaurant",4.8,13.0,OPERATIONAL,"{""Friday"": [""9AM-8PM""], ""Monday"": [""10AM-8PM""], ""Saturday"": [""9AM-8PM""], ""Sunday"": [""9AM-8PM""], ""Thursday"": [""9AM-8PM""], ""Tuesday"": [""9AM-8PM""], ""Wednesday"": [""9AM-8PM""]}",0x548579142a14fdc3:0x5f538fb608523cf3,ChIJw_0UKhR5hVQR8zxSCLaPU18,https://search.google.com/local/reviews?placeid=ChIJw_0UKhR5hVQR8zxSCLaPU18&q=*&authuser=0&hl=en&gl=US,https://lh3.googleusercontent.com/gps-cs-s/APNQkAGzl2Ru7gw6w-6Ld2n8aF15R_jvGW4oUPFrIM96_zOupIxyQ9zXIOMr_6xODoqD61KDsO4ErTz2WLd9KOkc8ibHaDscX8_uWaQIRAQ5QNZQCnx4SHHRQ8bdy5kiUOrjleq5R5-1iueo6wA=w800-h500-k-no,"restaurant, 98221, WA, US",98221,outscraper_google_maps
Carver's Cafe,,12885 Casino Dr,Anacortes,98221,,United States of America,48.4580222,-122.5196877,,+1 360-588-3638,American restaurant,restaurants,American restaurant,3.8,139.0,OPERATIONAL,"{""Friday"": [""8AM-3AM""], ""Monday"": [""8AM-2AM""], ""Saturday"": [""7AM-3AM""], ""Sunday"": [""7AM-2AM""], ""Thursday"": [""8AM-2AM""], ""Tuesday"": [""8AM-2AM""], ""Wednesday"": [""8AM-2AM""]}",0x548571319235ec85:0x2037864270c8ee16,ChIJhew1kjFxhVQRFu7IcEKGNyA,https://search.google.com/local/reviews?placeid=ChIJhew1kjFxhVQRFu7IcEKGNyA&q=*&authuser=0&hl=en&gl=US,https://lh3.googleusercontent.com/gps-cs-s/APNQkAG9dhoyUP5V_I_Q145XBeFEycBh9jXwzeSMKXkwbLjTZicNR_ts64YCeYYGfwgr7u_HHAoCyrUqU412Ti2anmjAQ0DayToJ_vfPZ0zwQ-mNEVarRJT9ns2UV2L3ze9_mbIGYG-r=w800-h500-k-no,"restaurant, 98221, WA, US",98221,outscraper_google_maps
Chipotle Mexican Grill,,1700 Commercial Ave,Anacortes,98221,,United States of America,48.5083847,-122.6131635,,+1 360-639-1246,Mexican restaurant,restaurants,Mexican restaurant,3.5,83.0,OPERATIONAL,"{""Friday"": [""10:45AM-11PM""], ""Monday"": [""10:45AM-11PM""], ""Saturday"": [""10:45AM-11PM""], ""Sunday"": [""10:45AM-11PM""], ""Thursday"": [""10:45AM-11PM""], ""Tuesday"": [""10:45AM-11PM""], ""Wednesday"": [""10:45AM-11PM""]}",0x54857900414c4e47:0x59579797d6b6c742,ChIJR05MQQB5hVQRQse21peXV1k,https://search.google.com/local/reviews?placeid=ChIJR05MQQB5hVQRQse21peXV1k&q=*&authuser=0&hl=en&gl=US,https://lh3.googleusercontent.com/gps-cs-s/APNQkAF67vS8SVXZpTo_iOcDOX4vJugAa9cXIXrcpl6KekUds0RcNQZt5vQLo9O4S0Efiv3AQ9MgNSKQMpeBtOQKibx10zUofd7OAzgNUKNL1PeEpgnCytipwN1BtdtqwQzFZdY629Xb_5HWG-4=w800-h500-k-no,"mexican restaurant, 98221, WA, US",98221,outscraper_google_maps
Coconut Kenny's Pizza - Anacortes,,1005 Commercial Ave,Anacortes,98221,,United States of America,48.513943,-122.6123302,,+1 360-899-4438,Pizza restaurant,restaurants,Pizza restaurant,4.5,636.0,OPERATIONAL,"{""Friday"": [""11AM-9PM""], ""Monday"": [""11AM-9PM""], ""Saturday"": [""11AM-9PM""], ""Sunday"": [""11AM-9PM""], ""Thursday"": [""11AM-9PM""], ""Tuesday"": [""11AM-9PM""], ""Wednesday"": [""11AM-9PM""]}",0x548579e44c4e0b0b:0x2ce7b6c0f951019e,ChIJCwtOTOR5hVQRngFR-cC25yw,https://search.google.com/local/reviews?placeid=ChIJCwtOTOR5hVQRngFR-cC25yw&q=*&authuser=0&hl=en&gl=US,https://lh3.googleusercontent.com/gps-cs-s/APNQkAFBSOVJ2noQ9ORbx-GKi5M_2haLbNoZ4wGFcBwyiqutRZnK74L_ZGEe1UNhUVMvEex29EPSHIldMucKVXodkSxjD_pEFUxXqMPwaiE3x1y_2wjaXQZRH9uzRxotGoYjCSstxkoo=w800-h500-k-no,"restaurant, 98221, WA, US",98221,outscraper_google_maps
Cosmic Veggies (Drink Your Veggies),,615 Commercial Ave,Anacortes,98221,,United States of America,48.5169028,-122.6123578,,+1 360-941-2355,Vegan restaurant,Vegan restaurant,"Vegan restaurant, Gluten-free restaurant, Health food restaurant, Juice shop, Delivery Restaurant",4.9,383.0,OPERATIONAL,"{""Friday"": [""8AM-5PM""], ""Monday"": [""8AM-5PM""], ""Saturday"": [""8AM-5PM""], ""Sunday"": [""8AM-4PM""], ""Thursday"": [""8AM-5PM""], ""Tuesday"": [""8AM-5PM""], ""Wednesday"": [""8AM-5PM""]}",0x5485794a99ed8cfb:0xfeb7201343c8ec85,ChIJ-4ztmUp5hVQRhezIQxMgt_4,https://search.google.com/local/reviews?placeid=ChIJ-4ztmUp5hVQRhezIQxMgt_4&q=*&authuser=0&hl=en&gl=US,https://lh3.googleusercontent.com/gps-cs-s/APNQkAEQOeldTMW4V1ArFEAdhx9scUE2OyLAJd_9WNZCSLzjBChxOYhkGeazjH4UWH-WESkWRK3-3abmN04ELUU7xFbUUmMzWXrlAoP701Mys4v60bMICbOYOxGC55X8M3f7nuwzXDcQ=w800-h500-k-no,"restaurant, 98221, WA, US",98221,outscraper_google_maps
Country Corner,,7601 State Rte 20,Anacortes,98221,,United States of America,48.461769,-122.5825668,,+1 360-293-8411,Breakfast restaurant,restaurants,"Breakfast restaurant, Bar, Bar & grill, Espresso bar, Fish & chips restaurant, Grocery store",4.1,339.0,OPERATIONAL,"{""Friday"": [""8AM-9PM""], ""Monday"": [""8AM-9PM""], ""Saturday"": [""8AM-9PM""], ""Sunday"": [""8AM-9PM""], ""Thursday"": [""8AM-9PM""], ""Tuesday"": [""8AM-9PM""], ""Wednesday"": [""8AM-9PM""]}",0x54857af64241345f:0x10fe48334a5c4fcd,ChIJXzRBQvZ6hVQRzU9cSjNI_hA,https://search.google.com/local/reviews?placeid=ChIJXzRBQvZ6hVQRzU9cSjNI_hA&q=*&authuser=0&hl=en&gl=US,https://lh3.googleusercontent.com/gps-cs-s/APNQkAG0RR5Mf-4H7Quu7owNPSOrM7poTvnA53hbSwg8TRAcdMz4ILb0S6Ez-U48pO-C3Kh9CpiURJEUdm2_TF_waah3x2T9UJLf5l509zLuOijvlgrGBEGM-FvOSDDK-7X-x8m3Bk48=w800-h500-k-no,"restaurant, 98221, WA, US",98221,outscraper_google_maps
Curry Leaf Restaurant,,408 Commercial Ave,Anacortes,98221,,United States of America,48.5188468,-122.612865,,+1 360-298-3258,Restaurant,restaurants,Restaurant,4.7,57.0,OPERATIONAL,"{""Friday"": [""1-9PM""], ""Monday"": [""Closed""], ""Saturday"": [""1-9PM""], ""Sunday"": [""1-9PM""], ""Thursday"": [""1-9PM""], ""Tuesday"": [""Closed""], ""Wednesday"": [""1-9PM""]}",0x5485794fbe19b74b:0x9d59e53135fad0a7,ChIJS7cZvk95hVQRp9D6NTHlWZ0,https://search.google.com/local/reviews?placeid=ChIJS7cZvk95hVQRp9D6NTHlWZ0&q=*&authuser=0&hl=en&gl=US,https://lh3.googleusercontent.com/gps-cs-s/APNQkAFOtiVk42KOFUnHqSU87BtXc-4tZvVGF5j20Ss2Mrl1C-R_gppvNEhFEo_CBuCPGJFMz-OoELwXbhOW-QotoTH_u3fpOCDwXLYWLrmZ6BRfmqWJ28QmPRD2YIPYczWkqkAP-9lWGh8JghAs=w800-h500-k-no,"restaurant, 98221, WA, US",98221,outscraper_google_maps
Dad's Diner,,906 Commercial Ave,Anacortes,98221,,United States of America,48.514779,-122.612755,,+1 360-899-5269,American restaurant,restaurants,"American restaurant, Breakfast restaurant, Restaurant",4.7,1519.0,OPERATIONAL,"{""Friday"": [""7AM-9PM""], ""Monday"": [""7AM-8PM""], ""Saturday"": [""7AM-8PM""], ""Sunday"": [""7AM-4PM""], ""Thursday"": [""7AM-8PM""], ""Tuesday"": [""7AM-8PM""], ""Wednesday"": [""7AM-8PM""]}",0x548579e430e758a9:0xe3d174462d0d00a3,ChIJqVjnMOR5hVQRowANLUZ00eM,https://search.google.com/local/reviews?placeid=ChIJqVjnMOR5hVQRowANLUZ00eM&q=*&authuser=0&hl=en&gl=US,https://lh3.googleusercontent.com/gps-cs-s/APNQkAHs2hhrMKhDgOUicmj_koW_Ebcvdk1KkgZrWP_r1x0eaYyCBm0gVTXljTqdgC1Zt0SycJOcMIoXBqBEYzrrEgTWFPPlPrjYOX36vA9uWxEkIt5Su8QJTyS9C3Y55CSTFN19Gdns=w800-h500-k-no,"restaurant, 98221, WA, US",98221,outscraper_google_maps
Dad's Diner Old School BBQ,,903-909 22nd St,Anacortes,98221,,United States of America,48.5041974,-122.612097,,+1 360-840-2938,Barbecue restaurant,restaurants,Barbecue restaurant,4.5,116.0,OPERATIONAL,"{""Friday"": [""11AM-7PM""], ""Monday"": [""Closed""], ""Saturday"": [""11AM-7PM""], ""Sunday"": [""11AM-6PM""], ""Thursday"": [""11AM-7PM""], ""Tuesday"": [""Closed""], ""Wednesday"": [""11AM-7PM""]}",0x548579f6c98b41dd:0x7fab30722e82a177,ChIJ3UGLyfZ5hVQRd6GCLnIwq38,https://search.google.com/local/reviews?placeid=ChIJ3UGLyfZ5hVQRd6GCLnIwq38&q=*&authuser=0&hl=en&gl=US,https://lh3.googleusercontent.com/gps-cs-s/APNQkAFMgIF2I7rO1Ay1DB3vNcYP6Rfl-ulMWWkqSrQ0PqJogTYmuRqQPTurlxMD4ayOUz-wNj-HCsoHtu1OSGoYNroJ_NEYdd-N9KBmzsHN777kSfY1IeHPrs_BjzPO2WeSfJi1P5Kp=w800-h500-k-no,"restaurant, 98221, WA, US",98221,outscraper_google_maps
De Asian (Sushi Bar and Asian Fusion),,1506 Commercial Ave,Anacortes,98221,,United States of America,48.5099613,-122.6129063,,+1 360-293-4004,Japanese restaurant,restaurants,"Japanese restaurant, Asian fusion restaurant, Cocktail bar, Thai restaurant",4.7,284.0,OPERATIONAL,"{""Friday"": [""12PM-12AM""], ""Monday"": [""12-10PM""], ""Saturday"": [""12PM-12AM""], ""Sunday"": [""12-10PM""], ""Thursday"": [""12-10PM""], ""Tuesday"": [""12-10PM""], ""Wednesday"": [""12-10PM""]}",0x5485792f63abcce1:0x25a8132a14868649,ChIJ4cyrYy95hVQRSYaGFCoTqCU,https://search.google.com/local/reviews?placeid=ChIJ4cyrYy95hVQRSYaGFCoTqCU&q=*&authuser=0&hl=en&gl=US,https://lh3.googleusercontent.com/gps-cs-s/APNQkAHbJrs2d66u3hFb4JTo3wiZWj5YV1kBPg95qdJxxsX9N31LZ63b3rvzWi1IL6OMqf7nuIfltEutJMQZmgI9wf4DDbE_LrmZ8jEPGr3w3q84ipOJ9FRop2mpzGGyRnOIUaQ3AJAQtA=w800-h500-k-no,"restaurant, 98221, WA, US",98221,outscraper_google_maps
Deo Valente Cafe,,802 7th St,Anacortes,98221,,United States of America,48.5168239,-122.6096894,,,Coffee store,Coffee store,Coffee store,,,OPERATIONAL,"{""Friday"": [""9AM-5PM""], ""Monday"": [""9AM-5PM""], ""Saturday"": [""9AM-5PM""], ""Sunday"": [""9AM-5PM""], ""Thursday"": [""9AM-5PM""], ""Tuesday"": [""9AM-5PM""], ""Wednesday"": [""9AM-5PM""]}",0x548579fdf71b3981:0xba30915114e80d64,ChIJgTkb9_15hVQRZA3oFFGRMLo,,https://streetviewpixels-pa.googleapis.com/v1/thumbnail?panoid=rUhXAU4t9G6QMS4mlBWprQ&cb_client=search.gws-prod.gps&w=800&h=500&yaw=347.2687&pitch=0&thumbfov=100,"cafe, 98221, WA, US",98221,outscraper_google_maps
Diedrich Espresso Anacortes,,3119 Commercial Ave,Anacortes,98221,,United States of America,48.496697,-122.6124038,,+1 360-293-2413,Coffee shop,coffee shops,Coffee shop,4.3,187.0,OPERATIONAL,"{""Friday"": [""4AM-7PM""], ""Monday"": [""4AM-7PM""], ""Saturday"": [""5AM-7PM""], ""Sunday"": [""6AM-7PM""], ""Thursday"": [""4AM-7PM""], ""Tuesday"": [""4AM-7PM""], ""Wednesday"": [""4AM-7PM""]}",0x54857a1f98c72361:0x1e850466162448a7,ChIJYSPHmB96hVQRp0gkFmYEhR4,https://search.google.com/local/reviews?placeid=ChIJYSPHmB96hVQRp0gkFmYEhR4&q=*&authuser=0&hl=en&gl=US,https://lh3.googleusercontent.com/gps-cs-s/APNQkAENT0SgYsxVT_dQ1Os-1Iupc4SrJAY8DyTChXEpFxcOVci1LZK-fHz6OuUsONEtG9AONhaxVB29LJhs3_-9cEaLnfa3zPldu6zZt8PyFbX6YtBSyHiNwX2C8C6JfoXxVt7ETUM=w800-h500-k-no,"cafe, 98221, WA, US",98221,outscraper_google_maps
Dockside,,"P31577, 5614 Ferry Terminal Rd",Anacortes,98221,,United States of America,48.5053699,-122.6791029,,,Restaurant,restaurants,Restaurant,3.6,30.0,OPERATIONAL,,0x548579d091f45735:0xf6ba000e352bed,ChIJNVf0kdB5hVQR7Ss1DgC69gA,https://search.google.com/local/reviews?placeid=ChIJNVf0kdB5hVQR7Ss1DgC69gA&q=*&authuser=0&hl=en&gl=US,https://lh3.googleusercontent.com/gps-cs-s/APNQkAEp4nVKM9I7TQkJQNsGrJWtiesr1WjGRYgWzuY0TahxtOcUpaF3wgSzGVpp4eVcgcjH22cMoCH1dJfuW93dHXFpIU28a5XAQdqTIPrZRGBaXobBKSBQYu4YUGBOdjcR8nFPHOuCRmp14ZEa=w800-h500-k-no,"restaurant, 98221, WA, US",98221,outscraper_google_maps
Dockside Dogs Gourmet Hot Dogs,,501 Commercial Ave Ste A,Anacortes,98221,,United States of America,48.5181137,-122.6120998,,+1 360-708-0006,Restaurant,restaurants,"Restaurant, Hot dog restaurant",4.9,219.0,OPERATIONAL,"{""Friday"": [""11AM-7PM""], ""Monday"": [""Closed""], ""Saturday"": [""11AM-7PM""], ""Sunday"": [""11AM-7PM""], ""Thursday"": [""11AM-7PM""], ""Tuesday"": [""Closed""], ""Wednesday"": [""11AM-7PM""]}",0x54857983f4dff545:0xb90ae7a6efd13308,ChIJRfXf9IN5hVQRCDPR76bnCrk,https://search.google.com/local/reviews?placeid=ChIJRfXf9IN5hVQRCDPR76bnCrk&q=*&authuser=0&hl=en&gl=US,https://lh3.googleusercontent.com/gps-cs-s/APNQkAG2OShy4-n5WsGbxmlp3JXZVTpBGIbTOBwchyTxppIR6gFU3VG5Mg-9Vg4Y704xDUElApQx59Xtxt1-zj7-H3WVMxpAN4QU672b5aluxpAgyitMbPmjlLqD1IhRdVxkKyM-qSOi=w800-h500-k-no,"restaurant, 98221, WA, US",98221,outscraper_google_maps
Domino's Pizza,,2517 Commercial Ave,Anacortes,98221,,United States of America,48.5015772,-122.6124648,,+1 360-873-6771,Pizza restaurant,Pizza delivery,"Pizza restaurant, Chicken wings restaurant, Pizza delivery, Pizza Takeout",4.4,101.0,OPERATIONAL,"{""Friday"": [""10:30AM-1AM""], ""Monday"": [""10:30AM-12AM""], ""Saturday"": [""10:30AM-1AM""], ""Sunday"": [""10:30AM-12AM""], ""Thursday"": [""10:30AM-12AM""], ""Tuesday"": [""10:30AM-12AM""], ""Wednesday"": [""10:30AM-12AM""]}",0x548579af21aaf3c9:0x1074662468673c94,ChIJyfOqIa95hVQRlDxnaCRmdBA,https://search.google.com/local/reviews?placeid=ChIJyfOqIa95hVQRlDxnaCRmdBA&q=*&authuser=0&hl=en&gl=US,https://lh3.googleusercontent.com/gps-cs-s/APNQkAGUGNo7Z4oyv8tAiVe0n9obcWjtvZM6HiwWfiaD9jVtpqaXwQqs26SGJWEkwNaUoEM1xss32SpZ-8N9M1006iFm6FhvoLvGtuS5xl4Rw-HCdPlZnea8sdpsWMMddRDSAMyYZuNDyA=w800-h500-k-no,"pizza restaurant, 98221, WA, US",98221,outscraper_google_maps
Donut House,,2719 Commercial Ave,Anacortes,98221,,United States of America,48.4998146,-122.6124195,,+1 360-293-4053,Bakery,Bakery,Bakery,4.4,1049.0,OPERATIONAL,"{""Friday"": [""5AM-7PM""], ""Monday"": [""5AM-7PM""], ""Saturday"": [""5AM-7PM""], ""Sunday"": [""5AM-7PM""], ""Thursday"": [""5AM-7PM""], ""Tuesday"": [""5AM-7PM""], ""Wednesday"": [""5AM-7PM""]}",0x548579f5906ef7ad:0x8076c6e654365539,ChIJrfdukPV5hVQROVU2VObGdoA,https://search.google.com/local/reviews?placeid=ChIJrfdukPV5hVQROVU2VObGdoA&q=*&authuser=0&hl=en&gl=US,https://lh3.googleusercontent.com/gps-cs-s/APNQkAFuEiNIrQ6Fpq9ecUy_6oVwx8CRm1pMeX0ixjRphP_B3mHRudnhpnoYDt9YaVffsRl9bkJHt_NT0Gn1b2fZJs7RQhkhYoDzKxYutPF8KfvUnt9TyDwu4VwzuLbi8fkAhW7A0cU1=w800-h500-k-no,"restaurant, 98221, WA, US",98221,outscraper_google_maps
El Jinete Mexican Restaurant,,509 Commercial Ave,Anacortes,98221,,United States of America,48.5179885,-122.6120991,,+1 360-293-2631,Mexican restaurant,restaurants,Mexican restaurant,4.2,347.0,OPERATIONAL,"{""Friday"": [""12-9PM""], ""Monday"": [""Closed""], ""Saturday"": [""12-9PM""], ""Sunday"": [""12-8PM""], ""Thursday"": [""12-8PM""], ""Tuesday"": [""12-8PM""], ""Wednesday"": [""12-8PM""]}",0x548579e12e68da71:0x55c0aab4cd13174a,ChIJcdpoLuF5hVQRShcTzbSqwFU,https://search.google.com/local/reviews?placeid=ChIJcdpoLuF5hVQRShcTzbSqwFU&q=*&authuser=0&hl=en&gl=US,https://lh3.googleusercontent.com/gps-cs-s/APNQkAH94c3U8nMB3FcHABdExyRAB-x1PDvjE8qgNc39jylNRss0yRN3q6ZerkaShkjgVF5QfME_YHEqKjqUL8xpn6qa-jG3MflEezdewJimETweLJ5qKjaGY0lJ3z-s_v7uf4wXfhYucg=w800-h500-k-no,"restaurant, 98221, WA, US",98221,outscraper_google_maps
Endiro Coffee,,419 Commercial Ave,Anacortes,98221,,United States of America,48.5184219,-122.6123229,,,Coffee shop,coffee shops,Coffee shop,4.6,17.0,OPERATIONAL,"{""Friday"": [""7AM-3PM""], ""Monday"": [""7AM-3PM""], ""Saturday"": [""7AM-3PM""], ""Sunday"": [""7AM-3PM""], ""Thursday"": [""7AM-3PM""], ""Tuesday"": [""7AM-3PM""], ""Wednesday"": [""7AM-3PM""]}",0x5485790048b16ad1:0x31e60e325bbf8740,ChIJ0WqxSAB5hVQRQIe_WzIO5jE,https://search.google.com/local/reviews?placeid=ChIJ0WqxSAB5hVQRQIe_WzIO5jE&q=*&authuser=0&hl=en&gl=US,https://lh3.googleusercontent.com/gps-cs-s/APNQkAGFPAwcRkVGxeIRWYupO8GE_NF9s4a1R-L6B0j2E0OmJSSGZuyUiQryCBa3JmeRwVvIQU0vC7Ps8P_MQueyY8nV9ZCNSx6_r4SVLXb4Cxacs7W7TuSYBszqKwGQs6YYmKL7x0uE4H4FpQrA=w800-h500-k-no,"restaurant, 98221, WA, US",98221,outscraper_google_maps
Fidalgo Drive-In,,2908 Commercial Ave,Anacortes,98221,,United States of America,48.49855,-122.6131721,,+1 360-293-3442,American restaurant,restaurants,"American restaurant, Fast food restaurant, Hamburger restaurant, Ice cream shop, Seafood restaurant",4.3,1505.0,OPERATIONAL,"{""Friday"": [""9AM-9PM""], ""Monday"": [""9AM-9PM""], ""Saturday"": [""9AM-9PM""], ""Sunday"": [""9AM-9PM""], ""Thursday"": [""9AM-9PM""], ""Tuesday"": [""9AM-9PM""], ""Wednesday"": [""9AM-9PM""]}",0x54857a1fd6e528ad:0xe9921f16e680a145,ChIJrSjl1h96hVQRRaGA5hYfkuk,https://search.google.com/local/reviews?placeid=ChIJrSjl1h96hVQRRaGA5hYfkuk&q=*&authuser=0&hl=en&gl=US,https://lh3.googleusercontent.com/gps-cs-s/APNQkAFQ5Bo9usx9Eb1jxMFpRHFcLy0ZNqqzcebmhCqFo6Y0-HXlDDFsDjUua98c3iUEjfw2JlxcyPof9vcnE9sjH2zcnzjbvV7uw8ouUl6gth5DJd2tK2uw_Ki6jme_tnhTHSMFa_c=w800-h500-k-no,"restaurant, 98221, WA, US",98221,outscraper_google_maps
Fidalgo Fudge Co.,,715 Commercial Ave,Anacortes,98221,,United States of America,48.5161273,-122.6121568,,+1 360-202-8535,Ice cream shop,Ice cream shop,"Ice cream shop, Candy store, Chocolate shop, Coffee shop, Espresso bar, Gift shop",4.8,78.0,OPERATIONAL,"{""Friday"": [""11AM-5PM""], ""Monday"": [""11AM-5PM""], ""Saturday"": [""11AM-5PM""], ""Sunday"": [""11AM-4PM""], ""Thursday"": [""11AM-5PM""], ""Tuesday"": [""11AM-5PM""], ""Wednesday"": [""11AM-5PM""]}",0x548579e5ff9ea875:0x58cd25fffe684a9,ChIJdaie_-V5hVQRqYTm_1_SjAU,https://search.google.com/local/reviews?placeid=ChIJdaie_-V5hVQRqYTm_1_SjAU&q=*&authuser=0&hl=en&gl=US,https://lh3.googleusercontent.com/gps-cs-s/APNQkAFYqJ7eCZKxb_5APWdfF-mOSgZjXbyKmkIgidbMk5sc-GrkMrur4k4aQlaIXoLerD41RfMub9uFoVytjVJQysadeRap0_aDdfFONIqd0TSL63JshVMiiDCC08F5SwdbHanlwR-u=w800-h500-k-no,"restaurant, 98221, WA, US",98221,outscraper_google_maps
Frida's Gourmet Mexican Cuisine,,416 1/2 Commercial Ave,Anacortes,98221,,United States of America,48.5186439,-122.6127194,,+1 360-299-2120,Mexican restaurant,restaurants,"Mexican restaurant, Bar, Restaurant",4.4,552.0,OPERATIONAL,"{""Friday"": [""11AM-12AM""], ""Monday"": [""11AM-8:30PM""], ""Saturday"": [""11AM-9:30PM""], ""Sunday"": [""11AM-8:30PM""], ""Thursday"": [""11AM-8:30PM""], ""Tuesday"": [""11AM-8:30PM""], ""Wednesday"": [""11AM-8:30PM""]}",0x548579e0d7a9196d:0x87f543afee0865c7,ChIJbRmp1-B5hVQRx2UI7q9D9Yc,https://search.google.com/local/reviews?placeid=ChIJbRmp1-B5hVQRx2UI7q9D9Yc&q=*&authuser=0&hl=en&gl=US,https://lh3.googleusercontent.com/gps-cs-s/APNQkAFb_S5wrbhdxrzwJ8PCRJP1Me03N7iv3EeysjSSLdDnW4NLHjESEbKEaiZIZgvpuquvCLSQQohPiD0qghT4C60gt1u3eiAfTJfv4FZjrhefqDdLN4Sf1IPb2iZl5mfxxdxD14QsgQ=w800-h500-k-no,"restaurant, 98221, WA, US",98221,outscraper_google_maps
GERE-a-DELI,,502 Commercial Ave,Anacortes,98221,,United States of America,48.5181512,-122.6128829,,+1 360-293-7383,Sandwich shop,restaurants,"Sandwich shop, Caterer, Coffee shop, Deli, Takeout Restaurant, Salad shop",4.8,1088.0,OPERATIONAL,"{""Friday"": [""9AM-4PM""], ""Monday"": [""Closed""], ""Saturday"": [""9AM-4PM""], ""Sunday"": [""Closed""], ""Thursday"": [""9AM-4PM""], ""Tuesday"": [""9AM-4PM""], ""Wednesday"": [""9AM-4PM""]}",0x548579e12c0ef05b:0x98afb532ba265d06,ChIJW_AOLOF5hVQRBl0mujK1r5g,https://search.google.com/local/reviews?placeid=ChIJW_AOLOF5hVQRBl0mujK1r5g&q=*&authuser=0&hl=en&gl=US,https://lh3.googleusercontent.com/gps-cs-s/APNQkAGWRJP30_rJm1qjBgqbHbF7BHqLICsMWZVJ9kdbpyD-DdztEuiFQeoKJi0fCzaRjpBZygoy3OaX01ZebuU-nK6-lgFuwCDPgsdlKDyHvq0CmPjVgdpIMa6NEpFFio4eBdubGvZC8w=w800-h500-k-no,"restaurant, 98221, WA, US",98221,outscraper_google_maps
Good Bagels Cafe,,2001 Commercial Ave,Anacortes,98221,,United States of America,48.5059792,-122.6125173,,+1 360-588-0695,Restaurant,Bagel shop,"Restaurant, Bagel shop",4.6,328.0,OPERATIONAL,"{""Friday"": [""7AM-2PM""], ""Monday"": [""7AM-2PM""], ""Saturday"": [""7AM-2PM""], ""Sunday"": [""7AM-2PM""], ""Thursday"": [""7AM-2PM""], ""Tuesday"": [""7AM-2PM""], ""Wednesday"": [""7AM-2PM""]}",0x848869a44756d9d7:0x86badc7fbbbf36ab,ChIJ19lWR6RpiIQRqza_u3_cuoY,https://search.google.com/local/reviews?placeid=ChIJ19lWR6RpiIQRqza_u3_cuoY&q=*&authuser=0&hl=en&gl=US,https://lh3.googleusercontent.com/gps-cs-s/APNQkAGQJgcgtRR2P93qAeGbk_zPugJI8yO8PhPJI2f0HKhNiVSkt5MmzUE6fYhkTdgivyGpjpTdSwUtcbovzFGoT2q80LZgWy6bfgz9-Dii17-Qcbekdvxkvtpk8c7oLsEOHZBIx3ItzA=w800-h500-k-no,"cafe, 98221, WA, US",98221,outscraper_google_maps
Guemes Island General Store,,7885 Guemes Island Rd,Anacortes,98221,,United States of America,48.5294028,-122.6241221,,+1 360-293-4548,General store,General store,General store,4.5,314.0,OPERATIONAL,"{""Friday"": [""9AM-8PM""], ""Monday"": [""9AM-8PM""], ""Saturday"": [""9AM-8PM""], ""Sunday"": [""9AM-8PM""], ""Thursday"": [""9AM-8PM""], ""Tuesday"": [""9AM-8PM""], ""Wednesday"": [""9AM-8PM""]}",0x548579d77190d817:0x3bb8618789ad173f,ChIJF9iQcdd5hVQRPxetiYdhuDs,,,"bar, 98221, WA, US",98221,outscraper_google_maps
Happy Wok Teriyaki,,1708 Commercial Ave,Anacortes,98221,,United States of America,48.5081054,-122.6131817,,+1 360-293-0300,Japanese restaurant,restaurants,"Japanese restaurant, Chinese restaurant, Korean restaurant",4.2,254.0,OPERATIONAL,"{""Friday"": [""11AM-8PM""], ""Monday"": [""11AM-8PM""], ""Saturday"": [""11AM-8PM""], ""Sunday"": [""Closed""], ""Thursday"": [""11AM-8PM""], ""Tuesday"": [""11AM-8PM""], ""Wednesday"": [""11AM-8PM""]}",0x548579f042c5b03f:0xab73c3682f4cdaa5,ChIJP7DFQvB5hVQRpdpML2jDc6s,https://search.google.com/local/reviews?placeid=ChIJP7DFQvB5hVQRpdpML2jDc6s&q=*&authuser=0&hl=en&gl=US,https://lh3.googleusercontent.com/gps-cs-s/APNQkAGBVSGvADQBdzwsjknuY1CZuc2aF3cXSfA_Et2RB300S6p1riYhmZbnKJdJxrvgcQ_uKEWuTzqagSwm_yj1e4FHhmlHoV7ac2J_XYeEOXm-bnWdTm2N1eVF8FHHXyRX9LShKgca=w800-h500-k-no,"restaurant, 98221, WA, US",98221,outscraper_google_maps
Harbin Dumplings,,1019 Q Ave,Anacortes,98221,,United States of America,48.5138367,-122.6107687,,+1 360-333-0788,Chinese restaurant,restaurants,"Chinese restaurant, Dumpling restaurant",4.8,123.0,OPERATIONAL,"{""Friday"": [""12-5PM""], ""Monday"": [""12-5PM""], ""Saturday"": [""12-5PM""], ""Sunday"": [""12-5PM""], ""Thursday"": [""12-5PM""], ""Tuesday"": [""12-5PM""], ""Wednesday"": [""Closed""]}",0x5485790db57d79fd:0x6fcc82f5e42f8ca8,ChIJ_Xl9tQ15hVQRqIwv5PWCzG8,https://search.google.com/local/reviews?placeid=ChIJ_Xl9tQ15hVQRqIwv5PWCzG8&q=*&authuser=0&hl=en&gl=US,https://lh3.googleusercontent.com/gps-cs-s/APNQkAEs7z1aTNvpQ4eGdCmrSjG4WsQZAX5rb6EbTe-z3NWZMymvWsj3Wv_pIkVSv5PDjyDVrJIuJMf1mzHUuxpVcHwA7nv0ki6rADHxTu9DJqsTC4dSaTHIIg6aL8xoV8paBcb5iqk=w800-h500-k-no,"restaurant, 98221, WA, US",98221,outscraper_google_maps
Hong Kong Garden Restaurant,,2501 Commercial Ave,Anacortes,98221,,United States of America,48.501966,-122.6123599,,+1 360-293-9595,Chinese restaurant,restaurants,"Chinese restaurant, Asian restaurant, Cantonese restaurant, Noodle shop, Seafood restaurant",4.0,323.0,OPERATIONAL,"{""Friday"": [""11AM-9:30PM""], ""Monday"": [""11AM-9PM""], ""Saturday"": [""11AM-9:30PM""], ""Sunday"": [""11AM-9PM""], ""Thursday"": [""11AM-9PM""], ""Tuesday"": [""11AM-9PM""], ""Wednesday"": [""11AM-9PM""]}",0x548579f42b55c8a9:0x15c42a4a56a4ad65,ChIJqchVK_R5hVQRZa2kVkoqxBU,https://search.google.com/local/reviews?placeid=ChIJqchVK_R5hVQRZa2kVkoqxBU&q=*&authuser=0&hl=en&gl=US,https://lh3.googleusercontent.com/gps-cs-s/APNQkAGGzxFwtwT1sypbuJfajuwJp8P7j7Ld9CBNVXqUm4srqAkGOHgeRBn60XtUJx_Ppk5KbjHREaC7BzOqc0t2GFp70BLCamFPfOBU7m-bqBBsBJc3ufc2t2ARYsWCOhOD0AkIn9yG-w=w800-h500-k-no,"restaurant, 98221, WA, US",98221,outscraper_google_maps
Island Cafe,,701 Commercial Ave,Anacortes,98221,,United States of America,48.5165495,-122.6122633,,+1 360-588-8518,Cafe,cafes,Cafe,4.2,830.0,OPERATIONAL,"{""Friday"": [""7AM-2PM""], ""Monday"": [""7AM-2PM""], ""Saturday"": [""7AM-2PM""], ""Sunday"": [""7AM-2PM""], ""Thursday"": [""7AM-2PM""], ""Tuesday"": [""7AM-2PM""], ""Wednesday"": [""7AM-2PM""]}",0x548579e6ba6fdd05:0x97b77bcda8af4ba4,ChIJBd1vuuZ5hVQRpEuvqM17t5c,https://search.google.com/local/reviews?placeid=ChIJBd1vuuZ5hVQRpEuvqM17t5c&q=*&authuser=0&hl=en&gl=US,https://lh3.googleusercontent.com/gps-cs-s/APNQkAFnZMXG86yFrjLmJto5Yeerw32Ee4fDqOtVmKgqXpX6zfsgkZV3X8voatoodKMIPB1gWf6wzPbiIs1XidyzjO1DjZTyBfvucKTPy_j_hiJOl2RdI6grqJsy6lgFqpQACPh5W5nC=w800-h500-k-no,"restaurant, 98221, WA, US",98221,outscraper_google_maps
Jack in the Box,,2820 Commercial Ave,Anacortes,98221,,United States of America,48.4990333,-122.6131846,,+1 360-299-8602,Fast food restaurant,restaurants,"Fast food restaurant, American restaurant, Breakfast restaurant, Chicken restaurant, Dessert restaurant, Hamburger restaurant, Delivery Restaurant, Mexican restaurant, Restaurant",3.3,607.0,OPERATIONAL,"{""Friday"": [""8AM-10PM""], ""Monday"": [""8AM-10PM""], ""Saturday"": [""8AM-10PM""], ""Sunday"": [""8AM-10PM""], ""Thursday"": [""8AM-10PM""], ""Tuesday"": [""8AM-10PM""], ""Wednesday"": [""8AM-10PM""]}",0x548579f57f6c12ed:0xe6c75befd8f7780,ChIJ7RJsf_V5hVQRgHeP_b51bA4,https://search.google.com/local/reviews?placeid=ChIJ7RJsf_V5hVQRgHeP_b51bA4&q=*&authuser=0&hl=en&gl=US,https://lh3.googleusercontent.com/gps-cs-s/APNQkAFK_t4pXT5v1Ko9or7OlMclQny9kfvu3Hb_HUxwbHAMUgunYXTZpS0s1Nx5SXYBOJAudw93kDZ5SCSjWYuM2SU7Mo64wSQFSaBwjTUi7qw_no5IExw9bWbPnrlGbdaSxsAhhlMVSw=w800-h500-k-no,"restaurant, 98221, WA, US",98221,outscraper_google_maps
Jimmy John's,,2101 Commercial Ave,Anacortes,98221,,United States of America,48.5051108,-122.6123892,,+1 360-299-1020,Sandwich shop,restaurants,Sandwich shop,3.8,183.0,OPERATIONAL,"{""Friday"": [""11AM-10PM""], ""Monday"": [""11AM-10PM""], ""Saturday"": [""11AM-10PM""], ""Sunday"": [""11AM-10PM""], ""Thursday"": [""11AM-10PM""], ""Tuesday"": [""11AM-10PM""], ""Wednesday"": [""11AM-10PM""]}",0x5485796216176693:0xa827569bf41a7d34,ChIJk2YXFmJ5hVQRNH0a9JtWJ6g,https://search.google.com/local/reviews?placeid=ChIJk2YXFmJ5hVQRNH0a9JtWJ6g&q=*&authuser=0&hl=en&gl=US,https://lh3.googleusercontent.com/gps-cs-s/APNQkAGYn6VZyUXStASCLpTFJRKXLwLZT8tdGQ7ThdhzrgOVc9SGK0jtF1LPg2pWYXPjn119_TI-MZBUYT1QJpih6CnIm0PCblWTmRa-sx-eFYuj8RbqRwa-Pd0LyfS-zrxWAV7X2pb9=w800-h500-k-no,"restaurant, 98221, WA, US",98221,outscraper_google_maps
Just Breakfast,,1502 Commercial Ave,Anacortes,98221,,United States of America,48.5100037,-122.6129534,,+1 360-293-4004,Restaurant,restaurants,Restaurant,4.2,37.0,OPERATIONAL,"{""Friday"": [""7-11AM""], ""Monday"": [""7-11AM""], ""Saturday"": [""7-11AM""], ""Sunday"": [""7-11AM""], ""Thursday"": [""7-11AM""], ""Tuesday"": [""7-11AM""], ""Wednesday"": [""7-11AM""]}",0x548579c3732cba75:0xea8be9527471af01,ChIJdbosc8N5hVQRAa9xdFLpi-o,https://search.google.com/local/reviews?placeid=ChIJdbosc8N5hVQRAa9xdFLpi-o&q=*&authuser=0&hl=en&gl=US,https://lh3.googleusercontent.com/gps-cs-s/APNQkAEeWf6cfB-8QXYMCHKrUHBpKongRx7uffWRT2TvQQX_n0G8Z-BQoeGJeBXe5aepKrkuz8Ea04cv5MJmpe3m_9tczgbG6Fld0wsUG2xQF0Jx3wfFgqaQkowotUtTpeoMW08PX8VZ_g_oeDQ=w800-h500-k-no,"cafe, 98221, WA, US",98221,outscraper_google_maps
Krispy Krunchy Chicken,,7601 State Rte 20,Anacortes,98221,,United States of America,48.461849,-122.5825457,,+1 360-293-8411,Chicken restaurant,restaurants,"Chicken restaurant, Fast food restaurant",3.0,2.0,OPERATIONAL,"{""Friday"": [""7AM-7PM""], ""Monday"": [""7AM-7PM""], ""Saturday"": [""7AM-7PM""], ""Sunday"": [""7AM-7PM""], ""Thursday"": [""7AM-7PM""], ""Tuesday"": [""7AM-7PM""], ""Wednesday"": [""7AM-7PM""]}",0x54857bf3a6ecfea3:0xa19902c8916985ca,ChIJo_7spvN7hVQRyoVpkcgCmaE,https://search.google.com/local/reviews?placeid=ChIJo_7spvN7hVQRyoVpkcgCmaE&q=*&authuser=0&hl=en&gl=US,https://lh3.googleusercontent.com/gps-cs-s/APNQkAEKMf4uWgR4g1pS4kju2Ap1Txw4VRH_frr1hVXY9BiUgvIpXCZzrE5BzalFXlR1UMUXeJh0p5ZzsuUcEeNaPeWwm7TQHUkp0hCxv5swabknRVlpLjsjqfHLsuypB39xDwUHq0L1V9dLA1A=w800-h500-k-no,"restaurant, 98221, WA, US",98221,outscraper_google_maps
Ladybug Espresso,,7607 State Rte 20 a,Anacortes,98221,,United States of America,48.4616035,-122.5823307,,+1 206-487-4668,Coffee stand,Coffee stand,Coffee stand,4.2,19.0,OPERATIONAL,"{""Friday"": [""4AM-8PM""], ""Monday"": [""4AM-8PM""], ""Saturday"": [""5AM-7PM""], ""Sunday"": [""6AM-7PM""], ""Thursday"": [""4AM-8PM""], ""Tuesday"": [""4AM-8PM""], ""Wednesday"": [""4AM-8PM""]}",0x54857b6c8be5b4f7:0x79d306742d9ba2db,ChIJ97Tli2x7hVQR26KbLXQG03k,https://search.google.com/local/reviews?placeid=ChIJ97Tli2x7hVQR26KbLXQG03k&q=*&authuser=0&hl=en&gl=US,https://lh3.googleusercontent.com/gps-cs-s/APNQkAFzA_sPGvtshgRYm5kFcQM3fufyNTjHn7Xkz_KZcvfKul8vBNFvFPZbOvWkR1ZcXfrm6jk_LTWkU3X9V_WLStNsHmd99qfAFadXDQk-cR2152KO8fUUSt_5K8bwccmRPhFDtnYS=w800-h500-k-no,"cafe, 98221, WA, US",98221,outscraper_google_maps
Lake Erie Coffee & Mercantile,,13260 Rosario Rd,Anacortes,98221,,United States of America,48.4491328,-122.6336049,,+1 360-293-2772,Grocery store,Grocery store,"Grocery store, Campground, Coffee shop, Ice cream shop",4.6,98.0,OPERATIONAL,,0x54857b9f9d4cfc6f:0x135c3e8b1146ea4f,ChIJb_xMnZ97hVQRT-pGEYs-XBM,https://search.google.com/local/reviews?placeid=ChIJb_xMnZ97hVQRT-pGEYs-XBM&q=*&authuser=0&hl=en&gl=US,https://lh3.googleusercontent.com/gps-cs-s/APNQkAGtwuS-rvcTIZsgiHigZ8NwT1tTSRXURRl1_AkXDA69WgUh35SFFNzpk-b1f1J5Dkzj9jcADUwS9kmt76olkoKI4bG4wthzs9gXtmochm_g7XCzrERiGRP_cj0TlAuGnhu70vJTpA=w800-h500-k-no,"restaurant, 98221, WA, US",98221,outscraper_google_maps
Lucky Chopsticks,,1407 Commercial Ave,Anacortes,98221,,United States of America,48.5106249,-122.6122291,,+1 360-588-8899,Chinese restaurant,restaurants,"Chinese restaurant, Restaurant",4.4,284.0,OPERATIONAL,"{""Friday"": [""11:30AM-8:30PM""], ""Monday"": [""Closed""], ""Saturday"": [""11:30AM-8:30PM""], ""Sunday"": [""11:30AM-8PM""], ""Thursday"": [""11:30AM-8PM""], ""Tuesday"": [""11:30AM-8PM""], ""Wednesday"": [""11:30AM-8PM""]}",0x548579e550e188e3:0x8aae32383deed05d,ChIJ44jhUOV5hVQRXdDuPTgyroo,https://search.google.com/local/reviews?placeid=ChIJ44jhUOV5hVQRXdDuPTgyroo&q=*&authuser=0&hl=en&gl=US,https://lh3.googleusercontent.com/gps-cs-s/APNQkAGHOqzOq7lbWYwKqV_Om_Dz8zNpGg6WyCLhlwt_YjjVmhV4WFTEAptalZ2VWUxcsqzFNNC4XoK2GBnf_EeTT2jpHguvkH_HIvRBsARiHz8pmcUwibpl0VlCsWORkBJt-VeC8eA6=w800-h500-k-no,"restaurant, 98221, WA, US",98221,outscraper_google_maps
MaMa Wing,,710 Commercial Ave,Anacortes,98221,,United States of America,48.5163519,-122.6128645,,+1 360-299-9828,Restaurant,restaurants,"Restaurant, Chinese restaurant, Chinese takeaway",4.7,275.0,OPERATIONAL,"{""Friday"": [""11AM-9PM""], ""Monday"": [""Closed""], ""Saturday"": [""11AM-9PM""], ""Sunday"": [""11AM-9PM""], ""Thursday"": [""11AM-9PM""], ""Tuesday"": [""11AM-9PM""], ""Wednesday"": [""11AM-9PM""]}",0x54857930caaa430d:0xd35311cad5e948d7,ChIJDUOqyjB5hVQR10jp1coRU9M,https://search.google.com/local/reviews?placeid=ChIJDUOqyjB5hVQR10jp1coRU9M&q=*&authuser=0&hl=en&gl=US,https://lh3.googleusercontent.com/gps-cs-s/APNQkAFD54pAf5zG4LcKN4PpL7VMSxe2gMvVhZtTFhOW4u3s9y9RIBlAtTecaYLQUfqYkhwDw5Y-Dseo9tsBrozJsYEmRdznLAQmw9Z9yXgnGhK-sNsjOwv4z3vrGJPGuLnjsRjY6ZVUHyedGN7f=w800-h500-k-no,"restaurant, 98221, WA, US",98221,outscraper_google_maps
Majestic Inn & Spa,,419 Commercial Ave,Anacortes,98221,,United States of America,48.5184965,-122.612189,,+1 360-299-1400,Hotel,hotels,"Hotel, Conference center, Inn, Lodge, Spa, Wedding venue",4.5,764.0,OPERATIONAL,,0x548579e12705e52f:0x9d5de961b6790b52,ChIJL-UFJ-F5hVQRUgt5tmHpXZ0,https://search.google.com/local/reviews?placeid=ChIJL-UFJ-F5hVQRUgt5tmHpXZ0&q=*&authuser=0&hl=en&gl=US,https://lh3.googleusercontent.com/gps-cs-s/APNQkAG0S8sS_K9sL6hA9ESK1C3wZlX0Md6SKB4UpUcl-zvXWjR5-1sk6Nwn5PIs4BfIxIoIRNWlDByCa1kRoh2cC8LBu0CIO0YtOBgeSBiv5b1wbggYe-AI14nDiNEwvZ0cs6z4SjzNBg=w800-h500-k-no,"restaurant, 98221, WA, US",98221,outscraper_google_maps
McDonald's,,1301 Commercial St,Anacortes,98221,,United States of America,48.5113681,-122.6122223,,+1 360-293-7807,Fast food restaurant,restaurants,"Fast food restaurant, Breakfast restaurant, Coffee shop, Hamburger restaurant, Restaurant, Sandwich shop",3.6,1141.0,OPERATIONAL,"{""Friday"": [""5AM-1AM""], ""Monday"": [""5AM-12AM""], ""Saturday"": [""5AM-1AM""], ""Sunday"": [""5AM-12AM""], ""Thursday"": [""5AM-12AM""], ""Tuesday"": [""5AM-12AM""], ""Wednesday"": [""5AM-12AM""]}",0x548579e541b5aa0d:0xfb3008fff057d292,ChIJDaq1QeV5hVQRktJX8P8IMPs,https://search.google.com/local/reviews?placeid=ChIJDaq1QeV5hVQRktJX8P8IMPs&q=*&authuser=0&hl=en&gl=US,https://lh3.googleusercontent.com/gps-cs-s/APNQkAHy4JBAgsMPkJL95rSkYWL66OO89no69aJ02VUrb5JXPldlrq1sEdLYXd17liE7_LQQEBu5_hpSez0MYQ1C6F4rAARM_OUg4h9IMxfM-Vad9cPyey2XI-uHZrbeOOo4icrqofwGYA=w800-h500-k-no,"restaurant, 98221, WA, US",98221,outscraper_google_maps
Moka Joe Coffee,,8146 S March Point Rd,Anacortes,98221,,United States of America,48.462274,-122.567447,,+1 360-588-1466,Coffee shop,coffee shops,"Coffee shop, Breakfast restaurant, Cafe, Coffee roastery, Espresso bar",4.5,483.0,OPERATIONAL,"{""Friday"": [""5:30AM-5PM""], ""Monday"": [""5:30AM-5PM""], ""Saturday"": [""8AM-2PM""], ""Sunday"": [""8AM-2PM""], ""Thursday"": [""5:30AM-5PM""], ""Tuesday"": [""5:30AM-5PM""], ""Wednesday"": [""5:30AM-5PM""]}",0x54857a8c85015679:0x284bd8625fcd6130,ChIJeVYBhYx6hVQRMGHNX2LYSyg,https://search.google.com/local/reviews?placeid=ChIJeVYBhYx6hVQRMGHNX2LYSyg&q=*&authuser=0&hl=en&gl=US,https://lh3.googleusercontent.com/gps-cs-s/APNQkAEC0RaYw2u-Z6QF8WnQ37XsQMES0TBDoeeIDmO2RQI9GiYNYnxH4LDP7_quhubkczUUI_I8L3sp36gz8yLed5oxvScxOYlX-wdMIWbPGV_K5iDd0s6UH6RRsCJ6OI0JOl7czgE=w800-h500-k-no,"restaurant, 98221, WA, US",98221,outscraper_google_maps
Naung Mai Thai Kitchen,,2216 Commercial Ave,Anacortes,98221,,United States of America,48.5040246,-122.6130236,,+1 360-588-1183,Thai restaurant,restaurants,"Thai restaurant, Asian restaurant",4.5,757.0,OPERATIONAL,"{""Friday"": [""11AM-9PM""], ""Monday"": [""11AM-9PM""], ""Saturday"": [""11AM-9PM""], ""Sunday"": [""11AM-9PM""], ""Thursday"": [""11AM-9PM""], ""Tuesday"": [""11AM-9PM""], ""Wednesday"": [""11AM-9PM""]}",0x54857a1fb901c607:0x4b856b48420a3833,ChIJB8YBuR96hVQRMzgKQkhrhUs,https://search.google.com/local/reviews?placeid=ChIJB8YBuR96hVQRMzgKQkhrhUs&q=*&authuser=0&hl=en&gl=US,https://lh3.googleusercontent.com/gps-cs-s/APNQkAHz_fneKk9sjtxkONFWVITnf2r-bw1U88_AqjNxQ9MlPoKSadEuDVyLI_zZRfA1c1jyiwVN_bGQ3SoJR5lOtYb5A0HIkm7XQfBV-J-TNecvBkY_fdJBhBUH-FT-m5sE6I7XHTh3=w800-h500-k-no,"restaurant, 98221, WA, US",98221,outscraper_google_maps
Nonna Luisa Ristorante,,314 Commercial Ave,Anacortes,98221,,United States of America,48.5194419,-122.6128263,,+1 360-899-4659,Italian restaurant,restaurants,Italian restaurant,4.8,1167.0,OPERATIONAL,"{""Friday"": [""4:30-9PM""], ""Monday"": [""Closed""], ""Saturday"": [""4:30-9PM""], ""Sunday"": [""4:30-9PM""], ""Thursday"": [""4:30-9PM""], ""Tuesday"": [""4:30-9PM""], ""Wednesday"": [""4:30-9PM""]}",0x54857909d7155f99:0x6500b5078f660917,ChIJmV8V1wl5hVQRFwlmjwe1AGU,https://search.google.com/local/reviews?placeid=ChIJmV8V1wl5hVQRFwlmjwe1AGU&q=*&authuser=0&hl=en&gl=US,https://lh3.googleusercontent.com/gps-cs-s/APNQkAEGRJgqa9ADnOWIyMZaihqrGrBFPBrPsvAUAFim9shPfhEL4XdT_2WW-J6w4mCydzlC4gsl2rMRww6BvLpSuG3CNBaBt3HW_fHCyax1OjYXjmhA1UU5KjuPq9K3CQ3Mu4HSTgolOQ=w800-h500-k-no,"restaurant, 98221, WA, US",98221,outscraper_google_maps
Old Salt's Deli & Market,,1900 Skyline Way,Anacortes,98221,,United States of America,48.4949197,-122.6849759,,+1 360-293-0618,Convenience store,Convenience store,Convenience store,4.3,34.0,OPERATIONAL,"{""Friday"": [""7AM-8PM""], ""Monday"": [""7AM-8PM""], ""Saturday"": [""8AM-8PM""], ""Sunday"": [""8AM-8PM""], ""Thursday"": [""7AM-8PM""], ""Tuesday"": [""7AM-8PM""], ""Wednesday"": [""7AM-8PM""]}",0x5485796bae38a02f:0x436bb270e7b528b5,ChIJL6A4rmt5hVQRtSi153Cya0M,https://search.google.com/local/reviews?placeid=ChIJL6A4rmt5hVQRtSi153Cya0M&q=*&authuser=0&hl=en&gl=US,https://lh3.googleusercontent.com/gps-cs-s/APNQkAGfNmdMun6huio0VkmEmf4kk4wtqQ4uQDBU0dVn7HciuW94IFiGS7x9C_0fXCNG2RIa16oUnpkOGfl4f1bRTa8ERir5JXEWYhywkRbHQc3VaeNFF9-UKC-jOaggXhdc3ICdGULF=w800-h500-k-no,"deli, 98221, WA, US",98221,outscraper_google_maps
Pacific Dream Seafoods,,116 O Ave,Anacortes,98221,,United States of America,48.5210311,-122.6144557,,+1 360-293-5200,Seafood wholesaler,Seafood wholesaler,Seafood wholesaler,4.9,34.0,OPERATIONAL,"{""Friday"": [""8AM-5PM""], ""Monday"": [""8AM-5PM""], ""Saturday"": [""Closed""], ""Sunday"": [""Closed""], ""Thursday"": [""8AM-5PM""], ""Tuesday"": [""8AM-5PM""], ""Wednesday"": [""8AM-5PM""]}",0x548579e0a22cc485:0x394e7e9741d0107c,ChIJhcQsouB5hVQRfBDQQZd-Tjk,https://search.google.com/local/reviews?placeid=ChIJhcQsouB5hVQRfBDQQZd-Tjk&q=*&authuser=0&hl=en&gl=US,https://lh3.googleusercontent.com/gps-cs-s/APNQkAG07vlHgf_-p4rdv5ENj5nBKyTw1gHOxps6BBxGIgQq8LHPN6Cok6oNy-3OSIbCAttsH8eZLBdjEvhp1FLHaSdlJTqLVf3d0M04h2bh-9vWFY8ebuM_CTn3rvTLzVJLgyyP7Oc=w800-h500-k-no,"restaurant, 98221, WA, US",98221,outscraper_google_maps
Papa Murphy's | Take 'N' Bake Pizza,,1710 Commercial Ave,Anacortes,98221,,United States of America,48.5080333,-122.6132783,,+1 360-299-2299,Pizza restaurant,restaurants,"Pizza restaurant, Family restaurant, Italian restaurant, Takeout Restaurant, Vegetarian restaurant",4.3,195.0,OPERATIONAL,"{""Friday"": [""11AM-8PM""], ""Monday"": [""11AM-8PM""], ""Saturday"": [""11AM-8PM""], ""Sunday"": [""11AM-8PM""], ""Thursday"": [""11AM-8PM""], ""Tuesday"": [""11AM-8PM""], ""Wednesday"": [""11AM-8PM""]}",0x548579f044e93987:0x51261838e486d521,ChIJhznpRPB5hVQRIdWG5DgYJlE,https://search.google.com/local/reviews?placeid=ChIJhznpRPB5hVQRIdWG5DgYJlE&q=*&authuser=0&hl=en&gl=US,https://lh3.googleusercontent.com/gps-cs-s/APNQkAEOkvkNUvVk-ciab7HQw_lMfuPe5KCXg5lpqklZ0X6ut4Yp3JdnuP9IMW-hSSH-I9DHsq1RtSjm3y3CxIZcnWTw2cSRNKTNMtIjpwVKUrBS2xKf0d38JF8s-PdJNOzceClDyuQ=w800-h500-k-no,"restaurant, 98221, WA, US",98221,outscraper_google_maps
Pelican Bay Books & Coffeehouse,,520 Commercial Ave,Anacortes,98221,,United States of America,48.5176616,-122.6128802,,+1 360-293-1852,Book store,Book store,"Book store, Bakery, Coffee shop, Rare book store, Taoist temple, Used book store",4.8,647.0,OPERATIONAL,"{""Friday"": [""8AM-6PM""], ""Monday"": [""8AM-6PM""], ""Saturday"": [""8AM-6PM""], ""Sunday"": [""Closed""], ""Thursday"": [""8AM-6PM""], ""Tuesday"": [""8AM-6PM""], ""Wednesday"": [""8AM-6PM""]}",0x548579e5d50d06b5:0x996fe086de7236ca,ChIJtQYN1eV5hVQRyjZy3obgb5k,https://search.google.com/local/reviews?placeid=ChIJtQYN1eV5hVQRyjZy3obgb5k&q=*&authuser=0&hl=en&gl=US,https://lh3.googleusercontent.com/gps-cs-s/APNQkAGb5uFO0cm5PSyFLSjR3VlciXyGwByZVWeyqIMPJ-2kOuL1l76-iq60moYGOhWcEyyUqdd6t8NWt1hDoBv6X0SgN92jicJmX9zkD3lIVobAfnIFYnX6DLGYJ09gXEr3SBiZMedL=w800-h500-k-no,"restaurant, 98221, WA, US",98221,outscraper_google_maps
Penguin Coffee LLC,,2119 Commercial Ave,Anacortes,98221,,United States of America,48.5046925,-122.61239,,+1 360-588-8321,Coffee shop,coffee shops,Coffee shop,4.6,459.0,OPERATIONAL,"{""Friday"": [""6AM-5PM""], ""Monday"": [""6AM-5PM""], ""Saturday"": [""6AM-5PM""], ""Sunday"": [""6AM-5PM""], ""Thursday"": [""6AM-5PM""], ""Tuesday"": [""6AM-5PM""], ""Wednesday"": [""6AM-5PM""]}",0x548579f134e76d3f:0xa80e100d6767bc78,ChIJP23nNPF5hVQReLxnZw0QDqg,https://search.google.com/local/reviews?placeid=ChIJP23nNPF5hVQReLxnZw0QDqg&q=*&authuser=0&hl=en&gl=US,https://lh3.googleusercontent.com/gps-cs-s/APNQkAGzTinOhMOWQ17mZwHvXpguKZKWnW3ZeyT7wlt_M0l_luObnrQ8bMvf-J9M7OhTus5W0CJG-jL6WwGmvgZ-iKRoN_hF6EuMxrTDO6jWw_0iB41LhxfQRkm-3ypySsEW6YAZTIus=w800-h500-k-no,"restaurant, 98221, WA, US",98221,outscraper_google_maps
Pizza Factory,,3219 Commercial Ave,Anacortes,98221,,United States of America,48.4958556,-122.6124658,,+1 360-293-1000,Pizza restaurant,restaurants,"Pizza restaurant, Delivery service, Family restaurant, Italian restaurant, Delivery Restaurant, Pasta shop, Pizza delivery, Pizza Takeout, Restaurant, Salad shop",4.3,588.0,OPERATIONAL,"{""Friday"": [""11AM-9PM""], ""Monday"": [""11AM-8PM""], ""Saturday"": [""11AM-9PM""], ""Sunday"": [""11AM-8PM""], ""Thursday"": [""11AM-8PM""], ""Tuesday"": [""11AM-8PM""], ""Wednesday"": [""11AM-8PM""]}",0x54857a1f79e30c9f:0x2e3ac481e82aec5e,ChIJnwzjeR96hVQRXuwq6IHEOi4,https://search.google.com/local/reviews?placeid=ChIJnwzjeR96hVQRXuwq6IHEOi4&q=*&authuser=0&hl=en&gl=US,https://lh3.googleusercontent.com/gps-cs-s/APNQkAGOsoN3TbouMtqx67ubPFMgpja1_qLbI-9UmU7eLyC8szpVh7dOvyUIftwtcjJl8gL3FevZE2iPXq2J9bNDM4lIbDU9YYRw2KIpC67LicDh43kgIigiJeBIU37VREnzRX9_EUw=w800-h500-k-no,"restaurant, 98221, WA, US",98221,outscraper_google_maps
Provisions Cafe,,2100 Ferry Terminal Rd,Anacortes,98221,,United States of America,48.5067549,-122.6784734,,,Cafe,cafes,Cafe,3.8,36.0,OPERATIONAL,"{""Friday"": [""6AM-6PM""], ""Monday"": [""6AM-6PM""], ""Saturday"": [""6AM-6PM""], ""Sunday"": [""6AM-6PM""], ""Thursday"": [""6AM-6PM""], ""Tuesday"": [""6AM-6PM""], ""Wednesday"": [""6AM-6PM""]}",0x5485790ebda6b065:0x2b52f8c737c400c5,ChIJZbCmvQ55hVQRxQDEN8f4Uis,https://search.google.com/local/reviews?placeid=ChIJZbCmvQ55hVQRxQDEN8f4Uis&q=*&authuser=0&hl=en&gl=US,https://lh3.googleusercontent.com/gps-cs-s/APNQkAHrX7_kD-3ut_Qmvhos-NIr-7yL9JfIFuS00GU1npHspDhqqkNTkS-qoDtQazIkEm4iTL5qISZsBbai1XkPVlI3i5Ylfj0DpNcn_-dvSOjq5BgP03lWC1XQI9B2Z7KRWtFIyjul=w800-h500-k-no,"restaurant, 98221, WA, US",98221,outscraper_google_maps
Rachel’s Alibi,,2120 Commercial Ave,Anacortes,98221,,United States of America,48.5046546,-122.613063,,+1 360-503-5092,Restaurant,restaurants,Restaurant,4.6,60.0,OPERATIONAL,"{""Friday"": [""11AM-10PM""], ""Monday"": [""11AM-9PM""], ""Saturday"": [""12-9PM""], ""Sunday"": [""Closed""], ""Thursday"": [""11AM-9PM""], ""Tuesday"": [""11AM-9PM""], ""Wednesday"": [""11AM-9PM""]}",0x54857916fed87f5b:0x57c9697ffa157e01,ChIJW3_Y_hZ5hVQRAX4V-n9pyVc,https://search.google.com/local/reviews?placeid=ChIJW3_Y_hZ5hVQRAX4V-n9pyVc&q=*&authuser=0&hl=en&gl=US,https://lh3.googleusercontent.com/gps-cs-s/APNQkAGwu3Zl0CguZTMaB8gY0LQ2LTGWHrMNAvWM5jqye2zjnL0m3uyz0eaZjfhkCYaGGIO3E4BQPWsb6hZOPqyoF-afFbn2wKBLq3phGqtTvngZ8-zG-GZpKRuaD4wxCWv80rYl2snVAg=w800-h500-k-no,"restaurant, 98221, WA, US",98221,outscraper_google_maps
Real Tequila Bar and Restaurant,,2302 Commercial Ave,Anacortes,98221,,United States of America,48.5035115,-122.6130145,,+1 360-299-1060,Mexican restaurant,restaurants,"Mexican restaurant, Latin American restaurant",4.3,511.0,OPERATIONAL,"{""Friday"": [""11AM-9PM""], ""Monday"": [""11AM-8:30PM""], ""Saturday"": [""11AM-9PM""], ""Sunday"": [""11AM-8:30PM""], ""Thursday"": [""11AM-8:30PM""], ""Tuesday"": [""11AM-8:30PM""], ""Wednesday"": [""11AM-8:30PM""]}",0x548579f6a4454ee3:0xe7ebc591f86833f1,ChIJ405FpPZ5hVQR8TNo-JHF6-c,https://search.google.com/local/reviews?placeid=ChIJ405FpPZ5hVQR8TNo-JHF6-c&q=*&authuser=0&hl=en&gl=US,https://lh3.googleusercontent.com/gps-cs-s/APNQkAF6xGKuy2jaYrQOHKXGg3y00lVAErpi-KRx1O69acQYzj4SG3bSoMCRtjFOSTCmsT9GTwBWMaj_9ncFHE0d1401dRHGUEhddTCInwJvWmYcBK5xKQ4GT5qtJ8KjMNFwf9oNJsE=w800-h500-k-no,"restaurant, 98221, WA, US",98221,outscraper_google_maps
Rockfish Grill & Anacortes Brewery,,320 Commercial Ave,Anacortes,98221,,United States of America,48.5192424,-122.6126711,,+1 360-588-1720,Brewpub,restaurants,"Brewpub, Bar & grill, Brewery",4.2,844.0,OPERATIONAL,"{""Friday"": [""11AM-9PM""], ""Monday"": [""11AM-8PM""], ""Saturday"": [""11AM-10PM""], ""Sunday"": [""11AM-8PM""], ""Thursday"": [""11AM-8PM""], ""Tuesday"": [""11AM-8PM""], ""Wednesday"": [""11AM-9PM""]}",0x548579e0c2e094a1:0x20fbc189862fd0a7,ChIJoZTgwuB5hVQRp9AvhonB-yA,https://search.google.com/local/reviews?placeid=ChIJoZTgwuB5hVQRp9AvhonB-yA&q=*&authuser=0&hl=en&gl=US,https://lh3.googleusercontent.com/gps-cs-s/APNQkAGHqVQnC8WjqLk-r8xlXXgCTdoySmayONlNxof79S9XSFSm-YOsrf3uvCJ6YI07QC0m5knS5_Uih6HIH7pCTD_dKFDDEhmaCAn4tWQF7k7s3xsVkGwGZ1fVfBnFH2mCHbmHy2v8=w800-h500-k-no,"restaurant, 98221, WA, US",98221,outscraper_google_maps
SUGIYO USA,,3200 T Ave,Anacortes,98221,,United States of America,48.4960694,-122.6077655,,+1 360-293-0180,Seafood wholesaler,Seafood wholesaler,Seafood wholesaler,4.6,14.0,OPERATIONAL,"{""Friday"": [""8AM-5PM""], ""Monday"": [""8AM-5PM""], ""Saturday"": [""Closed""], ""Sunday"": [""Closed""], ""Thursday"": [""8AM-5PM""], ""Tuesday"": [""8AM-5PM""], ""Wednesday"": [""8AM-5PM""]}",0x54857b3d634bc56f:0xe278db62f26ed295,ChIJb8VLYz17hVQRldJu8mLbeOI,https://search.google.com/local/reviews?placeid=ChIJb8VLYz17hVQRldJu8mLbeOI&q=*&authuser=0&hl=en&gl=US,https://lh3.googleusercontent.com/gps-cs-s/APNQkAFKY0IH0kA_nODuc7WHWTJFNmtC3MWJWPGKCPLfvF0PNihXxbYccUgipWvHpV5khyaFgVrFvmB24fFKWu61VjjB2tI02z3djPwvz-_Tu0wigkjZDeno03CBN9R7tNNOvTS_9HZ1=w800-h500-k-no,"restaurant, 98221, WA, US",98221,outscraper_google_maps
Safeway Bakery,,911 11th St,Anacortes,98221,,United States of America,48.5121495,-122.6119976,,+1 360-293-5393,Bakery,Bakery,Bakery,1.0,1.0,OPERATIONAL,"{""Friday"": [""7AM-7PM""], ""Monday"": [""7AM-7PM""], ""Saturday"": [""7AM-7PM""], ""Sunday"": [""7AM-7PM""], ""Thursday"": [""7AM-7PM""], ""Tuesday"": [""7AM-7PM""], ""Wednesday"": [""7AM-7PM""]}",0x548579e51a555555:0x76c555f0d8db25ef,ChIJVVVVGuV5hVQR7yXb2PBVxXY,https://search.google.com/local/reviews?placeid=ChIJVVVVGuV5hVQR7yXb2PBVxXY&q=*&authuser=0&hl=en&gl=US,https://streetviewpixels-pa.googleapis.com/v1/thumbnail?panoid=VnBu5WMVgvBNiICHgpZ5HA&cb_client=search.gws-prod.gps&w=800&h=500&yaw=97.75664&pitch=0&thumbfov=100,"bakery, 98221, WA, US",98221,outscraper_google_maps
Salish Inn,,907 30th St,Anacortes,98221,,United States of America,48.4977027,-122.6115189,,+1 360-299-3437,Hotel,hotels,Hotel,3.5,216.0,OPERATIONAL,,0x54857a1fc99f36eb:0xa56916270f036af,ChIJ6zafyR96hVQRrzbwcGKRVgo,https://search.google.com/local/reviews?placeid=ChIJ6zafyR96hVQRrzbwcGKRVgo&q=*&authuser=0&hl=en&gl=US,https://lh3.googleusercontent.com/gps-cs-s/APNQkAHSwqYlQb-vIlIWr6pXM89_rBRk1ABgG13sa3S4hpG4s9zECBwDCAqvECFzZooTgLefTGf3TsT3TLL9Ku8NTgJBsxtOZ0sHbrXKaIGeccitIZWUwW2IkSqEiSSk6wKORgCAoHboUw=w800-h500-k-no,"restaurant, 98221, WA, US",98221,outscraper_google_maps
SeaBear Smokehouse,,605 30th St,Anacortes,98221,,United States of America,48.4978173,-122.6070278,,+1 800-645-3474,Gourmet grocery store,Gourmet grocery store,"Gourmet grocery store, Fish store, Gift basket store, Gift shop, Seafood market, Seafood wholesaler",4.4,149.0,OPERATIONAL,"{""Friday"": [""10AM-5PM""], ""Monday"": [""10AM-5PM""], ""Saturday"": [""10AM-3PM""], ""Sunday"": [""Closed""], ""Thursday"": [""10AM-5PM""], ""Tuesday"": [""10AM-5PM""], ""Wednesday"": [""10AM-5PM""]}",0x54857a1e8e83a3f1:0x61e2e5f3c7068103,ChIJ8aODjh56hVQRA4EGx_Pl4mE,https://search.google.com/local/reviews?placeid=ChIJ8aODjh56hVQRA4EGx_Pl4mE&q=*&authuser=0&hl=en&gl=US,https://lh3.googleusercontent.com/gps-cs-s/APNQkAEFFL0_WQTY99UlActQEn2kzEBssD2qebBUiNNQsEtDs_DizsJVohuVR75oYSjmBgBRbg0euZZR1qnwPJU4O7gHSPvZS4xk4yZeGCv0pkEl4F0_HT0xNMCYM0mnWB_qMSAMU_bC-Q=w800-h500-k-no,"restaurant, 98221, WA, US",98221,outscraper_google_maps
Ship Harbor Inn,,5316 Ferry Terminal Rd,Anacortes,98221,,United States of America,48.5002778,-122.6752778,,+1 360-293-5177,Hotel,hotels,Hotel,4.1,524.0,OPERATIONAL,,0x54857972b8c4e5ab:0xa9fa1d7111c23a35,ChIJq-XEuHJ5hVQRNTrCEXEd-qk,https://search.google.com/local/reviews?placeid=ChIJq-XEuHJ5hVQRNTrCEXEd-qk&q=*&authuser=0&hl=en&gl=US,https://lh3.googleusercontent.com/gps-cs-s/APNQkAGLvos8Vt7O503waf-kYvHx-AB0VyiNw7bAsrg-N15cGGZmy-zFASDf_3OXaMlSwYRDcMo66JmYAnHyg6DPgtzVkZ0nrBoaubWscM_-Z-wIW2e20KNi6U-RocsIaLnr9EZyTTT6=w800-h500-k-no,"restaurant, 98221, WA, US",98221,outscraper_google_maps
Skagit River Bakery & Cafe,,808 Commercial Ave,Anacortes,98221,,United States of America,48.5155984,-122.6127199,,+1 360-336-3900,Bakery,Bakery,Bakery,4.7,40.0,OPERATIONAL,"{""Friday"": [""10:30AM-3PM""], ""Monday"": [""Closed""], ""Saturday"": [""Closed""], ""Sunday"": [""Closed""], ""Thursday"": [""Closed""], ""Tuesday"": [""Closed""], ""Wednesday"": [""10:30AM-3PM""]}",0x548579e4211b0d6b:0x69478de91621af8c,ChIJaw0bIeR5hVQRjK8hFumNR2k,https://search.google.com/local/reviews?placeid=ChIJaw0bIeR5hVQRjK8hFumNR2k&q=*&authuser=0&hl=en&gl=US,https://lh3.googleusercontent.com/gps-cs-s/APNQkAFo_P0wMg61rQlMmJsvjFRMflSVgDH-3aSJzO98NzI2_Pr8CvRTgeGDJP12-wPoB4WQXn_oSxTqn-4QVcVGcMWNVnEuLevUl4_jP7TvESQcCeuisf6d9wRL8U7q8z6_UMrr3tk=w800-h500-k-no,"restaurant, 98221, WA, US",98221,outscraper_google_maps
Starbucks Coffee Company,,911 11th St,Anacortes,98221,,United States of America,48.5123246,-122.6117318,,+1 360-293-5393,Coffee shop,coffee shops,"Coffee shop, Cafe, Coffee store, Espresso bar",3.7,98.0,OPERATIONAL,"{""Friday"": [""6AM-7PM""], ""Monday"": [""6AM-7PM""], ""Saturday"": [""6AM-7PM""], ""Sunday"": [""6AM-7PM""], ""Thursday"": [""6AM-7PM""], ""Tuesday"": [""6AM-7PM""], ""Wednesday"": [""6AM-7PM""]}",0x548579e50504bff3:0x87539a5f2d971573,ChIJ878EBeV5hVQRcxWXLV-aU4c,https://search.google.com/local/reviews?placeid=ChIJ878EBeV5hVQRcxWXLV-aU4c&q=*&authuser=0&hl=en&gl=US,https://lh3.googleusercontent.com/gps-cs-s/APNQkAGKekTbbpU7ppNtqEYgoUOxpNcwuKHRRbFitd3Zyf-oyaE5FTVMwHTF7rNRhtrYn3Uevwm74-HnuEY-g6LcZRAOIB67IpnIA_JmG3RFivY14osVlBL45g1sCYboE4fzzTnr0Bw_=w800-h500-k-no,"restaurant, 98221, WA, US",98221,outscraper_google_maps
Starbucks Coffee Company,,"Fidalgo Square, 1720 Commercial Ave",Anacortes,98221,,United States of America,48.50802,-122.6133001,,+1 360-588-8801,Coffee shop,coffee shops,"Coffee shop, Breakfast restaurant, Cafe, Coffee store, Espresso bar, Internet cafe",4.3,615.0,OPERATIONAL,"{""Friday"": [""4:30AM-8PM""], ""Monday"": [""4:30AM-8PM""], ""Saturday"": [""5AM-8PM""], ""Sunday"": [""5AM-8PM""], ""Thursday"": [""4:30AM-8PM""], ""Tuesday"": [""4:30AM-8PM""], ""Wednesday"": [""4:30AM-8PM""]}",0x548579f00c4b0245:0x5839edba9c47fd55,ChIJRQJLDPB5hVQRVf1HnLrtOVg,https://search.google.com/local/reviews?placeid=ChIJRQJLDPB5hVQRVf1HnLrtOVg&q=*&authuser=0&hl=en&gl=US,https://lh3.googleusercontent.com/gps-cs-s/APNQkAFagAYEVOd6V1fxY6TRAHRRgk6Fu9jv8M-xAOn1fq4P6dYi8DrBGp5BMYUL5yi66fBQz04EhINc62wgn7HENNGDXTGRBarY9VLicmE_7TqMcB2kMrnSWbUl0aLk4HX70kgeO5guvw=w800-h500-k-no,"cafe, 98221, WA, US",98221,outscraper_google_maps
Strawberry Bay Coffee & Roasting,,801 21st St,Anacortes,98221,,United States of America,48.5050227,-122.6100471,,,Coffee shop,coffee shops,"Coffee shop, Breakfast restaurant, Store",4.6,272.0,OPERATIONAL,"{""Friday"": [""5AM-4PM""], ""Monday"": [""5AM-4PM""], ""Saturday"": [""6:30AM-4PM""], ""Sunday"": [""7AM-4PM""], ""Thursday"": [""5AM-4PM""], ""Tuesday"": [""5AM-4PM""], ""Wednesday"": [""5AM-4PM""]}",0x548579f732f68a09:0x8056b0905c79796a,ChIJCYr2Mvd5hVQRanl5XJCwVoA,https://search.google.com/local/reviews?placeid=ChIJCYr2Mvd5hVQRanl5XJCwVoA&q=*&authuser=0&hl=en&gl=US,https://lh3.googleusercontent.com/gps-cs-s/APNQkAEjjxxLW_gnok3FO0OhH6A-7F7fUoVopnan5GjgZLlJ1OVx6yI4IOsN4JQoPQ2yPo3OznDLSY6MiQR8SqVT2IvrxLJXZy-I5ZSTe-HvTm-yGnAkN5MLWngkJ-RphXZFUQ_sfNJfag=w800-h500-k-no,"restaurant, 98221, WA, US",98221,outscraper_google_maps
Subway,,1518 Commercial Ave,Anacortes,98221,,United States of America,48.5096413,-122.61304,,+1 360-293-0461,Sandwich shop,restaurants,"Sandwich shop, Caterer, Fast food restaurant, Takeout Restaurant, Restaurant",4.0,270.0,OPERATIONAL,"{""Friday"": [""7AM-10PM""], ""Monday"": [""7AM-10PM""], ""Saturday"": [""8AM-10PM""], ""Sunday"": [""9AM-9PM""], ""Thursday"": [""7AM-10PM""], ""Tuesday"": [""7AM-10PM""], ""Wednesday"": [""7AM-10PM""]}",0x548579f0044a9def:0x1de803e04253d4d5,ChIJ751KBPB5hVQR1dRTQuAD6B0,https://search.google.com/local/reviews?placeid=ChIJ751KBPB5hVQR1dRTQuAD6B0&q=*&authuser=0&hl=en&gl=US,https://lh3.googleusercontent.com/gps-cs-s/APNQkAGFXuAk8Q7QJXYcgXlb6mGQICSMs7gJA9kxkdr8E0Rp7RNB-cuG6elPIMVNRB-Qq52rDQsnrhKU0kUmwo-4rTNF9xbi2MT6_BWuBCvylXqLTJmycCPiOCLNwO4R-L5_2hMP_A5d=w800-h500-k-no,"restaurant, 98221, WA, US",98221,outscraper_google_maps
Sweet Corner,,2403 Commercial Ave A,Anacortes,98221,,United States of America,48.5026887,-122.6124231,,+1 360-899-4128,Bubble tea store,Bubble tea store,"Bubble tea store, Cafe, Coffee shop, Ice cream shop, Tea store",4.9,80.0,OPERATIONAL,"{""Friday"": [""10AM-8PM""], ""Monday"": [""10AM-8PM""], ""Saturday"": [""10AM-8PM""], ""Sunday"": [""10AM-8PM""], ""Thursday"": [""10AM-8PM""], ""Tuesday"": [""10AM-8PM""], ""Wednesday"": [""10AM-8PM""]}",0x54857952927381af:0xe85b260fb3bc65fc,ChIJr4FzklJ5hVQR_GW8sw8mW-g,https://search.google.com/local/reviews?placeid=ChIJr4FzklJ5hVQR_GW8sw8mW-g&q=*&authuser=0&hl=en&gl=US,https://lh3.googleusercontent.com/gps-cs-s/APNQkAGkES3jXkDXI5uKWoIL8f9NuQ5vlaCqS2J_X10Wy9KiARgwx-AtF3E_FBEWbUFy-4_DSZerWjypb-5gWZ65BADae3aWzLKrfV9P2u3ZuM6ia_TkkphklCWK1uzYdSfRLIBabrCQJE_nxYU=w800-h500-k-no,"restaurant, 98221, WA, US",98221,outscraper_google_maps
Swin Pizzeria,,12885 Casino Dr,Anacortes,98221,,United States of America,48.4580851,-122.5196672,,+1 888-288-8883,Pizza restaurant,restaurants,Pizza restaurant,3.5,10.0,OPERATIONAL,"{""Friday"": [""11AM-12AM""], ""Monday"": [""4-10PM""], ""Saturday"": [""11AM-12AM""], ""Sunday"": [""11AM-10PM""], ""Thursday"": [""11AM-10PM""], ""Tuesday"": [""11AM-10PM""], ""Wednesday"": [""11AM-10PM""]}",0x54857141f53dd2c3:0x3aded08e299e6818,ChIJw9I99UFxhVQRGGieKY7Q3jo,https://search.google.com/local/reviews?placeid=ChIJw9I99UFxhVQRGGieKY7Q3jo&q=*&authuser=0&hl=en&gl=US,https://lh3.googleusercontent.com/gps-cs-s/APNQkAGUX0BAu0wue4QJP8HiEg0A2JxJOJZqx4vmphLHI19mDyLOoreLQwvRBm2xl1vRozs3F0dP5IO4NwQXfpba3MA45lJFu2MqG6DgxCqZrixq1WEKifeD_jOOjCPwUpe1yIdWMyPIGhKfTeq-=w800-h500-k-no,"pizza restaurant, 98221, WA, US",98221,outscraper_google_maps
Swinomish Sports Bar & Grill,,12885 Casino Dr,Anacortes,98221,,United States of America,48.4581002,-122.5199778,,+1 360-588-3600,Sports bar,bars,Sports bar,3.9,37.0,OPERATIONAL,"{""Friday"": [""4PM-12AM""], ""Monday"": [""4-10PM""], ""Saturday"": [""11AM-1AM""], ""Sunday"": [""11AM-10PM""], ""Thursday"": [""4-10PM""], ""Tuesday"": [""4-10PM""], ""Wednesday"": [""4-10PM""]}",0x5485700ba5973a23:0x763baa68681981de,ChIJIzqXpQtwhVQR3oEZaGiqO3Y,,,"bar, 98221, WA, US",98221,outscraper_google_maps
Taco Truck,,8608 S March Point Rd,Anacortes,98221,,United States of America,48.4602803,-122.5595432,,,Food and beverage consultant,Food and beverage consultant,Food and beverage consultant,4.0,4.0,OPERATIONAL,,0x54857b0006f98f39:0x751bc7fefa174212,ChIJOY_5BgB7hVQREkIX-v7HG3U,https://search.google.com/local/reviews?placeid=ChIJOY_5BgB7hVQREkIX-v7HG3U&q=*&authuser=0&hl=en&gl=US,https://streetviewpixels-pa.googleapis.com/v1/thumbnail?panoid=mi2gqAwF8FU24vMxw1CrRg&cb_client=search.gws-prod.gps&w=800&h=500&yaw=5.6100335&pitch=0&thumbfov=100,"food truck, 98221, WA, US",98221,outscraper_google_maps
Taqueria MIS 5 ESTRELLAS,,1010 14th St,Anacortes,98221,,United States of America,48.5111918,-122.6134159,,+1 360-299-3894,Mexican restaurant,restaurants,Mexican restaurant,4.6,281.0,OPERATIONAL,"{""Friday"": [""10AM-8PM""], ""Monday"": [""10AM-8PM""], ""Saturday"": [""10AM-8PM""], ""Sunday"": [""10AM-8PM""], ""Thursday"": [""10AM-8PM""], ""Tuesday"": [""10AM-8PM""], ""Wednesday"": [""10AM-8PM""]}",0x548579d5cdceee17:0x88eb988ae8deb433,ChIJF-7OzdV5hVQRM7Te6IqY64g,https://search.google.com/local/reviews?placeid=ChIJF-7OzdV5hVQRM7Te6IqY64g&q=*&authuser=0&hl=en&gl=US,https://lh3.googleusercontent.com/gps-cs-s/APNQkAE-luvlPPjXfUib6jw4OiDcvHx7Nm-RzpNPAv9vubcK4fn0oAnmrDm4QU3hrB7e-XXPawP36w6zjoMLRH6wbxITlSVpwqNwh7RRYCstp48r3OELtv26oelXE4xyyG2KJla7VhwK8Q=w800-h500-k-no,"mexican restaurant, 98221, WA, US",98221,outscraper_google_maps
Tasha Lee's Table,,818 Commercial Ave,Anacortes,98221,,United States of America,48.5152483,-122.6128992,,+1 360-298-8203,Restaurant,restaurants,Restaurant,4.8,310.0,OPERATIONAL,"{""Friday"": [""8AM-9PM""], ""Monday"": [""8AM-8PM""], ""Saturday"": [""8AM-9PM""], ""Sunday"": [""8AM-8PM""], ""Thursday"": [""8AM-8PM""], ""Tuesday"": [""8AM-8PM""], ""Wednesday"": [""Closed""]}",0x548579b3aa82e4e5:0x14ef7b63cc02cd7f,ChIJ5eSCqrN5hVQRf80CzGN77xQ,https://search.google.com/local/reviews?placeid=ChIJ5eSCqrN5hVQRf80CzGN77xQ&q=*&authuser=0&hl=en&gl=US,https://lh3.googleusercontent.com/gps-cs-s/APNQkAFImDhA4uqkks8veYvu1VNGMIB4yX70AwKYaMMFQZ5pnBEqoXbzxgXnPx630bwYnL02W5zgvUuWEHYhRnXjKdXhHmgEWHYrm4hQXhxzgCCbq6PgkX6H45XsEfbey6KFcGhQsbgwM1v7fb_V=w800-h500-k-no,"restaurant, 98221, WA, US",98221,outscraper_google_maps
Teriyaki Time,,910 11th St,Anacortes,98221,,United States of America,48.5136509,-122.611369,,+1 360-588-8025,Japanese restaurant,restaurants,Japanese restaurant,4.3,484.0,OPERATIONAL,"{""Friday"": [""11AM-9PM""], ""Monday"": [""11AM-9PM""], ""Saturday"": [""11AM-9PM""], ""Sunday"": [""Closed""], ""Thursday"": [""11AM-9PM""], ""Tuesday"": [""11AM-9PM""], ""Wednesday"": [""11AM-9PM""]}",0x548579e4572d1cd1:0xe18df8eb198d71ab,ChIJ0RwtV-R5hVQRq3GNGev4jeE,https://search.google.com/local/reviews?placeid=ChIJ0RwtV-R5hVQRq3GNGev4jeE&q=*&authuser=0&hl=en&gl=US,https://lh3.googleusercontent.com/gps-cs-s/APNQkAF781MQUwLLMQNRLEmm_MpNOFfdFUUhSjEXonlh9boxqM70Wf2TaanSWzMWLyDjaDZmVIAMzyIZteURPYyVTCd5KnEeYDlQIBKAqNgMnZE_nXtmWGUMdSmwWtsFdT_1BU2GoKzeiw=w800-h500-k-no,"restaurant, 98221, WA, US",98221,outscraper_google_maps
The Belle,,1816 Commercial Ave,Anacortes,98221,,United States of America,48.5071762,-122.6129633,,,Restaurant,restaurants,"Restaurant, Bar",4.4,34.0,OPERATIONAL,"{""Friday"": [""4-8PM""], ""Monday"": [""Closed""], ""Saturday"": [""12-8PM""], ""Sunday"": [""12-8PM""], ""Thursday"": [""Closed""], ""Tuesday"": [""4-8PM""], ""Wednesday"": [""4-8PM""]}",0x5485792cec241da3:0x60ab97a1e9c444da,ChIJox0k7Cx5hVQR2kTE6aGXq2A,https://search.google.com/local/reviews?placeid=ChIJox0k7Cx5hVQR2kTE6aGXq2A&q=*&authuser=0&hl=en&gl=US,https://lh3.googleusercontent.com/gps-cs-s/APNQkAHTSOkYqYkQgobAln-9tvXtZvR_lxTTJEkZF2ZziDXRtGMC_Whz5xiI7yv-H_S2lFgGltb-Gqneo34qwSaqNpHjBjbbBYN4P4Hwy2vm43dVlCyxBUdpnPGW8pLhfEuxjK_v3e8nd74GkgJG=w800-h500-k-no,"restaurant, 98221, WA, US",98221,outscraper_google_maps
The Coffee Point,,12940 Casino Dr,Anacortes,98221,,United States of America,48.4560064,-122.5181593,,+1 360-466-7358,Coffee shop,coffee shops,Coffee shop,4.2,88.0,OPERATIONAL,"{""Friday"": [""6AM-9PM""], ""Monday"": [""6AM-9PM""], ""Saturday"": [""6AM-9PM""], ""Sunday"": [""6AM-9PM""], ""Thursday"": [""6AM-9PM""], ""Tuesday"": [""6AM-9PM""], ""Wednesday"": [""6AM-9PM""]}",0x54857117b726ddcf:0x847abd319a6435d6,ChIJz90mtxdxhVQR1jVkmjG9eoQ,https://search.google.com/local/reviews?placeid=ChIJz90mtxdxhVQR1jVkmjG9eoQ&q=*&authuser=0&hl=en&gl=US,https://lh3.googleusercontent.com/gps-cs-s/APNQkAHUVmA9UvPwI0jMuzcuRsFgSiEQvP25yQx22KhwqeY2a6FYocNVpvp2ifigSywPSz7R6R901nU8LNp5Yy3Ouy2RjicC9ftUGIHv6d0Mfikvd8X1Y0F9FgR0y4xt0MskUdLqgdRa=w800-h500-k-no,"cafe, 98221, WA, US",98221,outscraper_google_maps
The Corner Bar & Grill,,7601 State Rte 20,Anacortes,98221,,United States of America,48.4617967,-122.5826237,,+1 360-293-8411,Restaurant,restaurants,"Restaurant, Bar",4.2,500.0,OPERATIONAL,"{""Friday"": [""10:30AM-10PM""], ""Monday"": [""10:30AM-9PM""], ""Saturday"": [""10:30AM-10PM""], ""Sunday"": [""10:30AM-9PM""], ""Thursday"": [""10:30AM-10PM""], ""Tuesday"": [""Closed""], ""Wednesday"": [""10:30AM-9PM""]}",0x54857af643736351:0xad86c60b6f6807b6,ChIJUWNzQ_Z6hVQRtgdobwvGhq0,https://search.google.com/local/reviews?placeid=ChIJUWNzQ_Z6hVQRtgdobwvGhq0&q=*&authuser=0&hl=en&gl=US,https://lh3.googleusercontent.com/gps-cs-s/APNQkAH5ndJVzivteM4BTQV99JtBzuiNDfyxw9RNgVcYI0ccxA50IthR8UVEyKm5kY1EDemgNaI7jCn2v7FT9PGbI769ufJbQef3FFjBxkO4aEBVkIKPosmaRLy8g-r7tEZ_d9VP2Cl3=w800-h500-k-no,"restaurant, 98221, WA, US",98221,outscraper_google_maps
The Market at Anacortes,,1519 Commercial Ave #2234,Anacortes,98221,,United States of America,48.5091896,-122.6120376,,+1 360-588-8181,Bakery,Grocery store,"Bakery, Grocery store, Beer store, Deli, Donut shop, Liquor store, Market, Produce market, Supermarket, Wine store",4.3,915.0,OPERATIONAL,"{""Friday"": [""7AM-10PM""], ""Monday"": [""7AM-10PM""], ""Saturday"": [""7AM-10PM""], ""Sunday"": [""7AM-10PM""], ""Thursday"": [""7AM-10PM""], ""Tuesday"": [""7AM-10PM""], ""Wednesday"": [""7AM-10PM""]}",0x548579f00c64f917:0x2955d5e78ebc7d44,ChIJF_lkDPB5hVQRRH28jufVVSk,https://search.google.com/local/reviews?placeid=ChIJF_lkDPB5hVQRRH28jufVVSk&q=*&authuser=0&hl=en&gl=US,https://lh3.googleusercontent.com/gps-cs-s/APNQkAEbVEShAN8QStfu5IcaQEYQ7JDVmFm5KmLQVvUrehZAkVhuIAEb3MrprlPulQxb43IRXA17vb83BuxdhK2264pKWo4M1lUESg0Hk6Bbfj6_yrWnO1QshQF_cW3CzGLTRk2pKg3F=w800-h500-k-no,"bakery, 98221, WA, US",98221,outscraper_google_maps
The Shrimp Shack,,6168 State Rte 20,Anacortes,98221,,United States of America,48.4289662,-122.6076989,,+1 360-293-2531,Seafood restaurant,restaurants,"Seafood restaurant, Restaurant",4.2,3016.0,OPERATIONAL,"{""Friday"": [""11AM-6PM""], ""Monday"": [""11AM-6PM""], ""Saturday"": [""11AM-6PM""], ""Sunday"": [""11AM-6PM""], ""Thursday"": [""11AM-6PM""], ""Tuesday"": [""11AM-6PM""], ""Wednesday"": [""11AM-6PM""]}",0x5485633447fe462f:0xfd01033de4e978b5,ChIJL0b-RzRjhVQRtXjp5D0DAf0,https://search.google.com/local/reviews?placeid=ChIJL0b-RzRjhVQRtXjp5D0DAf0&q=*&authuser=0&hl=en&gl=US,https://lh3.googleusercontent.com/gps-cs-s/APNQkAFgAG0jBrjRrknxxllNUVVBaoTurRFrpIGF8kjyZSHS-4H0kOorFLLJOIdM3RYGvLnl35_XCb5uul83riIetyj_Xnp_QEY4tv8-sDYHwz-xI0cYMi1WIJ7rGHs8YKg7oLO6b6s=w800-h500-k-no,"cafe, 98221, WA, US",98221,outscraper_google_maps
The Store,,919 37th St,Anacortes,98221,,United States of America,48.492272,-122.6126516,,+1 360-293-2851,Restaurant,Grocery store,"Restaurant, Bakery, Coffee shop, Convenience store, Deli, Grocery store",4.8,236.0,OPERATIONAL,"{""Friday"": [""7AM-8PM""], ""Monday"": [""7AM-8PM""], ""Saturday"": [""7AM-8PM""], ""Sunday"": [""7AM-8PM""], ""Thursday"": [""7AM-8PM""], ""Tuesday"": [""7AM-8PM""], ""Wednesday"": [""7AM-8PM""]}",0x54857a2239c7532f:0xbb0cae299fd106bb,ChIJL1PHOSJ6hVQRuwbRnymuDLs,https://search.google.com/local/reviews?placeid=ChIJL1PHOSJ6hVQRuwbRnymuDLs&q=*&authuser=0&hl=en&gl=US,https://lh3.googleusercontent.com/gps-cs-s/APNQkAHxR_-nbKpAPq3lDBbPl4gFVyuUs-eCyRHwzQ10JFPMEC6qKOUtg0InjJBX1JxhA2VjZ7zR-FMBV_D69P2NPeer-IQHjAt9xwuSqlFGwDsszrkThgRmN8mDlZEmkOIas0gHRwdHGQ=w800-h500-k-no,"restaurant, 98221, WA, US",98221,outscraper_google_maps
"Tin House ""Thai Street Food""",,3015 Commercial Ave Suite C,Anacortes,98221,,United States of America,48.4973824,-122.6124602,,+1 360-755-3338,Thai restaurant,restaurants,"Thai restaurant, Asian restaurant, Lunch restaurant, Takeout Restaurant",4.5,238.0,OPERATIONAL,"{""Friday"": [""11AM-9PM""], ""Monday"": [""11AM-9PM""], ""Saturday"": [""11AM-9PM""], ""Sunday"": [""11AM-9PM""], ""Thursday"": [""11AM-9PM""], ""Tuesday"": [""11AM-9PM""], ""Wednesday"": [""11AM-9PM""]}",0x54857bf9e584605f:0xf97ebe8908c23c13,ChIJX2CE5fl7hVQREzzCCIm-fvk,https://search.google.com/local/reviews?placeid=ChIJX2CE5fl7hVQREzzCCIm-fvk&q=*&authuser=0&hl=en&gl=US,https://lh3.googleusercontent.com/gps-cs-s/APNQkAFmdxCI53osBH_FVVB9PBUAv8ScvKLhggDfY-z0OUcMauKhPUv_CHfMrZsT2HTKb1zrJ9avrZKexpMz9Nxz4wE9jo2iJR-3dhC0VKFWsYCgtL8A601bcc07bwQuPJiXqzMF2pZbyw=w800-h500-k-no,"restaurant, 98221, WA, US",98221,outscraper_google_maps
True North Bakery,,2119 Commercial Ave,Anacortes,98221,,United States of America,48.5046549,-122.6124196,,+1 425-501-8882,,,,,,OPERATIONAL,,0x548579f134b7c915:0x93d95d37215e3e66,ChIJFcm3NPF5hVQRZj5eITdd2ZM,,https://streetviewpixels-pa.googleapis.com/v1/thumbnail?panoid=3CdQRHJHR_qTQjvREjbVnw&cb_client=search.gws-prod.gps&w=800&h=500&yaw=103.738495&pitch=0&thumbfov=100,"bakery, 98221, WA, US",98221,outscraper_google_maps
UNNI's,,1019 Q Ave #1,Anacortes,98221,,United States of America,48.5134503,-122.6106742,,+1 360-682-7986,Indian restaurant,restaurants,"Indian restaurant, Caterer, Cooking class, Kerala restaurant, Personal chef service",4.8,108.0,OPERATIONAL,"{""Friday"": [""Closed""], ""Monday"": [""Closed""], ""Saturday"": [""Closed""], ""Sunday"": [""Closed""], ""Thursday"": [""Closed""], ""Tuesday"": [""Closed""], ""Wednesday"": [""Closed""]}",0x548f8b9691edc00d:0x47a333af5e774f71,ChIJDcDtkZaLj1QRcU93Xq8zo0c,https://search.google.com/local/reviews?placeid=ChIJDcDtkZaLj1QRcU93Xq8zo0c&q=*&authuser=0&hl=en&gl=US,https://lh3.googleusercontent.com/gps-cs-s/APNQkAFYjGDv2Aw-16fV-dYWktnUAqIWrgVj9N2ov1tvVDr6EIByYKdhMn0OhWP2bbUGmrkJE6S3slBjMWKa89-B_pW3F7aG1vJp9y4OosX-1AxJ86qgqQzgEzA-mMoGrb4GeD-lH6r6Gu8pZhdG=w800-h500-k-no,"restaurant, 98221, WA, US",98221,outscraper_google_maps
Union Tavern - Local 902,,902 Commercial Ave,Anacortes,98221,,United States of America,48.5149098,-122.612751,,+1 360-873-8245,Bar,bars,"Bar, American restaurant",4.5,616.0,OPERATIONAL,"{""Friday"": [""11AM-12AM""], ""Monday"": [""11AM-10PM""], ""Saturday"": [""11AM-12AM""], ""Sunday"": [""11AM-10PM""], ""Thursday"": [""11AM-10PM""], ""Tuesday"": [""11AM-10PM""], ""Wednesday"": [""11AM-10PM""]}",0x548579e431cbd40d:0x25631dcbb1217227,ChIJDdTLMeR5hVQRJ3IhscsdYyU,https://search.google.com/local/reviews?placeid=ChIJDdTLMeR5hVQRJ3IhscsdYyU&q=*&authuser=0&hl=en&gl=US,https://lh3.googleusercontent.com/gps-cs-s/APNQkAEVdh0J2NfTZu6y3tfEzRBqiUH4AGgMyazHjjDCkXcwWCWuhp5m5vTrwjdSqjW-jQVp2XJs_XjKpVkz0Lfire498EuYPu_986MEFG_LCQ2sjMb9AOWNKPGavnw4w8rklM9TGE-k=w800-h500-k-no,"restaurant, 98221, WA, US",98221,outscraper_google_maps
Union Wine Co,,913 6th St,Anacortes,98221,,United States of America,48.517327,-122.6118036,,+1 360-588-9842,Wine bar,bars,Wine bar,5.0,9.0,OPERATIONAL,"{""Friday"": [""2-9PM""], ""Monday"": [""2-9PM""], ""Saturday"": [""2-9PM""], ""Sunday"": [""12-7PM""], ""Thursday"": [""2-9PM""], ""Tuesday"": [""2-9PM""], ""Wednesday"": [""Closed""]}",0x548579f23802a935:0x5d04bbb433d40854,ChIJNakCOPJ5hVQRVAjUM7S7BF0,https://search.google.com/local/reviews?placeid=ChIJNakCOPJ5hVQRVAjUM7S7BF0&q=*&authuser=0&hl=en&gl=US,https://lh3.googleusercontent.com/gps-cs-s/APNQkAHeCy4eSvHEnbJSwlg8-V5DMyObsnV5za6mIAFrqnL1VSC-R86d_TggaamTDf2ep659FbHLvks3AdEq6b4wieApcnso4CxHClqqs0-R09t9GfjrUo6nZVObdcTDivIS-lhG0cdvnrXq7JGJ=w800-h500-k-no,"bar, 98221, WA, US",98221,outscraper_google_maps
Village Pizza,,807 Commercial Ave,Anacortes,98221,,United States of America,48.5156058,-122.6123343,,+1 360-293-7847,Pizza restaurant,restaurants,"Pizza restaurant, Italian restaurant",4.5,993.0,OPERATIONAL,"{""Friday"": [""11AM-9PM""], ""Monday"": [""Closed""], ""Saturday"": [""11AM-9PM""], ""Sunday"": [""11AM-8PM""], ""Thursday"": [""11AM-9PM""], ""Tuesday"": [""Closed""], ""Wednesday"": [""11AM-9PM""]}",0x548579e421a2a353:0x90b3032d9f2a3aa7,ChIJU6OiIeR5hVQRpzoqny0Ds5A,https://search.google.com/local/reviews?placeid=ChIJU6OiIeR5hVQRpzoqny0Ds5A&q=*&authuser=0&hl=en&gl=US,https://lh3.googleusercontent.com/gps-cs-s/APNQkAGY-jSimtCzLqJGf-QlhknssR3mHRiXPAeEoTdhd1BtZXjCUaN7aIiEqmhINYLWYhFg35lRJ9rQS2dhKSCgdu7fyAwmcejNANjqOuPb5p2_sg9kkdUPlQpva3CxzuIGt1818mV1=w800-h500-k-no,"restaurant, 98221, WA, US",98221,outscraper_google_maps
Whidbey Coffee,,1120 Commercial Ave,Anacortes,98221,,United States of America,48.5128715,-122.6128351,,+1 360-230-1339,Cafe,cafes,Cafe,4.5,171.0,OPERATIONAL,"{""Friday"": [""5:30AM-5PM""], ""Monday"": [""5:30AM-5PM""], ""Saturday"": [""6AM-5PM""], ""Sunday"": [""7AM-5PM""], ""Thursday"": [""5:30AM-5PM""], ""Tuesday"": [""5:30AM-5PM""], ""Wednesday"": [""5:30AM-5PM""]}",0x548579e5a0ac26bd:0x6b6ddaa24f3d9a55,ChIJvSasoOV5hVQRVZo9T6LabWs,https://search.google.com/local/reviews?placeid=ChIJvSasoOV5hVQRVZo9T6LabWs&q=*&authuser=0&hl=en&gl=US,https://lh3.googleusercontent.com/gps-cs-s/APNQkAG1Yq7KVPK_eaT-u45bvyGi-09N_oAf84zciBfX8qa6hjLF9Ev9wS_3gDOHN4tTGfDLjP21G2vLm46Zlp_YjLUPkywx0JnPoNDTOjmeJVBt11AnY0NJ4mvpcOeBtn1MdZERZFHR=w800-h500-k-no,"restaurant, 98221, WA, US",98221,outscraper_google_maps
ZENSHI Handcrafted Sushi,,911 11th St,Anacortes,98221,,United States of America,48.5122831,-122.6117014,,+1 360-293-5393,Restaurant,restaurants,"Restaurant, Sushi takeaway",,,OPERATIONAL,"{""Friday"": [""9AM-7PM""], ""Monday"": [""9AM-7PM""], ""Saturday"": [""9AM-7PM""], ""Sunday"": [""9AM-7PM""], ""Thursday"": [""9AM-7PM""], ""Tuesday"": [""9AM-7PM""], ""Wednesday"": [""9AM-7PM""]}",0x5485793d99402775:0xa11478f9f57fa3a,ChIJdSdAmT15hVQROvpXn49HEQo,,https://lh3.googleusercontent.com/gps-cs-s/APNQkAEcsfz9Lrdv_CwRuw8ZSpU9ipjiwRg0RXYCdrRXJRZSoNE9jGeAjYW6G-AyCQj0118yoBxISHd-C1ntaMpdc1BGRxyR4JN4_9pXkG-E6Axt09NvQy9dfSezHaYg3gKgTcRQ63X-cg=w800-h500-k-no,"restaurant, 98221, WA, US",98221,outscraper_google_maps
Blue Heron Coffee Company,,4923 Seacliff Ln,Bow,98232,,United States of America,48.5746943,-122.5164821,,+1 360-766-6543,Coffee roastery,Coffee roastery,Coffee roastery,4.5,2.0,OPERATIONAL,,0x548575d53178ec69:0xdf3f7b6fa3f64367,ChIJaex4MdV1hVQRZ0P2o297P98,,,"cafe, 98232, WA, US",98232,outscraper_google_maps
Bow Kitchen Hub,,14969 W Bow Hill Rd,Bow,98232,,United States of America,48.5657637,-122.4229857,,+1 425-508-1153,Mexican restaurant,restaurants,Mexican restaurant,5.0,17.0,OPERATIONAL,"{""Friday"": [""Closed""], ""Monday"": [""Closed""], ""Saturday"": [""Closed""], ""Sunday"": [""Closed""], ""Thursday"": [""10AM-8PM""], ""Tuesday"": [""10AM-7PM""], ""Wednesday"": [""Closed""]}",0x54857509453ce94f:0x62112b75df600b11,ChIJT-k8RQl1hVQREQtg33UrEWI,https://search.google.com/local/reviews?placeid=ChIJT-k8RQl1hVQREQtg33UrEWI&q=*&authuser=0&hl=en&gl=US,https://lh3.googleusercontent.com/gps-cs-s/APNQkAF7DPJF1dwZ1l8x3-tDFxjTZTAWwfKAq44SyQiIIYRbzrrsNvF_Cz9Z1wDGg7d-sWowhGCDTqvnqxTVvzufH18ybJxyf4cu4i2akdtyzuP9RFuEbuB3DzttudNgUHrhm_kQ6oiLAxhLg8RC=w800-h500-k-no,"restaurant, 98232, WA, US",98232,outscraper_google_maps
Breadfarm,,5766 Cains Ct,Bow,98232,,United States of America,48.5622514,-122.4438776,,+1 360-766-4065,Bakery,Bakery,"Bakery, Pastry shop",4.8,461.0,OPERATIONAL,"{""Friday"": [""8AM-4PM""], ""Monday"": [""8AM-4PM""], ""Saturday"": [""8AM-4PM""], ""Sunday"": [""8AM-4PM""], ""Thursday"": [""8AM-4PM""], ""Tuesday"": [""8AM-4PM""], ""Wednesday"": [""8AM-4PM""]}",0x5485747abdc38239:0x805c2f3efc38c1b5,ChIJOYLDvXp0hVQRtcE4_D4vXIA,https://search.google.com/local/reviews?placeid=ChIJOYLDvXp0hVQRtcE4_D4vXIA&q=*&authuser=0&hl=en&gl=US,https://lh3.googleusercontent.com/gps-cs-s/APNQkAG31wMsFq36PXcnNb_6w9dtDoN-5gDUoeJDQwelrQ-l1chkM50h4Krsmv207AX766hfWSbm6BEdEnHcPBt9KZrFGZXaix168-zxx0fhu5Q1OQgVtQQIaR9v4CnuRxF1uI3aNv8=w800-h500-k-no,"cafe, 98232, WA, US",98232,outscraper_google_maps
Chuckanut Manor Seafood & Grill,,3056 Chuckanut Dr,Bow,98232,,United States of America,48.601836,-122.4269187,,+1 360-766-6191,Seafood restaurant,restaurants,"Seafood restaurant, Bar & grill, Restaurant",4.6,1442.0,OPERATIONAL,"{""Friday"": [""12-8PM""], ""Monday"": [""12-8PM""], ""Saturday"": [""12-8PM""], ""Sunday"": [""10AM-8PM""], ""Thursday"": [""12-8PM""], ""Tuesday"": [""12-8PM""], ""Wednesday"": [""12-8PM""]}",0x5485752757dfaa93:0x8be04e7e8e0fc0a1,ChIJk6rfVyd1hVQRocAPjn5O4Is,https://search.google.com/local/reviews?placeid=ChIJk6rfVyd1hVQRocAPjn5O4Is&q=*&authuser=0&hl=en&gl=US,https://lh3.googleusercontent.com/gps-cs-s/APNQkAFzSBHg1wmGIQ5l3JOZDMC5HEqXgp04DDMJova7yVqdKGtajbFKWn8AAPHOGBjEi08DGExBhec8fxDgeOx9jeeHTJHfBZxUrwyhsY9kBhRvRt2afLnNKRDy_PTLeMslSmK9b5xJeA=w800-h500-k-no,"restaurant, 98232, WA, US",98232,outscraper_google_maps
Cruisin Coffee Bow Hill,,18494 Bow Hill Rd,Bow,98232,,United States of America,48.5561732,-122.3449803,,+1 360-383-6613,Coffee shop,coffee shops,"Coffee shop, Cafe",4.4,224.0,OPERATIONAL,"{""Friday"": [""5AM-9PM""], ""Monday"": [""5AM-9PM""], ""Saturday"": [""5AM-9PM""], ""Sunday"": [""5AM-9PM""], ""Thursday"": [""5AM-9PM""], ""Tuesday"": [""5AM-9PM""], ""Wednesday"": [""5AM-9PM""]}",0x5485733486a8661d:0x621b9ff7504950fd,ChIJHWaohjRzhVQR_VBJUPefG2I,https://search.google.com/local/reviews?placeid=ChIJHWaohjRzhVQR_VBJUPefG2I&q=*&authuser=0&hl=en&gl=US,https://lh3.googleusercontent.com/gps-cs-s/APNQkAE8QR0_TPYe-scaU2_JR8yR9lSo7Yo3IIdMCwPc5BYKcg2UHXJFXVEoST3yqXFMjzpZNEKA68XAR_eEB0Vu4x5_i0O-Mprbcos5l3nVEm-sHXlU4CsP-qVp6rIgJ3SmFDqXmXil=w800-h500-k-no,"cafe, 98232, WA, US",98232,outscraper_google_maps
Del Fox Meats Bow WA.,,13400 D Arcy Rd,Bow,98232,,United States of America,48.5191018,-122.4578739,,+1 360-399-5010,Butcher shop,Butcher shop,Butcher shop,5.0,25.0,OPERATIONAL,"{""Friday"": [""8AM-6PM""], ""Monday"": [""8AM-5:30PM""], ""Saturday"": [""8AM-6PM""], ""Sunday"": [""Closed""], ""Thursday"": [""8AM-5:30PM""], ""Tuesday"": [""8AM-5:30PM""], ""Wednesday"": [""8AM-5:30PM""]}",0x54857113773bfe83:0x2d214761a108e7cf,ChIJg_47dxNxhVQRz-cIoWFHIS0,https://search.google.com/local/reviews?placeid=ChIJg_47dxNxhVQRz-cIoWFHIS0&q=*&authuser=0&hl=en&gl=US,https://lh3.googleusercontent.com/gps-cs-s/APNQkAE-XbD7QNBWzFztkFBLlgcXGPd3Y-UN3F6FdRKnrnetqck5RADPT9jEhywuVWXvKQ5yEfNCZrLP29NiibzZSFgQU2WGzFZFE7h_cPoOeEZJQbPIy7lxxKVn7ef0E9Wgw4Rmyk_noQ=w800-h500-k-no,"deli, 98232, WA, US",98232,outscraper_google_maps
Deli Llama Wilderness Advntr,,17045 E Llama Ln,Bow,98232,,United States of America,48.5353079,-122.3778412,,+1 360-757-4212,Deli,Deli,Deli,5.0,1.0,OPERATIONAL,,0x548573046408b8eb:0x9fbf1629b7bf1cd6,ChIJ67gIZARzhVQR1hy_tykWv58,https://search.google.com/local/reviews?placeid=ChIJ67gIZARzhVQR1hy_tykWv58&q=*&authuser=0&hl=en&gl=US,https://lh3.googleusercontent.com/gps-cs-s/APNQkAEzEcNf48YRHl7prIsveZxmu2cgSosH-uFYIduqwehu10rIg0QEu3ucbzMeQ4LdhHXbpoqJo-XKob8rxxtAacNVcaUOYj8cJG7-GMDds3--aNIm89xVAQd0-rTN3qcX-YwonLDC=w800-h500-k-no,"deli, 98232, WA, US",98232,outscraper_google_maps
Farm To Market Bakery,,5507 Chuckanut Dr,Bow,98232,,United States of America,48.565816,-122.4218892,,+1 360-766-6240,Bakery,Bakery,Bakery,4.7,254.0,OPERATIONAL,"{""Friday"": [""9AM-4PM""], ""Monday"": [""Closed""], ""Saturday"": [""9AM-4PM""], ""Sunday"": [""9AM-4PM""], ""Thursday"": [""9AM-4PM""], ""Tuesday"": [""Closed""], ""Wednesday"": [""Closed""]}",0x410966f63375b10f:0x943831afc44ddaf8,ChIJD7F1M_ZmCUER-NpNxK8xOJQ,https://search.google.com/local/reviews?placeid=ChIJD7F1M_ZmCUER-NpNxK8xOJQ&q=*&authuser=0&hl=en&gl=US,https://lh3.googleusercontent.com/gps-cs-s/APNQkAGkCHt0Pcf9u3X-opXlkO-jQn0fpUfDEubzF3wXhATzAdBeZcnEMNXB0GPivMmr4zyzWsFLRj-c5j6r7vnZzX14UFmJd1aQazfKxY0dJIOg1s74JuHOXiyj-245cbuWdo7pvSRU=w800-h500-k-no,"cafe, 98232, WA, US",98232,outscraper_google_maps
Longhorn Saloon,,5754 Cains Ct,Bow,98232,,United States of America,48.5624294,-122.4438528,,+1 360-766-6330,Restaurant,restaurants,"Restaurant, Bar",4.6,568.0,OPERATIONAL,"{""Friday"": [""11AM-10PM""], ""Monday"": [""11AM-9PM""], ""Saturday"": [""11AM-10PM""], ""Sunday"": [""11AM-10PM""], ""Thursday"": [""11AM-10PM""], ""Tuesday"": [""11AM-10PM""], ""Wednesday"": [""11AM-10PM""]}",0x54850ccbc6c00b61:0x9fed89dd11b42dfc,ChIJYQvAxssMhVQR_C20Ed2J7Z8,https://search.google.com/local/reviews?placeid=ChIJYQvAxssMhVQR_C20Ed2J7Z8&q=*&authuser=0&hl=en&gl=US,https://lh3.googleusercontent.com/gps-cs-s/APNQkAFbx3TElbMI7S0jSJ97z9vQmY6bUzHKx2xwiUoZ8SOE1LaoX4gW_JorY3Ue-vXDRN436V1dIRPt0oHlRtSlqQkeCUyRbt6fQ-qLDgsIEa-g_Dgvv_fseT3rw8XRx20q3GU3e2n2=w800-h500-k-no,"restaurant, 98232, WA, US",98232,outscraper_google_maps
Mariposa Taqueria,,14003 Gilmore Ave,Bow,98232,,United States of America,48.5612759,-122.4441504,,+1 360-766-4353,Mexican restaurant,restaurants,Mexican restaurant,4.8,314.0,OPERATIONAL,"{""Friday"": [""9AM-4PM""], ""Monday"": [""Closed""], ""Saturday"": [""9AM-4PM""], ""Sunday"": [""9AM-4PM""], ""Thursday"": [""9AM-4PM""], ""Tuesday"": [""Closed""], ""Wednesday"": [""Closed""]}",0x5485747a825fc685:0x15aa38cfa7cd7d30,ChIJhcZfgnp0hVQRMH3Np884qhU,https://search.google.com/local/reviews?placeid=ChIJhcZfgnp0hVQRMH3Np884qhU&q=*&authuser=0&hl=en&gl=US,https://lh3.googleusercontent.com/gps-cs-s/APNQkAHI_W1dwhr0aljv0U72ecVKI47LBbPXbcawcHCJv-k0jdHiiKqwQV6AaBdRkphaN3xf99eaFgbCB5odPv0HLbbVODLT8Wpv6uR31y3au8KlSzqsLEs9TU1OihMkW6xgtuG7kymsyA=w800-h500-k-no,"restaurant, 98232, WA, US",98232,outscraper_google_maps
Otter Beans Coffee Company,,9029 A Chuckanut Dr,Bow,98232,,United States of America,48.5153287,-122.3768101,,+1 360-399-1567,Coffee stand,Coffee stand,Coffee stand,4.9,51.0,OPERATIONAL,"{""Friday"": [""6AM-4PM""], ""Monday"": [""6AM-4PM""], ""Saturday"": [""8AM-4PM""], ""Sunday"": [""8AM-4PM""], ""Thursday"": [""6AM-4PM""], ""Tuesday"": [""6AM-4PM""], ""Wednesday"": [""6AM-4PM""]}",0x548573f8062efedf:0x5cc027bfa8c162b1,ChIJ3_4uBvhzhVQRsWLBqL8nwFw,https://search.google.com/local/reviews?placeid=ChIJ3_4uBvhzhVQRsWLBqL8nwFw&q=*&authuser=0&hl=en&gl=US,https://lh3.googleusercontent.com/gps-cs-s/APNQkAG0h3mQPX3S1UBU6LwtQykXDqrJOqOAxiu1yBJ-9QoZWBFgEvZDvSb1-zx5ZHmq2BCMccTn35eIFMN8lgfgguvSnzgnAEO2w2HZqQQvcZN6YWhunCgvBIcR5qytWkdmf0dS2I36zl3YiS9N=w800-h500-k-no,"cafe, 98232, WA, US",98232,outscraper_google_maps
Rhody Cafe,,5521 Chuckanut Dr,Bow,98232,,United States of America,48.5656144,-122.4218021,,+1 360-766-6667,Restaurant,restaurants,Restaurant,4.5,33.0,OPERATIONAL,,0x5485747a8f9fab75:0x498ac401a325d651,ChIJdaufj3p0hVQRUdYlowHEikk,https://search.google.com/local/reviews?placeid=ChIJdaufj3p0hVQRUdYlowHEikk&q=*&authuser=0&hl=en&gl=US,https://lh3.googleusercontent.com/gps-cs-s/APNQkAE6xqw5J6xvFs4p0j8ZKkIXOX_Kd0S6hTTIODf-2i4TFQ_iyshtc22W9EtS9UB7u06KOuvjRtNozzVnsZ0Ha5lhLL_qG2ctiwFczI4wbrQcvV0BIzC8BmG75Ll-g_Tv-zELTmwH=w800-h500-k-no,"restaurant, 98232, WA, US",98232,outscraper_google_maps
Slough Food,,5766 Cains Ct,Bow,98232,,United States of America,48.5621931,-122.44384,,,Restaurant,restaurants,Restaurant,4.8,151.0,OPERATIONAL,"{""Friday"": [""11AM-6PM""], ""Monday"": [""Closed""], ""Saturday"": [""11AM-6PM""], ""Sunday"": [""11AM-5PM""], ""Thursday"": [""11AM-6PM""], ""Tuesday"": [""Closed""], ""Wednesday"": [""11AM-6PM""]}",0x5485747abdc38239:0xb7c7a63af0ef9a56,ChIJOYLDvXp0hVQRVprv8Dqmx7c,https://search.google.com/local/reviews?placeid=ChIJOYLDvXp0hVQRVprv8Dqmx7c&q=*&authuser=0&hl=en&gl=US,https://lh3.googleusercontent.com/gps-cs-s/APNQkAH5IL2E5CQ35IqtKGtSbZi50Xk6AFMsrK2L_KPQG2FzDFd5AuBgmK1jJdHas4D8P0qLo-rVcHRXsR20bTsdzfOtzPXFTBf429bGsnJUliAoJmuCbd_EJQe0jpMUBlkB5ddumpXHkQ=w800-h500-k-no,"restaurant, 98232, WA, US",98232,outscraper_google_maps
Terramar Brewstillery,,5712 Gilkey Ave,Bow,98232,,United States of America,48.5635996,-122.4436853,,+1 360-399-6222,Brewery,Brewery,"Brewery, Bar, Distillery, Pizza Takeout, Restaurant",4.6,454.0,OPERATIONAL,"{""Friday"": [""11:30AM-9PM""], ""Monday"": [""11:30AM-8PM""], ""Saturday"": [""11:30AM-9PM""], ""Sunday"": [""11:30AM-8PM""], ""Thursday"": [""11:30AM-8PM""], ""Tuesday"": [""11:30AM-8PM""], ""Wednesday"": [""11:30AM-8PM""]}",0x548575cff05e86a7:0x9505540884dcffcb,ChIJp4Ze8M91hVQRy__chAhUBZU,https://search.google.com/local/reviews?placeid=ChIJp4Ze8M91hVQRy__chAhUBZU&q=*&authuser=0&hl=en&gl=US,https://lh3.googleusercontent.com/gps-cs-s/APNQkAFZeXfJtpCQ0eQqyK0nr8f2GpcMo2GS0Gq3ygBrgrhbONHrZR-c_GwlslkxnIVRyrs56o0Y93JAToBtsc4KhrnL45Da_ssuDLttjeBOOplHAUmsFpQdTHweT_oSpgTjetF8m7cZ=w800-h500-k-no,"cafe, 98232, WA, US",98232,outscraper_google_maps
The Arctic Fox Bakery,,5834 Bow St,Bow,98232,,United States of America,48.5619109,-122.3980253,,+1 360-204-1789,Bakery,Bakery,Bakery,5.0,4.0,OPERATIONAL,,0x54857331bbaa8903:0x8dd6a179e44f139c,ChIJA4mquzFzhVQRnBNP5Hmh1o0,https://search.google.com/local/reviews?placeid=ChIJA4mquzFzhVQRnBNP5Hmh1o0&q=*&authuser=0&hl=en&gl=US,https://lh3.googleusercontent.com/gps-cs-s/APNQkAEp2bhqn9k7nFTuR8Sh03e9Hw9gNiHV9hS3b3pd9D-Gtza6JfsemF1QQlyhBw2FyQFA3mXKgBQIuXRoqE7zQhjKaeF6ZgaX-sx2YyknYPazo7UGXtoCrTDVKgJvHS30CwLass0sPIm4Sq-J=w800-h500-k-no,"cafe, 98232, WA, US",98232,outscraper_google_maps
The Corner Pub,,14565 Allen West Rd,Bow,98232,,United States of America,48.516229,-122.432056,,+1 360-757-6113,Restaurant,restaurants,"Restaurant, Pub",4.6,686.0,OPERATIONAL,"{""Friday"": [""11AM-10PM""], ""Monday"": [""11AM-9PM""], ""Saturday"": [""11AM-10PM""], ""Sunday"": [""11AM-9PM""], ""Thursday"": [""11AM-9PM""], ""Tuesday"": [""11AM-9PM""], ""Wednesday"": [""11AM-9PM""]}",0x548573d3d07a7f83:0x5ad37fb98b2b5c2c,ChIJg3960NNzhVQRLFwri7l_01o,https://search.google.com/local/reviews?placeid=ChIJg3960NNzhVQRLFwri7l_01o&q=*&authuser=0&hl=en&gl=US,https://lh3.googleusercontent.com/gps-cs-s/APNQkAGMQhcfHhJObzyLwgjyI4ZXUfRrau1q5wi2BBT4aCOeLtp7a8aKosCOVkTsy7K4tSKGbh7_EcAVPCIrNd5dQPPtJ38R8RQUZrjXUMIMrrM3KGZC5CIKoG85Q0wQHd2zL7mVDNS3=w800-h500-k-no,"restaurant, 98232, WA, US",98232,outscraper_google_maps
The Edison Café - Smash Burgers,,5797 Main St,Bow,98232,,United States of America,48.5619978,-122.4403737,,+1 360-766-6960,Hamburger restaurant,Hamburger restaurant,"Hamburger restaurant, Breakfast restaurant, Family restaurant, Ice cream shop, Lunch restaurant",4.7,269.0,OPERATIONAL,"{""Friday"": [""Closed""], ""Monday"": [""Closed""], ""Saturday"": [""8AM-2PM""], ""Sunday"": [""8AM-2PM""], ""Thursday"": [""Closed""], ""Tuesday"": [""Closed""], ""Wednesday"": [""Closed""]}",0x5485747b00d97969:0x602d303f34f83391,ChIJaXnZAHt0hVQRkTP4ND8wLWA,https://search.google.com/local/reviews?placeid=ChIJaXnZAHt0hVQRkTP4ND8wLWA&q=*&authuser=0&hl=en&gl=US,https://lh3.googleusercontent.com/gps-cs-s/APNQkAE1jIpIfZygaboguyJf3sQGjQeVB3T40B6AkeijB86dgKumX4mMFRK0Ifwx0EmWRZKkTG_vYXffOln0zP9aslVibAKWlEYEux6s0pTrD8tcdk45c84TbUI1tBuurT1EGfwYMBHV=w800-h500-k-no,"restaurant, 98232, WA, US",98232,outscraper_google_maps
The Old Edison,,5829 Cains Ct,Bow,98232,,United States of America,48.5613159,-122.4434211,,+1 360-766-6266,Oyster bar restaurant,restaurants,"Oyster bar restaurant, American restaurant, Bar & grill, Live music venue, Pub, Restaurant",4.5,715.0,OPERATIONAL,"{""Friday"": [""11:30AM-10PM""], ""Monday"": [""11:30AM-9PM""], ""Saturday"": [""11:30AM-10PM""], ""Sunday"": [""11:30AM-10PM""], ""Thursday"": [""11:30AM-9PM""], ""Tuesday"": [""11:30AM-9PM""], ""Wednesday"": [""11:30AM-9PM""]}",0x5485747a86040527:0xa08588fe5dad087,ChIJJwUEhnp0hVQRh9Da5Y9YCAo,https://search.google.com/local/reviews?placeid=ChIJJwUEhnp0hVQRh9Da5Y9YCAo&q=*&authuser=0&hl=en&gl=US,https://lh3.googleusercontent.com/gps-cs-s/APNQkAFuItzq52VwDGmakKiTdY9mgHegBOgLGZTUYhT65KsB3LqE1K0g3axLMgqqtMgMUGdi-rMzyRiVv_Am3aFfmmN4eABtBi3slZys4IZPKs8HCyiWjkSxii6-ZWo4zHwaqQncrLCuTw=w800-h500-k-no,"restaurant, 98232, WA, US",98232,outscraper_google_maps
The Oyster Bar,,2578 Chuckanut Dr,Bow,98232,,United States of America,48.6104191,-122.4350327,,+1 360-766-6185,Oyster bar restaurant,restaurants,"Oyster bar restaurant, Seafood restaurant, Steak house",4.7,1128.0,OPERATIONAL,"{""Friday"": [""11:30AM-9PM""], ""Monday"": [""11:30AM-9PM""], ""Saturday"": [""11:30AM-9PM""], ""Sunday"": [""11:30AM-9PM""], ""Thursday"": [""11:30AM-9PM""], ""Tuesday"": [""11:30AM-9PM""], ""Wednesday"": [""11:30AM-9PM""]}",0x54857524d73e1a7d:0x5ea471e749d77786,ChIJfRo-1yR1hVQRhnfXSedxpF4,https://search.google.com/local/reviews?placeid=ChIJfRo-1yR1hVQRhnfXSedxpF4&q=*&authuser=0&hl=en&gl=US,https://lh3.googleusercontent.com/gps-cs-s/APNQkAGeFAsjjMWmelqy6CuHgionyrsnbWGBbtpJ_Lu75M9hfRA583QCZmQfne-Ki1WqrY1p825m77wlTbpURI-hbeZZAQs_a7h78WyzlvOIz9c-NWzEPcx02Cpd9K4qFIKF06idxmI=w800-h500-k-no,"restaurant, 98232, WA, US",98232,outscraper_google_maps
The Oyster Shuckers - Eatery,,17026 Allen West Rd,Bow,98232,,United States of America,48.5153545,-122.3777905,,+1 360-399-1537,Seafood restaurant,restaurants,"Seafood restaurant, Family restaurant, Fast food restaurant, Oyster bar restaurant, Taco restaurant",4.6,173.0,OPERATIONAL,"{""Friday"": [""11AM-5PM""], ""Monday"": [""Closed""], ""Saturday"": [""11AM-5PM""], ""Sunday"": [""11AM-3PM""], ""Thursday"": [""11AM-5PM""], ""Tuesday"": [""Closed""], ""Wednesday"": [""Closed""]}",0x54857357c9f1f015:0xa0269ed579240f52,ChIJFfDxyVdzhVQRUg8kedWeJqA,https://search.google.com/local/reviews?placeid=ChIJFfDxyVdzhVQRUg8kedWeJqA&q=*&authuser=0&hl=en&gl=US,https://lh3.googleusercontent.com/gps-cs-s/APNQkAHrtTi_a1OBEGRJ_CrwRpkuWZZw23wEHz_mu9fmWONVXRQzfzyCG8fjWXx3gxaYyo5PBvhReVojTVjn7UK8OLPBsmUGq4hu-rHn1sFGw-08i2h6ElQ9XV0T56N8oZn0mt5_MrmxMg=w800-h500-k-no,"restaurant, 98232, WA, US",98232,outscraper_google_maps
Tweets,,5800 Cains Ct,Bow,98232,,United States of America,48.561688,-122.4439295,,+1 360-820-9912,Restaurant,cafes,"Restaurant, Breakfast restaurant, Cafe",4.6,352.0,OPERATIONAL,"{""Friday"": [""11AM-3PM""], ""Monday"": [""Closed""], ""Saturday"": [""11AM-3PM""], ""Sunday"": [""11AM-3PM""], ""Thursday"": [""Closed""], ""Tuesday"": [""Closed""], ""Wednesday"": [""Closed""]}",0x5485747a9a8a4e89:0x4f98a581230aee14,ChIJiU6Kmnp0hVQRFO4KI4GlmE8,https://search.google.com/local/reviews?placeid=ChIJiU6Kmnp0hVQRFO4KI4GlmE8&q=*&authuser=0&hl=en&gl=US,https://lh3.googleusercontent.com/gps-cs-s/APNQkAEf_HwynLo8WRHmpPl8HBDUnGMrjSNiDL5Urb1ePYfoj9kSdkcNci2jktEr9hMFDzUm8SDaHn2WeNhxR1pKAkDLur_I3nAYXiqoLF4GOpk6tRcrGUAvkp2JSS-Le0j6BI4opFQM=w800-h500-k-no,"restaurant, 98232, WA, US",98232,outscraper_google_maps
W.D. Foods,,9029 Chuckanut Dr,Bow,98232,,United States of America,48.5152345,-122.3766424,,+1 360-399-1075,Grocery store,Grocery store,"Grocery store, ATM",4.5,114.0,OPERATIONAL,"{""Friday"": [""7AM-9PM""], ""Monday"": [""7AM-8PM""], ""Saturday"": [""8AM-9PM""], ""Sunday"": [""8AM-8PM""], ""Thursday"": [""7AM-8PM""], ""Tuesday"": [""7AM-8PM""], ""Wednesday"": [""7AM-8PM""]}",0x5485725a32065369:0xd31a127eea8a23a0,ChIJaVMGMlpyhVQRoCOK6n4SGtM,https://search.google.com/local/reviews?placeid=ChIJaVMGMlpyhVQRoCOK6n4SGtM&q=*&authuser=0&hl=en&gl=US,https://lh3.googleusercontent.com/gps-cs-s/APNQkAElowTB1yPwJ_k_5nmeSKSJ3f2V-JRZzdav7HFlSZs8TZeTP_RZGMHv0ukk2hGc5wwmF2kImch5NWAlfrKvam3fwbW6Xz7psK8gQnzwy-1bJn0k5Du19TVqdZttZLqm6R0A3OprGA=w800-h500-k-no,"deli, 98232, WA, US",98232,outscraper_google_maps
cob + cork,,5545 Chuckanut Dr,Bow,98232,,United States of America,48.565302,-122.4218263,,+1 360-399-1162,Restaurant,restaurants,Restaurant,4.4,210.0,OPERATIONAL,"{""Friday"": [""4:30-9:30PM""], ""Monday"": [""4:30-9:30PM""], ""Saturday"": [""4:30-9:30PM""], ""Sunday"": [""4:30-9:30PM""], ""Thursday"": [""4:30-9:30PM""], ""Tuesday"": [""4:30-9:30PM""], ""Wednesday"": [""4:30-9:30PM""]}",0x54857532142af625:0x1d26377898fcda06,ChIJJfYqFDJ1hVQRBtr8mHg3Jh0,https://search.google.com/local/reviews?placeid=ChIJJfYqFDJ1hVQRBtr8mHg3Jh0&q=*&authuser=0&hl=en&gl=US,https://lh3.googleusercontent.com/gps-cs-s/APNQkAE1MldVyw6yWSl6USitJ_CDv7fuuW0wuI5AEEH11RFZskv2PXVxttk0pfRBghPlMZN4PFv05CIwT3UQrnt4utdfwVnGvZ3feI35AsbCDO5Pef9_ihgh-8thp9fpUbcJIrPFlN14=w800-h500-k-no,"restaurant, 98232, WA, US",98232,outscraper_google_maps
Ajua! Mexican Taqueria,,633 E Fairhaven Ave,Burlington,98233,,United States of America,48.4756834,-122.3266062,,+1 360-202-7819,Restaurant,restaurants,Restaurant,5.0,1.0,OPERATIONAL,"{""Friday"": [""7:30AM-9PM""], ""Monday"": [""11AM-9PM""], ""Saturday"": [""7:30AM-9PM""], ""Sunday"": [""7:30AM-9PM""], ""Thursday"": [""11AM-9PM""], ""Tuesday"": [""11AM-9PM""], ""Wednesday"": [""11AM-9PM""]}",0x54856df193259541:0x614bd98f3270ad12,ChIJQZUlk_FthVQREq1wMo_ZS2E,https://search.google.com/local/reviews?placeid=ChIJQZUlk_FthVQREq1wMo_ZS2E&q=*&authuser=0&hl=en&gl=US,https://lh3.googleusercontent.com/gps-cs-s/APNQkAE_xBUGQTvVnH5Iiskt4GZXTaADlHJ0TE9BqRzBS1TaFuV72Y_9o81ZVvp1ypuYD9nF3xfiOseWavAwVxp_PrdWFxKbweGRmERfj8tbHLjBDEsCfv4xqUFQny-Trifprs7WXw8EwyfI8-Jp=w800-h500-k-no,"mexican restaurant, 98233, WA, US",98233,outscraper_google_maps
Anglers Coffee,,881 Nevitt Rd,Burlington,98233,,United States of America,48.4694744,-122.3446923,,,Coffee shop,coffee shops,Coffee shop,4.4,129.0,OPERATIONAL,"{""Friday"": [""4AM-6PM""], ""Monday"": [""4AM-6PM""], ""Saturday"": [""5AM-5PM""], ""Sunday"": [""6AM-5PM""], ""Thursday"": [""4AM-6PM""], ""Tuesday"": [""4AM-6PM""], ""Wednesday"": [""4AM-6PM""]}",0x54856d97bba7dcb9:0x5c28d4a4a7cbde47,ChIJudynu5dthVQRR97Lp6TUKFw,https://search.google.com/local/reviews?placeid=ChIJudynu5dthVQRR97Lp6TUKFw&q=*&authuser=0&hl=en&gl=US,https://lh3.googleusercontent.com/gps-cs-s/APNQkAGDfkc5oZ1ArS5qN5sT8ceYb4dmS_923CKUpOxmZAxi5C3Zb5mMJb9-lHiOTGxw_MpugKH4yDKw97_RDLyygvhYQbYRdC1wLtrFGNwrHD6nitmJUmV8TCSqK5dFDsu0Gl5ScETp=w800-h500-k-no,"coffee shop, 98233, WA, US",98233,outscraper_google_maps
Antojos Locos,,1540 S Burlington Blvd,Burlington,98233,,United States of America,48.4562262,-122.3352549,,+1 360-540-8731,Mexican torta restaurant,Tortería mexicana,"Mexican torta restaurant, Takeout Restaurant, Mexican restaurant, Restaurant, Taco restaurant",4.8,283.0,OPERATIONAL,"{""Friday"": [""11AM-7PM""], ""Monday"": [""11AM-7PM""], ""Saturday"": [""11AM-7PM""], ""Sunday"": [""11AM-6PM""], ""Thursday"": [""11AM-7PM""], ""Tuesday"": [""Closed""], ""Wednesday"": [""11AM-7PM""]}",0x54856dcbb0259a3f:0x2a5c1bbb50b8f5b3,ChIJP5olsMtthVQRs_W4ULsbXCo,https://search.google.com/local/reviews?placeid=ChIJP5olsMtthVQRs_W4ULsbXCo&q=*&authuser=0&hl=en&gl=US,https://lh3.googleusercontent.com/gps-cs-s/APNQkAHXvvrmpdxpKGl3MHjM6TTXH73lsb_UZcd79M9B8wfwk-ogdUKKZ78V5XWEwqJKmDkrXEl28SSp5QzIgl3isPNQmHdP5YuXBnEy54GGfOHhC1_UXQ-EjpUDdCom7aJc4KLQNg06=w800-h500-k-no,"mexican restaurant, 98233, WA, US",98233,outscraper_google_maps
Applebee's Grill + Bar,,188 Cascade Mall Dr,Burlington,98233,,United States of America,48.4602959,-122.3365206,,+1 360-757-1414,Restaurant,restaurants,"Restaurant, American restaurant, Bar & grill, Diner, Family restaurant, Hamburger restaurant, Steak house, Traditional American restaurant",4.0,1726.0,OPERATIONAL,"{""Friday"": [""11AM-1AM""], ""Monday"": [""11AM-12AM""], ""Saturday"": [""11AM-1AM""], ""Sunday"": [""11AM-12AM""], ""Thursday"": [""11AM-12AM""], ""Tuesday"": [""11AM-12AM""], ""Wednesday"": [""11AM-12AM""]}",0x54856dc9ceea847d:0xfc39e9542016ecf9,ChIJfYTqzslthVQR-ewWIFTpOfw,https://search.google.com/local/reviews?placeid=ChIJfYTqzslthVQR-ewWIFTpOfw&q=*&authuser=0&hl=en&gl=US,https://lh3.googleusercontent.com/gps-cs-s/APNQkAGqoHFruHNoC6lJxZkiLjZo6dOVv7yixAusing869ppk1OAVXJnf8qN_cIFWR_PuFxCpZQL4Tts9jXS-9SpxwtqY9fDx91ZVSjS_bX1jWzfrIeMD6BkYE4V5LzgRZhamAqsagsHZg=w800-h500-k-no,"restaurant, 98233, WA, US",98233,outscraper_google_maps
Asian 1 Restaurant Burlington,,145 Cascade Pl #112,Burlington,98233,,United States of America,48.4602203,-122.3341369,,+1 360-707-2422,Thai restaurant,restaurants,Thai restaurant,4.4,1239.0,OPERATIONAL,"{""Friday"": [""11:30AM-9PM""], ""Monday"": [""Closed""], ""Saturday"": [""11:30AM-9PM""], ""Sunday"": [""11:30AM-8PM""], ""Thursday"": [""11:30AM-8:30PM""], ""Tuesday"": [""11:30AM-8PM""], ""Wednesday"": [""11:30AM-8:30PM""]}",0x54856db624413049:0xe92a6265e6e2c1eb,ChIJSTBBJLZthVQR68Hi5mViKuk,https://search.google.com/local/reviews?placeid=ChIJSTBBJLZthVQR68Hi5mViKuk&q=*&authuser=0&hl=en&gl=US,https://lh3.googleusercontent.com/gps-cs-s/APNQkAGwL39zkQbw-G1EkhV1l9ONHNnh9OSpa3ORGCgqk37ykspFscRunL-UCwrs66lEtGod3f-zomN4ji3vmd1sV7VgebEoY4iFqVlMSlbsDHu-51ktoo8Mim7Yo8sm87Y2ibEnctEj=w800-h500-k-no,"restaurant, 98233, WA, US",98233,outscraper_google_maps
Bangkok Bistro Fine Thai Cuisine,,104 Lila Ln,Burlington,98233,,United States of America,48.46747,-122.3368811,,+1 360-757-3778,Thai restaurant,restaurants,"Thai restaurant, Asian restaurant, Southeast Asian restaurant",4.7,346.0,OPERATIONAL,"{""Friday"": [""11:30AM-7:30PM""], ""Monday"": [""11:30AM-7:30PM""], ""Saturday"": [""11:30AM-7:30PM""], ""Sunday"": [""Closed""], ""Thursday"": [""11:30AM-7:30PM""], ""Tuesday"": [""11:30AM-7:30PM""], ""Wednesday"": [""11:30AM-7:30PM""]}",0x54856db91507655b:0xaa951aeb96eac0ee,ChIJW2UHFblthVQR7sDqlusalao,https://search.google.com/local/reviews?placeid=ChIJW2UHFblthVQR7sDqlusalao&q=*&authuser=0&hl=en&gl=US,https://lh3.googleusercontent.com/gps-cs-s/APNQkAEtRaMD7qGfEXcKM2GyfxNXSHPbbYy3iysHJD1V8-MSm-NRKJNe2WIvMh4HdRcep7Y-m-kBkDeKiDeghTA2Nm0aZG3WDiBfTkviiPzOoaKZL55Bkck1gJqTkzY_OoomuOpz-Ew=w800-h500-k-no,"restaurant, 98233, WA, US",98233,outscraper_google_maps
BigFoot Java,,1664 S Burlington Blvd,Burlington,98233,,United States of America,48.454019,-122.33515,,+1 360-404-5105,Coffee shop,Coffee stand,"Coffee shop, Coffee stand",4.3,222.0,OPERATIONAL,"{""Friday"": [""Open 24 hours""], ""Monday"": [""Open 24 hours""], ""Saturday"": [""Open 24 hours""], ""Sunday"": [""Open 24 hours""], ""Thursday"": [""Open 24 hours""], ""Tuesday"": [""Open 24 hours""], ""Wednesday"": [""Open 24 hours""]}",0x54856d631993c0e5:0x998a203e146cfd9f,ChIJ5cCTGWNthVQRn_1sFD4gipk,https://search.google.com/local/reviews?placeid=ChIJ5cCTGWNthVQRn_1sFD4gipk&q=*&authuser=0&hl=en&gl=US,https://lh3.googleusercontent.com/gps-cs-s/APNQkAHAbJrfkyVPomYPQnYelODykADYQYM-7-nOFSBD0lhzMiGvcmL8bYfk-cCC7A-z3TWWtjNlBAe0uk8-P3NmAsE6F2enLvJtzpR5tPUZmd3A4j9SpZ1FDsYrVG-LA790R8rFkJCv=w800-h500-k-no,"coffee shop, 98233, WA, US",98233,outscraper_google_maps
Billy's Cafe,,316 E Fairhaven Ave,Burlington,98233,,United States of America,48.4753737,-122.3315513,,+1 360-755-9988,Restaurant,cafes,"Restaurant, Breakfast restaurant, Cafe",4.6,1042.0,OPERATIONAL,"{""Friday"": [""7AM-2PM""], ""Monday"": [""7AM-2PM""], ""Saturday"": [""7AM-2PM""], ""Sunday"": [""7AM-2PM""], ""Thursday"": [""7AM-2PM""], ""Tuesday"": [""7AM-2PM""], ""Wednesday"": [""Closed""]}",0x54856da296dbc031:0xb095db5e98dd426c,ChIJMcDblqJthVQRbELdmF7blbA,https://search.google.com/local/reviews?placeid=ChIJMcDblqJthVQRbELdmF7blbA&q=*&authuser=0&hl=en&gl=US,https://lh3.googleusercontent.com/gps-cs-s/APNQkAGiP84y7RPtEOVSquskM0EHr65vN4DFweYJh4pE2-267LgRPKjUc70O5eZgbEgnpU9x7sKVAbfvBH6MzmtN84Teg610x-VondXIFIywGjYUbT0qyovYILdelU-Jxjc9F1wd63mWog=w800-h500-k-no,"restaurant, 98233, WA, US",98233,outscraper_google_maps
Bob's Burgers & Brew Burlington,,9394 Old Hwy 99 North Rd,Burlington,98233,,United States of America,48.5099579,-122.3378693,,+1 360-757-9097,New American restaurant,New American restaurant,"New American restaurant, Family restaurant, Hamburger restaurant, Lounge bar, Restaurant",4.0,1414.0,OPERATIONAL,"{""Friday"": [""11AM-9PM""], ""Monday"": [""11AM-8PM""], ""Saturday"": [""11AM-9PM""], ""Sunday"": [""11AM-8PM""], ""Thursday"": [""11AM-8PM""], ""Tuesday"": [""11AM-8PM""], ""Wednesday"": [""11AM-8PM""]}",0x548572903c9475f3:0x79ae64a6feffa7e3,ChIJ83WUPJByhVQR46f__qZkrnk,https://search.google.com/local/reviews?placeid=ChIJ83WUPJByhVQR46f__qZkrnk&q=*&authuser=0&hl=en&gl=US,https://lh3.googleusercontent.com/gps-cs-s/APNQkAGLWi-t_NSlRTKOQdiBiijStYYAkZcBX6TLEbs6LgXg2qiYTyjLEUb7w0nI-yZ9iQwyg0UXcuvVCccbkj0F67MeM0vt_ppW8GnIiqxCVx--j_w5B8g3ddXiSOtQTwifIPYzbqZrGQ=w800-h500-k-no,"cafe, 98233, WA, US",98233,outscraper_google_maps
Burlington Home Style Smoothies & cafe,,641 E Fairhaven Ave,Burlington,98233,,United States of America,48.4756787,-122.3265196,,+1 360-540-2052,Cafe,cafes,"Cafe, Bubble tea store, Juice shop, Snack bar",5.0,1115.0,OPERATIONAL,"{""Friday"": [""11AM-7PM""], ""Monday"": [""Closed""], ""Saturday"": [""11AM-7PM""], ""Sunday"": [""11AM-7PM""], ""Thursday"": [""11AM-7PM""], ""Tuesday"": [""11AM-7PM""], ""Wednesday"": [""11AM-7PM""]}",0x54856da22554d9d3:0x77680fc192182bb6,ChIJ09lUJaJthVQRtisYksEPaHc,https://search.google.com/local/reviews?placeid=ChIJ09lUJaJthVQRtisYksEPaHc&q=*&authuser=0&hl=en&gl=US,https://lh3.googleusercontent.com/gps-cs-s/APNQkAFUSas_kcqgse6WC7ZQM6h6KT7W6UzdhETteNqHQyX4T-zZX4jELFOOjtTG1qjyCIXGEb3jEeOnJAiRihajmyTpakJStTYoxzSV2DKa1q-A1TpGbhtPpjiPYJTVZL0OneHe_L0kNw=w800-h500-k-no,"restaurant, 98233, WA, US",98233,outscraper_google_maps
Camillionaire Cakes,,W Stevens Rd,Burlington,98233,,United States of America,48.4591597,-122.3486044,,+1 443-325-4466,Cake shop,Cake shop,Cake shop,,,OPERATIONAL,,0x54856d2e6d8ba467:0x4332ad7b0618138b,ChIJZ6SLbS5thVQRixMYBnutMkM,,https://lh3.googleusercontent.com/gps-cs-s/APNQkAEgG_j_z_5XSyEbRINshXnNn3ocdshHhxj4vKwEbKj5ykUbFV7qijYE7QqexsdMvG21ZWlNFy2yaHyECz7-vJEZGivJ_gZWZvXOtW1qT3Qs6FP13UiDrGeLlMr24-zGugSs7H1hJ95TK_xt=w800-h500-k-no,"bakery, 98233, WA, US",98233,outscraper_google_maps
Capitán gorila WA,,18489 Andis Rd,Burlington,98233,,United States of America,48.4656536,-122.3469339,,,Mexican restaurant,restaurants,Mexican restaurant,,,OPERATIONAL,,0x54856d004bebe583:0xf18c812e7da6b45a,ChIJg-XrSwBthVQRWrSmfS6BjPE,,https://streetviewpixels-pa.googleapis.com/v1/thumbnail?panoid=FTUq4KQP0AeQzl0fFSFO5w&cb_client=search.gws-prod.gps&w=800&h=500&yaw=249.23569&pitch=0&thumbfov=100,"mexican restaurant, 98233, WA, US",98233,outscraper_google_maps
Cardinal Craft Brewing,,15579 Peterson Rd,Burlington,98233,,United States of America,48.4724852,-122.4098437,,,Brewery,Brewery,Brewery,4.6,22.0,OPERATIONAL,"{""Friday"": [""2-7PM""], ""Monday"": [""Closed""], ""Saturday"": [""Closed""], ""Sunday"": [""Closed""], ""Thursday"": [""Closed""], ""Tuesday"": [""Closed""], ""Wednesday"": [""2-7PM""]}",0x54856e1d47e55551:0x7af6bf6ba5f12eda,ChIJUVXlRx1uhVQR2i7xpWu_9no,https://search.google.com/local/reviews?placeid=ChIJUVXlRx1uhVQR2i7xpWu_9no&q=*&authuser=0&hl=en&gl=US,https://lh3.googleusercontent.com/gps-cs-s/APNQkAHt_ZIBFpUqYt_FBNUl5LHcxm66FLS-x9Dy7zhr-5H33J-6u4VG9c_gsryunuFIgk8032Tx8AzUtyjPJBGqG2T82KWt_JGkiu4_F49ypjREzXf8Y3m0Fr0YORK7PxIPqGWVOnOv=w800-h500-k-no,"brewery, 98233, WA, US",98233,outscraper_google_maps
Carl's Jr.,,1543 S Burlington Blvd,Burlington,98233,,United States of America,48.456928,-122.3362135,,+1 360-899-9470,Fast food restaurant,restaurants,"Fast food restaurant, Hamburger restaurant",4.0,1222.0,OPERATIONAL,"{""Friday"": [""7AM-12AM""], ""Monday"": [""7AM-11PM""], ""Saturday"": [""7AM-12AM""], ""Sunday"": [""7AM-11PM""], ""Thursday"": [""7AM-11PM""], ""Tuesday"": [""7AM-11PM""], ""Wednesday"": [""7AM-11PM""]}",0x54856dcbc92e2e83:0x85586f35c75a2282,ChIJgy4uyctthVQRgiJaxzVvWIU,https://search.google.com/local/reviews?placeid=ChIJgy4uyctthVQRgiJaxzVvWIU&q=*&authuser=0&hl=en&gl=US,https://lh3.googleusercontent.com/gps-cs-s/APNQkAGQTGdSSADHxFQkU8ujBe3p0R2WDetxpUSdHEEpXYDYWJHFfOS8KSsZIS7ubq34N6wlVisUUh8563vp-YZSw2568DrAlcyn76Kq3A2cG8dGf6B1QLBDV9DNyb9QaryGgFNzkIeF=w800-h500-k-no,"restaurant, 98233, WA, US",98233,outscraper_google_maps
Charm Thai Restaurant,,133 E Rio Vista Ave,Burlington,98233,,United States of America,48.4719611,-122.3344661,,+1 360-755-5038,Thai restaurant,restaurants,Thai restaurant,4.9,108.0,OPERATIONAL,"{""Friday"": [""10:30AM-9PM""], ""Monday"": [""Closed""], ""Saturday"": [""10:30AM-9PM""], ""Sunday"": [""10:30AM-9PM""], ""Thursday"": [""10:30AM-9PM""], ""Tuesday"": [""10:30AM-9PM""], ""Wednesday"": [""10:30AM-9PM""]}",0x54856d002a6e4403:0x201a4da858558afb,ChIJA0RuKgBthVQR-4pVWKhNGiA,https://search.google.com/local/reviews?placeid=ChIJA0RuKgBthVQR-4pVWKhNGiA&q=*&authuser=0&hl=en&gl=US,https://lh3.googleusercontent.com/gps-cs-s/APNQkAGKUma8lAvrXLRc-eUh8I78h2vSI_qVYogLkdZ0qPo7FBukk5ePeKEi89h_ycu8GsOoMymFQ67J-7YAGSPIm5XPDwNtZrldU-lFOWkRF4Sd1Vg6KOYqUAXMyIqz24MvjzTcKZYIpXcTY7Fk=w800-h500-k-no,"restaurant, 98233, WA, US",98233,outscraper_google_maps
Cherry Teriyaki,,200 S Cherry St,Burlington,98233,,United States of America,48.47456,-122.327626,,+1 360-755-5337,Japanese restaurant,restaurants,"Japanese restaurant, Asian restaurant",4.4,253.0,OPERATIONAL,"{""Friday"": [""11AM-8PM""], ""Monday"": [""11AM-8PM""], ""Saturday"": [""11AM-8PM""], ""Sunday"": [""Closed""], ""Thursday"": [""11AM-8PM""], ""Tuesday"": [""11AM-8PM""], ""Wednesday"": [""11AM-8PM""]}",0x54856da252aa404d:0xedd7736cabe1208b,ChIJTUCqUqJthVQRiyDhq2xz1-0,https://search.google.com/local/reviews?placeid=ChIJTUCqUqJthVQRiyDhq2xz1-0&q=*&authuser=0&hl=en&gl=US,https://lh3.googleusercontent.com/gps-cs-s/APNQkAHftADGzviAZsv1VM0GjDZMgvtH8p57eeUl7rdyz7b3VKLyQhBmMiwSJVidbRYq19TECsKUx_XqiO6jw3cUlxzqzG6NZvesTUeI6xzZgFoL477H4DYfRqCqBT4kqbi587VC2Grflw=w800-h500-k-no,"chinese restaurant, 98233, WA, US",98233,outscraper_google_maps
Chipotle Mexican Grill,,1753 S Burlington Blvd Ste 106,Burlington,98233,,United States of America,48.4533319,-122.33584,,+1 360-707-0371,Mexican restaurant,restaurants,"Mexican restaurant, Caterer, Fast food restaurant",3.9,772.0,OPERATIONAL,"{""Friday"": [""10:45AM-11PM""], ""Monday"": [""10:45AM-11PM""], ""Saturday"": [""10:45AM-11PM""], ""Sunday"": [""10:45AM-11PM""], ""Thursday"": [""10:45AM-11PM""], ""Tuesday"": [""10:45AM-11PM""], ""Wednesday"": [""10:45AM-11PM""]}",0x54856dcca881d1ab:0xaea9ef61b925ae69,ChIJq9GBqMxthVQRaa4luWHvqa4,https://search.google.com/local/reviews?placeid=ChIJq9GBqMxthVQRaa4luWHvqa4&q=*&authuser=0&hl=en&gl=US,https://lh3.googleusercontent.com/gps-cs-s/APNQkAGGyK-NBvTxApTMAt247Y_02sb3GMIXpSfv2CsM6OqtAgCa42v8VQQs3KGirxhpj8WQBV27Sfnnio4jMafFa3uapEB_eyd0qXAdhRj5sGrkUakDGQ_84Tp8U3srfyldXKBQtqGi=w800-h500-k-no,"mexican restaurant, 98233, WA, US",98233,outscraper_google_maps
Chuck E. Cheese,,621 Cascade Mall Dr,Burlington,98233,,United States of America,48.4612506,-122.3390299,,+1 360-755-1901,Pizza restaurant,attractions,"Pizza restaurant, Amusement center, Children's party service, Family restaurant, Indoor playground, Pizza delivery, Children's amusement center, Pizza Takeout, Video arcade",3.9,727.0,OPERATIONAL,"{""Friday"": [""12-8PM""], ""Monday"": [""12-8PM""], ""Saturday"": [""11AM-9PM""], ""Sunday"": [""12-8PM""], ""Thursday"": [""12-8PM""], ""Tuesday"": [""12-8PM""], ""Wednesday"": [""12-8PM""]}",0x54856dc7c359a7f3:0xd636f491b4d251b,ChIJ86dZw8dthVQRGyVNG0lvYw0,https://search.google.com/local/reviews?placeid=ChIJ86dZw8dthVQRGyVNG0lvYw0&q=*&authuser=0&hl=en&gl=US,https://lh3.googleusercontent.com/gps-cs-s/APNQkAFr4sKLTGMCO4tEvGFJ7GGzDH6mrAplMG1hmf9CK-8bWcbxipfb-wdyFYxMB77qBb6MQMDZE1V3koXWVi0LCpXASV7B-QJKGOI1CEauD5uchR_oggktvuOtQjr3djxMuOhw_inl=w800-h500-k-no,"pizza restaurant, 98233, WA, US",98233,outscraper_google_maps
Chuckanut Brewery - South Nut Taproom,,11937 Higgins Airport Way,Burlington,98233,,United States of America,48.4732772,-122.411925,,+1 360-752-3377,Brewery,Brewery,Brewery,4.6,127.0,OPERATIONAL,"{""Friday"": [""11AM-8PM""], ""Monday"": [""1-8PM""], ""Saturday"": [""11AM-8PM""], ""Sunday"": [""11AM-8PM""], ""Thursday"": [""1-8PM""], ""Tuesday"": [""1-8PM""], ""Wednesday"": [""1-8PM""]}",0x548571e2a049e395:0x406e3aee3db2723a,ChIJleNJoOJxhVQROnKyPe46bkA,https://search.google.com/local/reviews?placeid=ChIJleNJoOJxhVQROnKyPe46bkA&q=*&authuser=0&hl=en&gl=US,https://lh3.googleusercontent.com/gps-cs-s/APNQkAEZLJdwelVkcB1zgQkoJwnaKKIuzI4MyKzniuh6tqyWO2ZeU45gTOVGYnnBHwwvmWHBAcyZoA6hbQ5pVoSev20ss62qJIgFnnu1zFt-a4f2RvK1gsoikH1jS5Wr2LMDnjTlwxM=w800-h500-k-no,"brewery, 98233, WA, US",98233,outscraper_google_maps
Coastal Vie,,20275 State Rte 20,Burlington,98233,,United States of America,48.4827916,-122.3078164,,+1 360-755-3559,Coffee shop,coffee shops,Coffee shop,,,OPERATIONAL,,0x54856d8e8ed3f6e7:0xe2cac438fb9cdc12,ChIJ5_bTjo5thVQREtyc-zjEyuI,,https://lh3.googleusercontent.com/gps-cs-s/APNQkAEZ6xZ1oy6hDWtM62ZnYHLTUrl-WffJRra9ZSLXCwbdXtbpsTKeYhogqZpfd4TH3ZWdhnlV-yve1NQ9QDFfA44N_5FLKadnP2xkBmuuNldUI03nsypa997-KiiLNilZv9wW_Ona95YJPYbZ=w800-h500-k-no,"coffee shop, 98233, WA, US",98233,outscraper_google_maps
Coconut Kenny's Pizza - Burlington,,1060 S Burlington Blvd,Burlington,98233,,United States of America,48.4647626,-122.3344928,,+1 360-899-4548,Pizza restaurant,restaurants,Pizza restaurant,4.5,1132.0,OPERATIONAL,"{""Friday"": [""11AM-9PM""], ""Monday"": [""11AM-9PM""], ""Saturday"": [""11AM-9PM""], ""Sunday"": [""11AM-9PM""], ""Thursday"": [""11AM-9PM""], ""Tuesday"": [""11AM-9PM""], ""Wednesday"": [""11AM-9PM""]}",0x54856db9d00694a9:0xe7e980666bdb1e20,ChIJqZQG0LlthVQRIB7ba2aA6ec,https://search.google.com/local/reviews?placeid=ChIJqZQG0LlthVQRIB7ba2aA6ec&q=*&authuser=0&hl=en&gl=US,https://lh3.googleusercontent.com/gps-cs-s/APNQkAENoIeQeUOSWIz28rXA_M78fviFBuJvoimo3ObFYJfAhqb4X-hKRxhCyTJ7Tb1NuTEKnG6Rk-chFY-IjJCMbkZxf9hknQesI6_PFomeUHId9NV3b3Yq8bUdFvUkHL-VnyEwneI=w800-h500-k-no,"restaurant, 98233, WA, US",98233,outscraper_google_maps
Crumbl,,1815 Marketplace Dr,Burlington,98233,,United States of America,48.451376,-122.3392379,,+1 360-707-4953,Cookie shop,Cookie shop,"Cookie shop, Dessert shop",4.7,1205.0,OPERATIONAL,"{""Friday"": [""8AM-10:30PM""], ""Monday"": [""8AM-10PM""], ""Saturday"": [""8AM-10:30PM""], ""Sunday"": [""Closed""], ""Thursday"": [""8AM-10PM""], ""Tuesday"": [""8AM-10PM""], ""Wednesday"": [""8AM-10PM""]}",0x54856d1f73d99167:0xd93bda6d4cd631c0,ChIJZ5HZcx9thVQRwDHWTG3aO9k,https://search.google.com/local/reviews?placeid=ChIJZ5HZcx9thVQRwDHWTG3aO9k&q=*&authuser=0&hl=en&gl=US,https://lh3.googleusercontent.com/gps-cs-s/APNQkAGqDbM7PM4pgh2KxmQVa8GUpaH_9TzuMy6iQiv-DjxhU6BGtlmJk9gyqNrTMOYUqfxmHfQip5bGf8ed6Y_lrbB-JUdMYkKeoTecySMsknUS5KLzWEXd1-HB3r_7NPoQdRrR_bPG=w800-h500-k-no,"bakery, 98233, WA, US",98233,outscraper_google_maps
Diedrich Espresso Burlington Blvd,,111 Fountain St,Burlington,98233,,United States of America,48.4832118,-122.3348917,,+1 360-757-8081,Coffee shop,coffee shops,Coffee shop,4.2,208.0,OPERATIONAL,"{""Friday"": [""4AM-7PM""], ""Monday"": [""4AM-7PM""], ""Saturday"": [""5AM-7PM""], ""Sunday"": [""6AM-7PM""], ""Thursday"": [""4AM-7PM""], ""Tuesday"": [""4AM-7PM""], ""Wednesday"": [""4AM-7PM""]}",0x54856d9b80ac5ee9:0xc22ceba49d0bd678,ChIJ6V6sgJtthVQReNYLnaTrLMI,https://search.google.com/local/reviews?placeid=ChIJ6V6sgJtthVQReNYLnaTrLMI&q=*&authuser=0&hl=en&gl=US,https://lh3.googleusercontent.com/gps-cs-s/APNQkAFkQyRF-Q6y6T_KV7XmL1CXN5L8Fl4_WUh4kq-B118S-afBwhHi2QwLQ2cJ4viOsEr5ZgFugf9YXMSMj6QKWK9bMtbHduIrILF0vDLT8oAluhPxq167Xmm2UknGgmQm4726Z_0=w800-h500-k-no,"coffee shop, 98233, WA, US",98233,outscraper_google_maps
Diedrich Espresso Burlington on 99,,9400 Old Hwy 99 North Rd,Burlington,98233,,United States of America,48.509294,-122.3377388,,+1 360-757-1063,Coffee shop,coffee shops,Coffee shop,4.3,30.0,OPERATIONAL,"{""Friday"": [""4AM-6PM""], ""Monday"": [""4AM-6PM""], ""Saturday"": [""5AM-6PM""], ""Sunday"": [""6AM-6PM""], ""Thursday"": [""4AM-6PM""], ""Tuesday"": [""4AM-6PM""], ""Wednesday"": [""4AM-6PM""]}",0x548573caee7004cf:0x2587f8f03c4c172f,ChIJzwRw7spzhVQRLxdMPPD4hyU,https://search.google.com/local/reviews?placeid=ChIJzwRw7spzhVQRLxdMPPD4hyU&q=*&authuser=0&hl=en&gl=US,https://lh3.googleusercontent.com/gps-cs-s/APNQkAGyt3wy3Yc1WD_UhZ7zuKWrT_SWyFTXQ8OPfZIzir1JbcEZFbibeA8efxuq4PPUvfSZRd7bWI8cVN32NHt8wtkVQHp0-3BHhi6hvlmLbP48SGPW1o-c3xQ1L_sbsOeCXFfm1I32=w800-h500-k-no,"coffee shop, 98233, WA, US",98233,outscraper_google_maps
Domino's Pizza,,955 S Burlington Blvd,Burlington,98233,,United States of America,48.466789,-122.3362561,,+1 360-826-7064,Pizza restaurant,Pizza delivery,"Pizza restaurant, Delivery Restaurant, Takeout Restaurant, Pizza delivery, Pizza Takeout",4.0,22.0,OPERATIONAL,"{""Friday"": [""10:30AM-1AM""], ""Monday"": [""10:30AM-12AM""], ""Saturday"": [""10:30AM-1AM""], ""Sunday"": [""10:30AM-12AM""], ""Thursday"": [""10:30AM-12AM""], ""Tuesday"": [""10:30AM-12AM""], ""Wednesday"": [""10:30AM-12AM""]}",0x54999d6b2c7982b3:0xf2d96ab09c62806e,ChIJs4J5LGudmVQRboBinLBq2fI,https://search.google.com/local/reviews?placeid=ChIJs4J5LGudmVQRboBinLBq2fI&q=*&authuser=0&hl=en&gl=US,https://lh3.googleusercontent.com/gps-proxy/ALd4DhH5XTCO_qZUcqUYYwnL0GLAOIpFq6gXG79kMTaARQZIiBZvPec497lAmDmyIM-0FgYwQwdBRiPmt8Tv4W-OjCsGj1VrWZoyODRc0A96fZzCtKeXxyQsnKHXZODVa_iS1mis8mhBE_-YFmTbLNGpZ2vkZ4L2304y3xKU6CcbXe7zdhCL_XVSGCLPuQ=w800-h500-k-no,"pizza restaurant, 98233, WA, US",98233,outscraper_google_maps
El Gitano Mexican Restaurant,,624 E Fairhaven Ave,Burlington,98233,,United States of America,48.4753212,-122.3268599,,+1 360-755-9010,Mexican restaurant,restaurants,Mexican restaurant,4.2,327.0,OPERATIONAL,"{""Friday"": [""11AM-9PM""], ""Monday"": [""11AM-9PM""], ""Saturday"": [""11AM-9PM""], ""Sunday"": [""11AM-9PM""], ""Thursday"": [""11AM-9PM""], ""Tuesday"": [""11AM-9PM""], ""Wednesday"": [""Closed""]}",0x54856da23687ddb5:0x955e5224b834ed17,ChIJtd2HNqJthVQRF-00uCRSXpU,https://search.google.com/local/reviews?placeid=ChIJtd2HNqJthVQRF-00uCRSXpU&q=*&authuser=0&hl=en&gl=US,https://lh3.googleusercontent.com/gps-cs-s/APNQkAEeBPfD9LW0-wdg5bWWg3553CgDAgPTOQ02dpUYRNUPyYzgUAXQzbMabPEf_OliHGQPRJ3KrfL6TWkh9SzJmE8clrkcxSSG4uIWB_es_NGzIKDBHNb9M5ezRcRSJ5lv6d39aVY8nQ=w800-h500-k-no,"restaurant, 98233, WA, US",98233,outscraper_google_maps
Fairhaven Market,,734 E Fairhaven Ave #740,Burlington,98233,,United States of America,48.4753817,-122.3250849,,+1 360-755-0338,Grocery store,Grocery store,"Grocery store, Convenience store",4.1,20.0,OPERATIONAL,"{""Friday"": [""6AM-10PM""], ""Monday"": [""6AM-9PM""], ""Saturday"": [""7AM-10PM""], ""Sunday"": [""7AM-9PM""], ""Thursday"": [""6AM-9PM""], ""Tuesday"": [""6AM-9PM""], ""Wednesday"": [""7AM-9PM""]}",0x54856da3d347fabb:0x866695c93399c7c7,ChIJu_pH06NthVQRx8eZM8mVZoY,https://search.google.com/local/reviews?placeid=ChIJu_pH06NthVQRx8eZM8mVZoY&q=*&authuser=0&hl=en&gl=US,https://streetviewpixels-pa.googleapis.com/v1/thumbnail?panoid=J23SIJ0pImlDgUnolbHS6w&cb_client=search.gws-prod.gps&w=800&h=500&yaw=183.48808&pitch=0&thumbfov=100,"deli, 98233, WA, US",98233,outscraper_google_maps
Fidalgo Coffee Roasters,,856 N Hill Blvd,Burlington,98233,,United States of America,48.4905193,-122.325606,,+1 360-757-8818,Coffee roastery,Coffee roastery,"Coffee roastery, Coffee store, Coffee wholesaler",4.7,57.0,OPERATIONAL,"{""Friday"": [""10AM-3PM""], ""Monday"": [""10AM-3PM""], ""Saturday"": [""Closed""], ""Sunday"": [""Closed""], ""Thursday"": [""10AM-3PM""], ""Tuesday"": [""10AM-3PM""], ""Wednesday"": [""10AM-3PM""]}",0x54856d79e956b5f3:0x36b29008f6a248a6,ChIJ87VW6XlthVQRpkii9giQsjY,https://search.google.com/local/reviews?placeid=ChIJ87VW6XlthVQRpkii9giQsjY&q=*&authuser=0&hl=en&gl=US,https://lh3.googleusercontent.com/gps-cs-s/APNQkAFG1NbqRoE2tBgs9BEqYHQ78uWYlXGA4l0KKbOc6tD4ykukxj34I5v9xCS_SpSTGcKv3ShgkFNxVDsiVt1-0QiUqVKzt8RwO5HJyoEOGvYz84HZTXBNcrH08ODGgVJFW5fBQoSX=w800-h500-k-no,"cafe, 98233, WA, US",98233,outscraper_google_maps
Four Season Buffet,,1216 S Burlington Blvd,Burlington,98233,,United States of America,48.4628079,-122.3350311,,+1 360-757-8118,Buffet restaurant,restaurants,Buffet restaurant,4.1,1654.0,OPERATIONAL,"{""Friday"": [""10:30AM-9:30PM""], ""Monday"": [""10:30AM-9:30PM""], ""Saturday"": [""10:30AM-9:30PM""], ""Sunday"": [""10:30AM-9:30PM""], ""Thursday"": [""10:30AM-9:30PM""], ""Tuesday"": [""Closed""], ""Wednesday"": [""10:30AM-9:30PM""]}",0x54856db7da42e4df:0x11a62a247621db35,ChIJ3-RC2rdthVQRNdshdiQqphE,https://search.google.com/local/reviews?placeid=ChIJ3-RC2rdthVQRNdshdiQqphE&q=*&authuser=0&hl=en&gl=US,https://lh3.googleusercontent.com/gps-cs-s/APNQkAFE9bCIskrOGp6nsXMEHpXolQAWZ5cRtpw6_IyzYeWpIuTlefolnFdf29C4ogXggtU3WbYIgYoGzVPvOVyZIs_-y4Sl5HM0Yw0PjOZ6_yMIoB8UkMx_iM0oDHmHzx4T7shjNMpbQw=w800-h500-k-no,"restaurant, 98233, WA, US",98233,outscraper_google_maps
Foxy Lady Latte,,9566 Old Hwy 99 N,Burlington,98233,,United States of America,48.5067127,-122.3375876,,,Coffee stand,Coffee stand,Coffee stand,4.5,174.0,OPERATIONAL,"{""Friday"": [""4AM-8PM""], ""Monday"": [""4AM-8PM""], ""Saturday"": [""5AM-7PM""], ""Sunday"": [""6AM-6PM""], ""Thursday"": [""4AM-8PM""], ""Tuesday"": [""4AM-8PM""], ""Wednesday"": [""4AM-8PM""]}",0x548572853b1aa0d3:0xd2d4cc7d0ea0544b,ChIJ06AaO4VyhVQRS1SgDn3M1NI,https://search.google.com/local/reviews?placeid=ChIJ06AaO4VyhVQRS1SgDn3M1NI&q=*&authuser=0&hl=en&gl=US,https://lh3.googleusercontent.com/gps-cs-s/APNQkAGm8CW0oas_urDJquSmCBlwyBPo2g_XuqQwG56L07sb_3J16mdq0dvW3zdiDP6jVcQTQi1_YZ4oO18vJlWJ7QQBHZZPD-AbKG3nJ9zYMQrmefl0KXUmv4PuoRVhYSzku0eHqgTjW2OrwaKv=w800-h500-k-no,"coffee shop, 98233, WA, US",98233,outscraper_google_maps
Fred Meyer,,920 S Burlington Blvd,Burlington,98233,,United States of America,48.4670143,-122.3338403,,+1 360-757-9100,Deli,Grocery store,"Deli, Bakery, Butcher shop, Cheese shop, Grocery store, Florist, Grocery delivery service, Health food store, Liquor store, Seafood market",4.3,1662.0,OPERATIONAL,"{""Friday"": [""6AM-11PM""], ""Monday"": [""6AM-11PM""], ""Saturday"": [""6AM-11PM""], ""Sunday"": [""6AM-11PM""], ""Thursday"": [""6AM-11PM""], ""Tuesday"": [""6AM-11PM""], ""Wednesday"": [""6AM-11PM""]}",0x54856db98f544e7d:0xd4c58d5a4f25f13c,ChIJfU5Uj7lthVQRPPElT1qNxdQ,https://search.google.com/local/reviews?placeid=ChIJfU5Uj7lthVQRPPElT1qNxdQ&q=*&authuser=0&hl=en&gl=US,https://lh3.googleusercontent.com/gps-cs-s/APNQkAHK3mCeTGxvESrvwkVoEIcFlBS6WA2YkRp2ivPzy9MmAdEjovC74oydn7ZQuG_5Eq20i2ObBkZYvP4O4g2cTU5NxyX5qeyosqQ1ULVCnHxJ4Mgvzry0ZJILUuX18ygVdbmSmpDO=w800-h500-k-no,"deli, 98233, WA, US",98233,outscraper_google_maps
From the Farm Market Stand,,17790 Cook Rd,Burlington,98233,,United States of America,48.507136,-122.3613889,,+1 360-661-4252,Bakery,Fruit and vegetable store,"Bakery, Fruit and vegetable store",4.8,29.0,OPERATIONAL,,0x54856d4373638575:0x50b86bc18d7e70a,ChIJdYVjc0NthVQRCufXGLyGCwU,https://search.google.com/local/reviews?placeid=ChIJdYVjc0NthVQRCufXGLyGCwU&q=*&authuser=0&hl=en&gl=US,https://lh3.googleusercontent.com/gps-cs-s/APNQkAETo1Ew6n_V56Mr4i6A8I4hU7UP6b747j9vI9-D5LNaANnjJdNCgIp4liQcLYhYB4K736yZS1I5-l1GoFz5c6inlpIPpysek5ZKZ_4iApEgn1XVGX4s6x8PWB2mNF_FVKrq-BzShQ=w800-h500-k-no,"bakery, 98233, WA, US",98233,outscraper_google_maps
Garden Path Fermentation,,11653 Higgins Airport Way,Burlington,98233,,United States of America,48.476433,-122.417813,,+1 360-503-8956,Brewery,Brewery,"Brewery, Beer hall, Beer store, Cider bar, Wine bar, Winery",4.8,126.0,OPERATIONAL,"{""Friday"": [""2-9PM""], ""Monday"": [""2-8PM""], ""Saturday"": [""12-9PM""], ""Sunday"": [""12-8PM""], ""Thursday"": [""2-9PM""], ""Tuesday"": [""2-8PM""], ""Wednesday"": [""2-8PM""]}",0x548571e37bdbd9f9:0xb35149268a1a5c03,ChIJ-dnbe-NxhVQRA1waiiZJUbM,https://search.google.com/local/reviews?placeid=ChIJ-dnbe-NxhVQRA1waiiZJUbM&q=*&authuser=0&hl=en&gl=US,https://lh3.googleusercontent.com/gps-cs-s/APNQkAGGytgC2onXdTOiL6mcyBQDnx9OO383dqpoVvSmmCSCA4nGeJvEP4bLNh0CCXSZN_bXcepNrruNNtVxPESy3sbaYyPcNSjhf0UsWjPJrLvqW95f6VRua3BeR05owibKCcJ3I0bO=w800-h500-k-no,"brewery, 98233, WA, US",98233,outscraper_google_maps
Gene's Pub,,127 N Oak St,Burlington,98233,,United States of America,48.476101,-122.3294587,,+1 360-755-9124,Bar,bars,Bar,4.3,153.0,OPERATIONAL,"{""Friday"": [""12PM-12:30AM""], ""Monday"": [""12PM-12:30AM""], ""Saturday"": [""12PM-12:30AM""], ""Sunday"": [""12PM-12:30AM""], ""Thursday"": [""12PM-12:30AM""], ""Tuesday"": [""12PM-12:30AM""], ""Wednesday"": [""12PM-12:30AM""]}",0x54856da26ff8b71f:0xcaed78835e891fdc,ChIJH7f4b6JthVQR3B-JXoN47co,https://search.google.com/local/reviews?placeid=ChIJH7f4b6JthVQR3B-JXoN47co&q=*&authuser=0&hl=en&gl=US,https://lh3.googleusercontent.com/gps-cs-s/APNQkAE4xNPJmMEV10VW1vzL_-bt1zjm61Z_GR2TwxAaEAuUFtCurRhyN8oyePlkUjLjXz11j7KN6_BQdZZToPNh-KczQWQAAYAKZsyhmmEL4yxeWh4mIS_B7cUny1CTpMAu4BTzyQUGhQ=w800-h500-k-no,"bar, 98233, WA, US",98233,outscraper_google_maps
Golden Hour Cafe Skagit,,127 E Fairhaven Ave,Burlington,98233,,United States of America,48.4758202,-122.3344799,,+1 360-755-6116,Coffee shop,coffee shops,"Coffee shop, Breakfast restaurant, Brunch restaurant, Cafe, Coffee stand, Dessert restaurant, Sandwich shop",4.7,75.0,OPERATIONAL,"{""Friday"": [""9AM-2PM""], ""Monday"": [""Closed""], ""Saturday"": [""9AM-2PM""], ""Sunday"": [""9AM-2PM""], ""Thursday"": [""9AM-2PM""], ""Tuesday"": [""9AM-2PM""], ""Wednesday"": [""9AM-2PM""]}",0x54856d000d3ffd6b:0xf36752417486f53e,ChIJa_0_DQBthVQRPvWGdEFSZ_M,https://search.google.com/local/reviews?placeid=ChIJa_0_DQBthVQRPvWGdEFSZ_M&q=*&authuser=0&hl=en&gl=US,https://lh3.googleusercontent.com/gps-cs-s/APNQkAEG6-dm0nS4U1Opt5b1t8lLs9zkE99_x25_68ZIaCICVyVLQFIgHJv5qWwCVPrm6C6ElAn-tAiNLQlluDlmIWElaeWTj2sJLEwDhaMbQlUKDwGuHXQPv7NMrKHTE9-TUHzRdRN9yGQ2R8nO=w800-h500-k-no,"cafe, 98233, WA, US",98233,outscraper_google_maps
Haggen,,757 Haggen Dr,Burlington,98233,,United States of America,48.469258,-122.338879,,+1 360-814-1500,Grocery store,Grocery store,Grocery store,4.3,1256.0,OPERATIONAL,"{""Friday"": [""5AM-11PM""], ""Monday"": [""5AM-11PM""], ""Saturday"": [""5AM-11PM""], ""Sunday"": [""5AM-11PM""], ""Thursday"": [""5AM-11PM""], ""Tuesday"": [""5AM-11PM""], ""Wednesday"": [""5AM-11PM""]}",0x54856dbec786f993:0x77a868691cc3af98,ChIJk_mGx75thVQRmK_DHGloqHc,https://search.google.com/local/reviews?placeid=ChIJk_mGx75thVQRmK_DHGloqHc&q=*&authuser=0&hl=en&gl=US,https://lh3.googleusercontent.com/gps-cs-s/APNQkAHXQFAy7o-6uc7-HJT-GrC18v19dFLagNFgHi2gwqHaTVqhQX-XKdxjZw-YgsOiIwW0WHOipuYVKf-DXjSoA9zdt0idsaNh_DcHW6uXQTxBs7Qu-jQkTL7QLX7a4FxEgnxJlQAyfQ=w800-h500-k-no,"deli, 98233, WA, US",98233,outscraper_google_maps
Holiday Market,,887 Nevitt Rd,Burlington,98233,,United States of America,48.468982,-122.3447668,,+1 360-757-1221,Convenience store,Convenience store,"Convenience store, Gas station",4.3,332.0,OPERATIONAL,"{""Friday"": [""4AM-10PM""], ""Monday"": [""4AM-10PM""], ""Saturday"": [""4AM-10PM""], ""Sunday"": [""5AM-10PM""], ""Thursday"": [""4AM-10PM""], ""Tuesday"": [""4AM-10PM""], ""Wednesday"": [""4AM-10PM""]}",0x54856d98ddca6b37:0x83c457bc823d716d,ChIJN2vK3ZhthVQRbXE9grxXxIM,https://search.google.com/local/reviews?placeid=ChIJN2vK3ZhthVQRbXE9grxXxIM&q=*&authuser=0&hl=en&gl=US,https://lh3.googleusercontent.com/gps-cs-s/APNQkAErjXuaMuUbFcApC_J0-yzZ7DBexwNmBqUTut8WooSGMPlYrZqzH5FADhQsYqBoTtDs4nflTtybAUU2DFfdUmNWlj9wvTHtJ48BPy_GytY88FQZi5OCR_XSsTeuDKa44eE_PjvA=w800-h500-k-no,"deli, 98233, WA, US",98233,outscraper_google_maps
Jack in the Box,,9408 Old Hwy 99 N,Burlington,98233,,United States of America,48.5093407,-122.3387021,,+1 360-757-0938,Fast food restaurant,restaurants,"Fast food restaurant, American restaurant, Breakfast restaurant, Chicken restaurant, Dessert restaurant, Hamburger restaurant, Delivery Restaurant, Mexican restaurant, Restaurant",3.2,777.0,OPERATIONAL,"{""Friday"": [""7AM-2AM""], ""Monday"": [""7AM-1AM""], ""Saturday"": [""7AM-2AM""], ""Sunday"": [""7AM-1AM""], ""Thursday"": [""7AM-1AM""], ""Tuesday"": [""7AM-1AM""], ""Wednesday"": [""7AM-1AM""]}",0x5485729016deba75:0x753848951d76fc26,ChIJdbreFpByhVQRJvx2HZVIOHU,https://search.google.com/local/reviews?placeid=ChIJdbreFpByhVQRJvx2HZVIOHU&q=*&authuser=0&hl=en&gl=US,https://lh3.googleusercontent.com/gps-cs-s/APNQkAEQ9xLyYHsOIPFKyU9xO1DDX2AqR-k7s7Dtpmejezzo6e1V5VBS1R8Xpdfl567Ur6pnCf3DfRS5kIbr27X1gpDKjVb-VQaA2C3XwIBgbuvPjysaxXmZ7mxf_IXDnEcRY-ef4PI=w800-h500-k-no,"restaurant, 98233, WA, US",98233,outscraper_google_maps
Jimmy John's,,1824 S Burlington Blvd,Burlington,98233,,United States of America,48.4509525,-122.3348167,,+1 360-707-0170,Sandwich shop,restaurants,Sandwich shop,4.0,256.0,OPERATIONAL,"{""Friday"": [""11AM-9PM""], ""Monday"": [""11AM-9PM""], ""Saturday"": [""11AM-9PM""], ""Sunday"": [""11AM-9PM""], ""Thursday"": [""11AM-9PM""], ""Tuesday"": [""11AM-9PM""], ""Wednesday"": [""11AM-9PM""]}",0x54856c3340595197:0x32354334a39f3e89,ChIJl1FZQDNshVQRiT6fozRDNTI,https://search.google.com/local/reviews?placeid=ChIJl1FZQDNshVQRiT6fozRDNTI&q=*&authuser=0&hl=en&gl=US,https://lh3.googleusercontent.com/gps-cs-s/APNQkAGOG7SgV0F8NdiBbUSEKNJwX0KAVxTgoRHRVuElERjI-YMsVcX2QwOLas6r3zdrOC-H7opl-2ePAgnWYZI_OCP-CvSs4vkV8huunKOwXGNM-YHZtVr5h6dSn2JxQ4G-vWtfI85KsGbySq3-=w800-h500-k-no,"deli, 98233, WA, US",98233,outscraper_google_maps
La Terraza Food Truck IV,,157 S Burlington Blvd,Burlington,98233,,United States of America,48.4751814,-122.3360583,,+1 425-309-5230,Mexican restaurant,restaurants,Mexican restaurant,4.9,11.0,OPERATIONAL,"{""Friday"": [""10AM-9PM""], ""Monday"": [""10AM-8PM""], ""Saturday"": [""10AM-9PM""], ""Sunday"": [""10AM-8PM""], ""Thursday"": [""10AM-8PM""], ""Tuesday"": [""10AM-8PM""], ""Wednesday"": [""10AM-8PM""]}",0x54856d77cdf6b7c1:0xbe35b368b5e85807,ChIJwbf2zXdthVQRB1jotWizNb4,https://search.google.com/local/reviews?placeid=ChIJwbf2zXdthVQRB1jotWizNb4&q=*&authuser=0&hl=en&gl=US,https://lh3.googleusercontent.com/gps-proxy/ALd4DhEvC-dRkIH2kgCDogpo1O_y9wBsCIbNojS04DiPFmzAA0AjG0EibGal2YxtdQPaoOH0lmkvg1ZeFHqnT3KWUIhUs_p3YuhIpYP8IPskmlyPeIsEixZ8OjY3wlqpHVcTIh7iVqkmPyId6eS-O2taqCCVMNZhA2eLr6WeIrVpchK1RPuMLI_nmNFV=w800-h500-k-no,"mexican restaurant, 98233, WA, US",98233,outscraper_google_maps
La Tiendita Mixteca,,145 Cascade Pl Ste 105,Burlington,98233,,United States of America,48.4605346,-122.334099,,+1 360-848-5845,Mexican goods store,Tienda de productos mexicanos,Mexican goods store,3.8,72.0,OPERATIONAL,"{""Friday"": [""9AM-7PM""], ""Monday"": [""9AM-7PM""], ""Saturday"": [""9AM-7PM""], ""Sunday"": [""9AM-7PM""], ""Thursday"": [""9AM-7PM""], ""Tuesday"": [""9AM-7PM""], ""Wednesday"": [""9AM-7PM""]}",0x54856d6137d355db:0x1893872701094b63,ChIJ21XTN2FthVQRY0sJASeHkxg,https://search.google.com/local/reviews?placeid=ChIJ21XTN2FthVQRY0sJASeHkxg&q=*&authuser=0&hl=en&gl=US,https://lh3.googleusercontent.com/gps-cs-s/APNQkAF91C4cqyuFIvGbtRFQq41iDIv8rABnVvzSdaZNs_YP-wt3bMaLgZk7GNjSo3Ulc1vLYxLZqHH6DpAIJvjoaamYqKEoKoU_cv7oRKQfIIq1QvOFHsIOK-Ij09nTP-3IXRPXAIek=w800-h500-k-no,"mexican restaurant, 98233, WA, US",98233,outscraper_google_maps
Lafeens Donuts Ice Cream And Espresso,,320 N Burlington Blvd,Burlington,98233,,United States of America,48.4775629,-122.3352104,,+1 360-755-0195,Dessert shop,Dessert shop,Dessert shop,4.5,321.0,OPERATIONAL,"{""Friday"": [""6AM-6:30PM""], ""Monday"": [""6:30AM-4PM""], ""Saturday"": [""6AM-6:30PM""], ""Sunday"": [""6:30AM-4PM""], ""Thursday"": [""6AM-6:30PM""], ""Tuesday"": [""6:30AM-4PM""], ""Wednesday"": [""6AM-6:30PM""]}",0x54856d98358e52d7:0x72aa1d6b2da15002,ChIJ11KONZhthVQRAlChLWsdqnI,https://search.google.com/local/reviews?placeid=ChIJ11KONZhthVQRAlChLWsdqnI&q=*&authuser=0&hl=en&gl=US,https://lh3.googleusercontent.com/gps-cs-s/APNQkAFYRG5apUkRvehmHHKIHKArtr4sHaFxZGCaYAdreDUa0Q36bcBlV8Kne2wfOTiM_17AE-nZqier1PLfoLVUTKKCdCAyVRocf-fvBdOa9QxkJKkKsH6Q7209BovFd0Y496wF5xsz=w800-h500-k-no,"coffee shop, 98233, WA, US",98233,outscraper_google_maps
Little Caesars Pizza,,940 S Burlington Blvd,Burlington,98233,,United States of America,48.466341,-122.334207,,+1 360-205-5450,Pizza restaurant,restaurants,"Pizza restaurant, Fast food restaurant, Pizza delivery, Pizza Takeout",3.9,192.0,OPERATIONAL,"{""Friday"": [""10AM-10PM""], ""Monday"": [""10AM-10PM""], ""Saturday"": [""10AM-10PM""], ""Sunday"": [""10AM-10PM""], ""Thursday"": [""10AM-10PM""], ""Tuesday"": [""10AM-10PM""], ""Wednesday"": [""10AM-10PM""]}",0x548579e5536e7363:0x29a67c8f757aba22,ChIJY3NuU-V5hVQRIrp6dY98pik,https://search.google.com/local/reviews?placeid=ChIJY3NuU-V5hVQRIrp6dY98pik&q=*&authuser=0&hl=en&gl=US,https://lh3.googleusercontent.com/gps-cs-s/APNQkAGdqCDQ1PAvhQ8dKIq93VpRujxvmkgmPMMqqBDGiSlYnpVyqrnACbAaaCZUrvEWS6SkHxZKBgjtC8qf9BgYh47dvo_d3gpU03LwR0YxmLrP0piyVz3_uDkbeMKrUVDICag5ZD_gfg=w800-h500-k-no,"pizza restaurant, 98233, WA, US",98233,outscraper_google_maps
MOD Pizza,,626 Haggen Dr Suite 116,Burlington,98233,,United States of America,48.4710445,-122.3375969,,+1 360-707-0800,Pizza restaurant,restaurants,"Pizza restaurant, Restaurant",4.6,1320.0,OPERATIONAL,"{""Friday"": [""10:30AM-11PM""], ""Monday"": [""10:30AM-10PM""], ""Saturday"": [""10:30AM-11PM""], ""Sunday"": [""10:30AM-10PM""], ""Thursday"": [""10:30AM-11PM""], ""Tuesday"": [""10:30AM-10PM""], ""Wednesday"": [""10:30AM-10PM""]}",0x54856dbc0e4c728b:0x1f4135fc617498eb,ChIJi3JMDrxthVQR65h0Yfw1QR8,https://search.google.com/local/reviews?placeid=ChIJi3JMDrxthVQR65h0Yfw1QR8&q=*&authuser=0&hl=en&gl=US,https://lh3.googleusercontent.com/gps-cs-s/APNQkAF0VWiXjlbzyGRPv1gJvjHxLeLz6d2gbrizfFPTj5UJGNZx2W5QwtQrZGredkNAZOStGXtq1hi2dsu7vAsrhQPJsZEBb1KEsMPQWUcqT__lHn340w2YowjYwQuvQB5QCFP-488QqA=w800-h500-k-no,"restaurant, 98233, WA, US",98233,outscraper_google_maps
McDonald's,,876 Nevitt Rd,Burlington,98233,,United States of America,48.468466,-122.343693,,+1 360-757-8952,Fast food restaurant,restaurants,"Fast food restaurant, Breakfast restaurant, Coffee shop, Hamburger restaurant, Restaurant, Sandwich shop",3.5,2741.0,OPERATIONAL,"{""Friday"": [""Open 24 hours""], ""Monday"": [""Open 24 hours""], ""Saturday"": [""Open 24 hours""], ""Sunday"": [""Open 24 hours""], ""Thursday"": [""Open 24 hours""], ""Tuesday"": [""Open 24 hours""], ""Wednesday"": [""Open 24 hours""]}",0x54856dbf682a0631:0x4996075fb3f0fd65,ChIJMQYqaL9thVQRZf3ws18Hlkk,https://search.google.com/local/reviews?placeid=ChIJMQYqaL9thVQRZf3ws18Hlkk&q=*&authuser=0&hl=en&gl=US,https://lh3.googleusercontent.com/gps-cs-s/APNQkAEMh-I_jZ2cckXqgaKCuU551WJh176vmmSdjHZfztoEKxDVoUK_hVy1oFJBufeLOPvKX7Ds5qgthg7FcbZxkGhgqfcHzk660OgiigBJ4QKnowisM_d8xSBlanWvwpatDq117Cus=w800-h500-k-no,"restaurant, 98233, WA, US",98233,outscraper_google_maps
Mi Mexico Restaurant,,481 S Burlington Blvd,Burlington,98233,,United States of America,48.4724917,-122.3361295,,+1 360-564-8140,Mexican restaurant,restaurants,Mexican restaurant,4.4,1414.0,OPERATIONAL,"{""Friday"": [""11AM-11PM""], ""Monday"": [""11AM-10PM""], ""Saturday"": [""11AM-11PM""], ""Sunday"": [""11AM-10PM""], ""Thursday"": [""11AM-10PM""], ""Tuesday"": [""11AM-10PM""], ""Wednesday"": [""11AM-10PM""]}",0x54856dbda8fe8749:0x3c5192030abb8b35,ChIJSYf-qL1thVQRNYu7CgOSUTw,https://search.google.com/local/reviews?placeid=ChIJSYf-qL1thVQRNYu7CgOSUTw&q=*&authuser=0&hl=en&gl=US,https://lh3.googleusercontent.com/gps-cs-s/APNQkAFnNRemUZXVLnLvJ2qGzE17OhRzMkHxdLucY9QO8CMQQbbzwDCGjz6u6K4ozT0mMN7Sw6AooqEBpk11Wfnh-YOpHdjwO6E2qGNClArcqjE98IFRWoX6P38gbFuq5r9GYdrPuuxw=w800-h500-k-no,"restaurant, 98233, WA, US",98233,outscraper_google_maps
Northwest Brewers Supply,,320 E Fairhaven Ave #100,Burlington,98233,,United States of America,48.4753249,-122.3314017,,+1 360-293-0424,Brewing supply store,Brewing supply store,Brewing supply store,4.9,190.0,OPERATIONAL,"{""Friday"": [""10AM-6PM""], ""Monday"": [""Closed""], ""Saturday"": [""10AM-6PM""], ""Sunday"": [""Closed""], ""Thursday"": [""10AM-6PM""], ""Tuesday"": [""10AM-6PM""], ""Wednesday"": [""10AM-6PM""]}",0x548579e6ce8473c5:0xda785b3d9918bd07,ChIJxXOEzuZ5hVQRB70YmT1beNo,https://search.google.com/local/reviews?placeid=ChIJxXOEzuZ5hVQRB70YmT1beNo&q=*&authuser=0&hl=en&gl=US,https://lh3.googleusercontent.com/gps-cs-s/APNQkAEdWHockdC15CVBeigawYnzQ74uHH9MeFO_9ukTK8-BUqGqX4h8vxGWYvMe03yqACA0xkLBEsOVOGq5C6uBaLQa9HTV4OqOEEsIsUxsOKtGrjpJfUk3h-HZIhuwYCpg3_JI7Zo9lIy35Ig=w800-h500-k-no,"brewery, 98233, WA, US",98233,outscraper_google_maps
Olive Garden Italian Restaurant,,1809 Marketplace Dr,Burlington,98233,,United States of America,48.451471,-122.3383491,,+1 360-757-0480,Italian restaurant,restaurants,"Italian restaurant, Caterer, Family restaurant, Gluten-free restaurant, Takeout Restaurant, Mediterranean restaurant, Seafood restaurant, Soup restaurant, Wine bar",4.3,2503.0,OPERATIONAL,"{""Friday"": [""11AM-11PM""], ""Monday"": [""11AM-10PM""], ""Saturday"": [""11AM-11PM""], ""Sunday"": [""11AM-10PM""], ""Thursday"": [""11AM-10PM""], ""Tuesday"": [""11AM-10PM""], ""Wednesday"": [""11AM-10PM""]}",0x54856c32d5e84f7b:0x1f8470bcd1211b1f,ChIJe0_o1TJshVQRHxsh0bxwhB8,https://search.google.com/local/reviews?placeid=ChIJe0_o1TJshVQRHxsh0bxwhB8&q=*&authuser=0&hl=en&gl=US,https://lh3.googleusercontent.com/gps-cs-s/APNQkAHqPL4hvAH1tsn8rcj56hmai22N1MPptbNaRNW_QiW3MnAVqiMgLzmBhnimvYuYBcrz-f6i13C2SVRjUUhQ7BjcUmvzQKUhco4-DcfwdvwkotKJiJG4BHDSb8WSvzEq7LB3iVZs=w800-h500-k-no,"restaurant, 98233, WA, US",98233,outscraper_google_maps
Panera Bread,,1749 S Burlington Blvd,Burlington,98233,,United States of America,48.4532907,-122.336813,,+1 360-707-0894,Cafe,cafes,"Cafe, Bakery, Breakfast restaurant, Caterer, Coffee shop, Delivery service, Takeout Restaurant, Salad shop, Sandwich shop, Soup restaurant",4.1,983.0,OPERATIONAL,"{""Friday"": [""7AM-9PM""], ""Monday"": [""7AM-9PM""], ""Saturday"": [""7AM-9PM""], ""Sunday"": [""7AM-8PM""], ""Thursday"": [""7AM-9PM""], ""Tuesday"": [""7AM-9PM""], ""Wednesday"": [""7AM-9PM""]}",0x54856c334e1c3ebf:0x20f145a91e761bb2,ChIJvz4cTjNshVQRsht2HqlF8SA,https://search.google.com/local/reviews?placeid=ChIJvz4cTjNshVQRsht2HqlF8SA&q=*&authuser=0&hl=en&gl=US,https://lh3.googleusercontent.com/gps-cs-s/APNQkAFw54h29dyrmaW9f4ArWEEZWTMxebKuXB66jzUTOHQG3XVpHht4eAjMsH9WhnR0Pm4XIKmpQ7rRMM5Aun3wo6xDaSSCOm-lJPpM1ItxjIOjOULWC-5-mHfEiYuL17xRBgun57g=w800-h500-k-no,"restaurant, 98233, WA, US",98233,outscraper_google_maps
Papa Murphy's | Take 'N' Bake Pizza,,1034 S Burlington Blvd,Burlington,98233,,United States of America,48.4650426,-122.335373,,+1 360-707-2902,Pizza restaurant,restaurants,"Pizza restaurant, Family restaurant, Italian restaurant, Takeout Restaurant, Vegetarian restaurant",4.4,253.0,OPERATIONAL,"{""Friday"": [""11AM-8PM""], ""Monday"": [""11AM-8PM""], ""Saturday"": [""11AM-8PM""], ""Sunday"": [""11AM-8PM""], ""Thursday"": [""11AM-8PM""], ""Tuesday"": [""11AM-8PM""], ""Wednesday"": [""11AM-8PM""]}",0x54856db9cb29465b:0xa63eff2241509de2,ChIJW0Ypy7lthVQR4p1QQSL_PqY,https://search.google.com/local/reviews?placeid=ChIJW0Ypy7lthVQR4p1QQSL_PqY&q=*&authuser=0&hl=en&gl=US,https://lh3.googleusercontent.com/gps-cs-s/APNQkAHlyGuCz5L1jHUP75UllZ94wDlD_Lsgq_msaUmzLbkW08mHFD8OGF4K2le0hG9DnV8zuUw68pGVZZOulkJ3TdztlhkQtZGWXLHjFUnxsk3nHjMgLAW24gsgxD_PLdgnv-fj1-AKgADh5t1D=w800-h500-k-no,"pizza restaurant, 98233, WA, US",98233,outscraper_google_maps
Pizza Factory,,107 Cedar St,Burlington,98233,,United States of America,48.4682704,-122.3349529,,+1 360-757-0600,Pizza restaurant,restaurants,"Pizza restaurant, Delivery service, Family restaurant, Italian restaurant, Delivery Restaurant, Pasta shop, Pizza delivery, Pizza Takeout, Restaurant, Salad shop",4.3,623.0,OPERATIONAL,"{""Friday"": [""11AM-10PM""], ""Monday"": [""11AM-9PM""], ""Saturday"": [""11AM-10PM""], ""Sunday"": [""11AM-8PM""], ""Thursday"": [""11AM-9PM""], ""Tuesday"": [""11AM-9PM""], ""Wednesday"": [""11AM-9PM""]}",0x54856dbbe01f0cc9:0x5a988751e959fa60,ChIJyQwf4LtthVQRYPpZ6VGHmFo,https://search.google.com/local/reviews?placeid=ChIJyQwf4LtthVQRYPpZ6VGHmFo&q=*&authuser=0&hl=en&gl=US,https://lh3.googleusercontent.com/gps-cs-s/APNQkAF1aa3sohSf5D6Ojwl5cOe5LN-Qsr5MyD7b_DUBkeJtMsRBHf8HmWyB3Pq4OVxS9kQnT5I_Fn8kTJM25xm_R3mzxF9jeLMY4PMNh7d9KyJCrVRBcFcfZjvubuFpJtcsQMDtj7Q1=w800-h500-k-no,"restaurant, 98233, WA, US",98233,outscraper_google_maps
Pizza Hut Express,,199 Cascade Mall Dr,Burlington,98233,,United States of America,48.4654429,-122.3385582,,+1 360-757-6737,Pizza restaurant,restaurants,"Pizza restaurant, Pizza Takeout",3.5,21.0,OPERATIONAL,,0x54856db8f464c88b:0x5b6d285cc2612ee7,ChIJi8hk9LhthVQR5y5hwlwobVs,https://search.google.com/local/reviews?placeid=ChIJi8hk9LhthVQR5y5hwlwobVs&q=*&authuser=0&hl=en&gl=US,https://lh3.googleusercontent.com/gps-cs-s/APNQkAG_CitAqoxHGVsh7J0t4VDIvMUUYBf8yXk6SL9dfbl8Q0FdWFSYC5C4N2nsCMkzeHUshI57bAOVlIjS-Gz7MQ35Rh7x41PzWVs7HDk_nGNxwZb_hDqEucwaUtW1GZbNAFVvbE8=w800-h500-k-no,"pizza restaurant, 98233, WA, US",98233,outscraper_google_maps
Poke Oasis,,212 Fashion Way,Burlington,98233,,United States of America,48.4570563,-122.3373958,,+1 360-899-4567,Asian restaurant,restaurants,Asian restaurant,4.8,452.0,OPERATIONAL,"{""Friday"": [""11AM-8:30PM""], ""Monday"": [""11AM-8:30PM""], ""Saturday"": [""12-8PM""], ""Sunday"": [""12-6PM""], ""Thursday"": [""11AM-8:30PM""], ""Tuesday"": [""11AM-8:30PM""], ""Wednesday"": [""11AM-8:30PM""]}",0x54856dfd099c0f25:0xe964fc826964b366,ChIJJQ-cCf1thVQRZrNkaYL8ZOk,https://search.google.com/local/reviews?placeid=ChIJJQ-cCf1thVQRZrNkaYL8ZOk&q=*&authuser=0&hl=en&gl=US,https://lh3.googleusercontent.com/gps-cs-s/APNQkAERlUEt2EIrqcdkthB35uHYJqe3TXECTyFZjkQ9IKRjuwl1FZbjHHKS6NDmaGiPvqWT6fKfTfql1TA6Apu9-gnWjljHrEnjWhoXi0V0h9Ytx1liLWOte071KYE1c8zUwmCUdJE=w800-h500-k-no,"restaurant, 98233, WA, US",98233,outscraper_google_maps
Popeyes Louisiana Kitchen,,120 Cascade Mall Dr,Burlington,98233,,United States of America,48.4638366,-122.3364563,,+1 360-707-2128,Chicken restaurant,restaurants,"Chicken restaurant, Cajun restaurant, Fast food restaurant, Restaurant, Seafood restaurant",3.5,985.0,OPERATIONAL,"{""Friday"": [""10AM-12AM""], ""Monday"": [""10AM-11PM""], ""Saturday"": [""10AM-12AM""], ""Sunday"": [""10AM-11PM""], ""Thursday"": [""10AM-11PM""], ""Tuesday"": [""10AM-11PM""], ""Wednesday"": [""10AM-11PM""]}",0x54856db823ec2337:0xc0c37ddd8daa0a99,ChIJNyPsI7hthVQRmQqqjd19w8A,https://search.google.com/local/reviews?placeid=ChIJNyPsI7hthVQRmQqqjd19w8A&q=*&authuser=0&hl=en&gl=US,https://lh3.googleusercontent.com/gps-cs-s/APNQkAFCRTARuNtnqfoQ85E_uM8y0dzVxee8y5AIuytwYCZwrxVvblNT708xisS1Ox-2zQxDh1YfNVPtrmgd3UnjMe6i9RfqfpketKhoaKf80J-rdaCd-mE9UYOQLk-4UrLZh9QVyP-j=w800-h500-k-no,"restaurant, 98233, WA, US",98233,outscraper_google_maps
Quantum Café,,121 S Spruce St Suite 2,Burlington,98233,,United States of America,48.4748972,-122.3310878,,+1 360-230-1349,Coffee shop,coffee shops,Coffee shop,4.9,43.0,OPERATIONAL,"{""Friday"": [""7AM-5PM""], ""Monday"": [""7AM-5PM""], ""Saturday"": [""7:30AM-2PM""], ""Sunday"": [""Closed""], ""Thursday"": [""7AM-5PM""], ""Tuesday"": [""7AM-5PM""], ""Wednesday"": [""7AM-5PM""]}",0x54856d7c815ed47f:0x39b32e2cc6959a95,ChIJf9RegXxthVQRlZqVxiwuszk,https://search.google.com/local/reviews?placeid=ChIJf9RegXxthVQRlZqVxiwuszk&q=*&authuser=0&hl=en&gl=US,https://lh3.googleusercontent.com/gps-cs-s/APNQkAGfVB2ouNsBOBs3mRwdBmesaRFH26sZYVGwOG9dAeIvcP2nbujl9gO73fpSdJuIwsvQLdKc3djLnPUyJTLXdszK3zFFyPlvcQY3ghN_3l-5mTJFUd_Ilky0cxoP452CI1BqAgnl8p8K5bJS=w800-h500-k-no,"restaurant, 98233, WA, US",98233,outscraper_google_maps
Railroad Pub & Pizza,,122 S Spruce St,Burlington,98233,,United States of America,48.4749938,-122.3305164,,+1 360-982-2133,Pizza restaurant,restaurants,"Pizza restaurant, Bar",4.6,1149.0,OPERATIONAL,"{""Friday"": [""11AM-10PM""], ""Monday"": [""11AM-9PM""], ""Saturday"": [""11AM-10PM""], ""Sunday"": [""11AM-9PM""], ""Thursday"": [""11AM-9PM""], ""Tuesday"": [""11AM-9PM""], ""Wednesday"": [""11AM-9PM""]}",0x54856da2f29d2675:0xd4d59ce082cb6ae4,ChIJdSad8qJthVQR5GrLguCc1dQ,https://search.google.com/local/reviews?placeid=ChIJdSad8qJthVQR5GrLguCc1dQ&q=*&authuser=0&hl=en&gl=US,https://lh3.googleusercontent.com/gps-cs-s/APNQkAEwOx6ymP80AKv6FuFI5nCHIfl6NiAg3GYJLX24DYMG8Ztamze3klJGnAjedCxxbMNk0n-0jJ1SFX6pbUEd2x2W9oKjH0in3ld2CZ1iu8XQxvodRI-71ce8yfsV3axXXfoOZJNY=w800-h500-k-no,"restaurant, 98233, WA, US",98233,outscraper_google_maps
Red Robin Gourmet Burgers and Brews,,1075 S Burlington Blvd,Burlington,98233,,United States of America,48.464892,-122.336221,,+1 360-757-8646,Restaurant,restaurants,"Restaurant, American restaurant, Grill, Bar, Bar & grill, Family restaurant, Hamburger restaurant, Lunch restaurant, Takeout Restaurant, Traditional American restaurant",3.9,2066.0,OPERATIONAL,"{""Friday"": [""11AM-11PM""], ""Monday"": [""11AM-10PM""], ""Saturday"": [""11AM-11PM""], ""Sunday"": [""11AM-10PM""], ""Thursday"": [""11AM-10PM""], ""Tuesday"": [""11AM-10PM""], ""Wednesday"": [""11AM-10PM""]}",0x54856db9b57d5621:0xc11603a961e0a33b,ChIJIVZ9tblthVQRO6PgYakDFsE,https://search.google.com/local/reviews?placeid=ChIJIVZ9tblthVQRO6PgYakDFsE&q=*&authuser=0&hl=en&gl=US,https://lh3.googleusercontent.com/gps-cs-s/APNQkAFpEQLG2rgvE3XmSK5lF61nWzH_toVQZ4ZSByvgMlsdaAqWv3fkxURmxhrlz6PZjBdUbXZCp93IYIEKJ7UTYXcLuNcLpRDwgE-hhSt_AOFTECFTyPsIdmc8fcBdrDuE9QMD2CaR3Q=w800-h500-k-no,"restaurant, 98233, WA, US",98233,outscraper_google_maps
Sakura Japanese Steakhouse and Sushi Bar,,1830 S Burlington Blvd,Burlington,98233,,United States of America,48.450909,-122.334252,,+1 360-588-4281,Japanese restaurant,restaurants,"Japanese restaurant, Steak house, Sushi restaurant",4.2,1745.0,OPERATIONAL,"{""Friday"": [""11AM-9PM""], ""Monday"": [""11AM-9PM""], ""Saturday"": [""12-9PM""], ""Sunday"": [""12-9PM""], ""Thursday"": [""11AM-9PM""], ""Tuesday"": [""11AM-9PM""], ""Wednesday"": [""11AM-9PM""]}",0x54856c334102b8bd:0x919a5255152eba91,ChIJvbgCQTNshVQRkbouFVVSmpE,https://search.google.com/local/reviews?placeid=ChIJvbgCQTNshVQRkbouFVVSmpE&q=*&authuser=0&hl=en&gl=US,https://lh3.googleusercontent.com/gps-cs-s/APNQkAG2Zxc0WjSGqK0mB7SzY5I42C7H0eXuneJeSPAg7zPEIUqhE2PWnCp6Y1C9hk1zIsIXX62zczZwYdSkE-ATKKpO5o_TBsngWsc5BwmZ-LymMgRwxVzi8baS4ghEl3bcoAV0XFZOGA=w800-h500-k-no,"restaurant, 98233, WA, US",98233,outscraper_google_maps
Speakeasy Saloon,,107 N Spruce St,Burlington,98233,,United States of America,48.4758689,-122.3309179,,+1 360-982-2284,Bar,bars,Bar,4.6,77.0,OPERATIONAL,"{""Friday"": [""4-11PM""], ""Monday"": [""4-10PM""], ""Saturday"": [""4-11PM""], ""Sunday"": [""4-10PM""], ""Thursday"": [""4-10PM""], ""Tuesday"": [""4-10PM""], ""Wednesday"": [""4-10PM""]}",0x54856d0021cba439:0xca55d04d9a87bc27,ChIJOaTLIQBthVQRJ7yHmk3QVco,https://search.google.com/local/reviews?placeid=ChIJOaTLIQBthVQRJ7yHmk3QVco&q=*&authuser=0&hl=en&gl=US,https://lh3.googleusercontent.com/gps-cs-s/APNQkAHWSC3DUYeK8_DKuORE7RHqF5LzWph6dJcmgm2wn_syqG1CtOCv8OAhheSq2JEhuYavV_pyZxhUyO0mEgvVI3Q-iogRI51YNtcqTQHFxdcJRZ7oEGfRYNqhWGTw8X4lhC_P0Sd9JcWUv5IR=w800-h500-k-no,"restaurant, 98233, WA, US",98233,outscraper_google_maps
Sports Keg Grill,,1660 S Burlington Blvd,Burlington,98233,,United States of America,48.454475,-122.3351657,,+1 360-757-7828,Restaurant,restaurants,"Restaurant, Lounge bar",4.2,1071.0,OPERATIONAL,"{""Friday"": [""7AM-1AM""], ""Monday"": [""7AM-12AM""], ""Saturday"": [""7AM-1AM""], ""Sunday"": [""7AM-12AM""], ""Thursday"": [""7AM-12AM""], ""Tuesday"": [""7AM-12AM""], ""Wednesday"": [""7AM-12AM""]}",0x54856dcb6b5b8941:0x3d8433b88a620ab5,ChIJQYlba8tthVQRtQpiirgzhD0,https://search.google.com/local/reviews?placeid=ChIJQYlba8tthVQRtQpiirgzhD0&q=*&authuser=0&hl=en&gl=US,https://lh3.googleusercontent.com/gps-cs-s/APNQkAGVH8DO_qFUljv7hKtlHAjbyMut9b5chbi-RLOvTyvOl1AXHHP2UzK3OSC0LIkR_aKJ4A6F13RAnEXo4X-6VLX4Zmchi4r5iZFk1mRq_YfeDENEAyzE0g9QLZek9mX4eQLeNALoAg=w800-h500-k-no,"restaurant, 98233, WA, US",98233,outscraper_google_maps
Starbucks Coffee Company,,9660 Old Hwy 99 North Rd,Burlington,98233,,United States of America,48.505318,-122.3370023,,+1 360-757-7424,Coffee shop,coffee shops,"Coffee shop, Breakfast restaurant, Cafe, Coffee store, Espresso bar, Internet cafe",4.2,718.0,OPERATIONAL,"{""Friday"": [""4:30AM-8PM""], ""Monday"": [""4:30AM-8PM""], ""Saturday"": [""5AM-8PM""], ""Sunday"": [""5AM-8PM""], ""Thursday"": [""4:30AM-8PM""], ""Tuesday"": [""4:30AM-8PM""], ""Wednesday"": [""4:30AM-8PM""]}",0x548572851e597dbd:0xbd4c4a87d09b7f62,ChIJvX1ZHoVyhVQRYn-b0IdKTL0,https://search.google.com/local/reviews?placeid=ChIJvX1ZHoVyhVQRYn-b0IdKTL0&q=*&authuser=0&hl=en&gl=US,https://lh3.googleusercontent.com/gps-cs-s/APNQkAEMudXlmtsg_EZ5ElwQzV317QYeYtrL0gQ-2VIH9oWNUEjOl1JNyNHLnDTv52Bw1jKhmUGqW7wYHhiUA02RezQhs3N2KWnT_b4cZ4VJOPqcsSaWKpDSC5OMi68P6ADe0Uv5jq_7Zw=w800-h500-k-no,"cafe, 98233, WA, US",98233,outscraper_google_maps
Starbucks Coffee Company,,920 S Burlington Blvd,Burlington,98233,,United States of America,48.46671,-122.33428,,+1 360-757-9100,Coffee shop,coffee shops,"Coffee shop, Cafe, Coffee store, Espresso bar",3.8,109.0,OPERATIONAL,"{""Friday"": [""6AM-6PM""], ""Monday"": [""6AM-6PM""], ""Saturday"": [""6AM-6PM""], ""Sunday"": [""6AM-6PM""], ""Thursday"": [""6AM-6PM""], ""Tuesday"": [""6AM-6PM""], ""Wednesday"": [""6AM-6PM""]}",0x54856db9831375ff:0x8e28630ab07979b7,ChIJ_3UTg7lthVQRt3l5sApjKI4,https://search.google.com/local/reviews?placeid=ChIJ_3UTg7lthVQRt3l5sApjKI4&q=*&authuser=0&hl=en&gl=US,https://lh3.googleusercontent.com/gps-cs-s/APNQkAE3hSKLPTI9c0zkit6D6bK6XzvRvggsKWaNN3YdSiSaAIflu0Vw80ny07zRrYMqoJV6nkUckrSmiCD7RniYMMPTaFTKjQrWOX-ST8Fom9i8X-K6UyDMF7y_CNL9zdMOccjJahs=w800-h500-k-no,"coffee shop, 98233, WA, US",98233,outscraper_google_maps
Starbucks Coffee Company,,199 Cascade Mall Dr,Burlington,98233,,United States of America,48.4655,-122.3387901,,+1 360-757-6737,Coffee shop,coffee shops,"Coffee shop, Cafe, Coffee store, Espresso bar",3.7,119.0,OPERATIONAL,"{""Friday"": [""8AM-8PM""], ""Monday"": [""8AM-8PM""], ""Saturday"": [""8AM-8PM""], ""Sunday"": [""8AM-8PM""], ""Thursday"": [""8AM-8PM""], ""Tuesday"": [""8AM-8PM""], ""Wednesday"": [""8AM-8PM""]}",0x54856db85ddf63b3:0x5c32b84b73314e45,ChIJs2PfXbhthVQRRU4xc0u4Mlw,https://search.google.com/local/reviews?placeid=ChIJs2PfXbhthVQRRU4xc0u4Mlw&q=*&authuser=0&hl=en&gl=US,https://lh3.googleusercontent.com/gps-cs-s/APNQkAHia8Wo51VO0oMIcO5t2Fhh3t_YHBAlCFycHZjAXDoTVHKuBDM4fQS1F_0_ApKTotUQpLVweudyXO5GTxNfrLrR1ohbzYxhuvBP8f_AiDwVexShQ2XWdJchqnFRbbN0W4hQ-QA=w800-h500-k-no,"coffee shop, 98233, WA, US",98233,outscraper_google_maps
Starbucks Coffee Company,,610 Haggen Dr,Burlington,98233,,United States of America,48.47144,-122.33732,,+1 360-399-8862,Coffee shop,coffee shops,"Coffee shop, Breakfast restaurant, Cafe, Coffee store, Espresso bar, Internet cafe",4.5,452.0,OPERATIONAL,"{""Friday"": [""4:30AM-8PM""], ""Monday"": [""4:30AM-8PM""], ""Saturday"": [""4:30AM-8PM""], ""Sunday"": [""4:30AM-8PM""], ""Thursday"": [""4:30AM-8PM""], ""Tuesday"": [""4:30AM-8PM""], ""Wednesday"": [""4:30AM-8PM""]}",0x54856dbc3462d2d7:0x3a258e769f077804,ChIJ19JiNLxthVQRBHgHn3aOJTo,https://search.google.com/local/reviews?placeid=ChIJ19JiNLxthVQRBHgHn3aOJTo&q=*&authuser=0&hl=en&gl=US,https://lh3.googleusercontent.com/gps-cs-s/APNQkAEPpjjZ3djdGz7LjUpjuxHmEBL5FN4kCIDkcGghuwiKrYWbLQz1hthla1rHLHqah18aB6z40vDsv8yMkPlXY7a2eW_BCpVXNxVaQCPPwUxCFgLNGmzbDkLbHcWyMIr7cFCAJCb9=w800-h500-k-no,"coffee shop, 98233, WA, US",98233,outscraper_google_maps
Starbucks Coffee Company,,1839 S Burlington Blvd,Burlington,98233,,United States of America,48.4517967,-122.3369776,,+1 360-757-1872,Coffee shop,coffee shops,"Coffee shop, Breakfast restaurant, Cafe, Coffee store, Espresso bar, Internet cafe",4.3,596.0,OPERATIONAL,"{""Friday"": [""4:30AM-8PM""], ""Monday"": [""4:30AM-8PM""], ""Saturday"": [""5AM-8PM""], ""Sunday"": [""5AM-8PM""], ""Thursday"": [""4:30AM-8PM""], ""Tuesday"": [""4:30AM-8PM""], ""Wednesday"": [""4:30AM-8PM""]}",0x54856c333182c1c3:0x19dd47596a0580a9,ChIJw8GCMTNshVQRqYAFallH3Rk,https://search.google.com/local/reviews?placeid=ChIJw8GCMTNshVQRqYAFallH3Rk&q=*&authuser=0&hl=en&gl=US,https://lh3.googleusercontent.com/gps-cs-s/APNQkAFIslLOmLJtCALygZCh0bgIoJoaCLf46yIhqrORpbKJJkZ7bo14sE2bQqPzAj2Vui_e3VcavfX0et999KioRMQXMuTzf3okY47hH7fYqAr6SsjEEjYog9ZWNKgSASkjh-RUk6MI=w800-h500-k-no,"coffee shop, 98233, WA, US",98233,outscraper_google_maps
Sumo Sushi & Grill AYCE - Burlington,,1520 S Burlington Blvd,Burlington,98233,,United States of America,48.4570323,-122.335258,,+1 360-404-5300,Japanese restaurant,restaurants,"Japanese restaurant, Restaurant",4.3,427.0,OPERATIONAL,"{""Friday"": [""10:30AM-9:30PM""], ""Monday"": [""10:30AM-9PM""], ""Saturday"": [""10:30AM-9:30PM""], ""Sunday"": [""10:30AM-9PM""], ""Thursday"": [""10:30AM-9PM""], ""Tuesday"": [""10:30AM-9PM""], ""Wednesday"": [""10:30AM-9PM""]}",0x54856dc6d0bec271:0x4bd565b5ed55fe4e,ChIJccK-0MZthVQRTv5V7bVl1Us,https://search.google.com/local/reviews?placeid=ChIJccK-0MZthVQRTv5V7bVl1Us&q=*&authuser=0&hl=en&gl=US,https://lh3.googleusercontent.com/gps-cs-s/APNQkAGA89QC0eqSkPKOb2LyBxBiPy9GUe9DyG8VyduzmfYdxxT_iNMKr95OldVa1-tZR-X4pqIr9v7sXlotXR3Coe0U-FMLJ-cVlhy3fCkD9vfkj-FglrfybcBNNnK2fd06vrNbotIrXoBQrQbU=w800-h500-k-no,"chinese restaurant, 98233, WA, US",98233,outscraper_google_maps
Swan's Korean Fried Chicken,,280 S Burlington Blvd,Burlington,98233,,United States of America,48.474098,-122.3352949,,+1 360-755-9145,Chicken wings restaurant,restaurants,"Chicken wings restaurant, Korean restaurant, Restaurant",4.9,275.0,OPERATIONAL,"{""Friday"": [""11:30AM-9PM""], ""Monday"": [""11:30AM-9PM""], ""Saturday"": [""11:30AM-9PM""], ""Sunday"": [""Closed""], ""Thursday"": [""11:30AM-9PM""], ""Tuesday"": [""11:30AM-9PM""], ""Wednesday"": [""11:30AM-9PM""]}",0x54856d6e4f0faed7:0xb46310703fe3a82,ChIJ164PT25thVQRgjr-AwcxRgs,https://search.google.com/local/reviews?placeid=ChIJ164PT25thVQRgjr-AwcxRgs&q=*&authuser=0&hl=en&gl=US,https://lh3.googleusercontent.com/gps-cs-s/APNQkAH3KiJo4AAR9RBPDUZ391D_Fy7RJHGm7BqhEEy6oIPtaDHO6vkTGkwE3QIP1RWvD_8uUw9WeL6gZkg4026HJ0PFsmD8nXVPHW15otGOgFOUmER6cTg5HIN3acrLBo4qkrX_3nc=w800-h500-k-no,"chinese restaurant, 98233, WA, US",98233,outscraper_google_maps
Taco Del Mar,,1773 S Burlington Blvd,Burlington,98233,,United States of America,48.4527654,-122.3366321,,+1 360-757-8507,Mexican restaurant,restaurants,Mexican restaurant,4.2,283.0,OPERATIONAL,"{""Friday"": [""11AM-8PM""], ""Monday"": [""11AM-8PM""], ""Saturday"": [""11AM-8PM""], ""Sunday"": [""11AM-8PM""], ""Thursday"": [""11AM-8PM""], ""Tuesday"": [""11AM-8PM""], ""Wednesday"": [""11AM-8PM""]}",0x54856c3353232a1b:0x4c592a782e47adb5,ChIJGyojUzNshVQRta1HLngqWUw,https://search.google.com/local/reviews?placeid=ChIJGyojUzNshVQRta1HLngqWUw&q=*&authuser=0&hl=en&gl=US,https://lh3.googleusercontent.com/gps-cs-s/APNQkAHdd8OZifGMxxqyjkx2CILrXm8UUtBqsw2828dZ8_rBLXi4AGqfN75ECdh2WvGWcUC6FSYyA-1Yfme26YDbp0usVoBEbyRhWfNGTEyMv8XP8POhBE1xm5FNmdUA3cu8aAMjeHqv=w800-h500-k-no,"mexican restaurant, 98233, WA, US",98233,outscraper_google_maps
Tacos Tecalitlan,,702 N Burlington Blvd,Burlington,98233,,United States of America,48.4808311,-122.3349994,,+1 360-224-5849,Mexican restaurant,restaurants,Mexican restaurant,4.6,2111.0,OPERATIONAL,"{""Friday"": [""10AM-10PM""], ""Monday"": [""10AM-10PM""], ""Saturday"": [""10AM-10PM""], ""Sunday"": [""10AM-10PM""], ""Thursday"": [""10AM-10PM""], ""Tuesday"": [""10AM-10PM""], ""Wednesday"": [""10AM-10PM""]}",0x54856d995e5ebc93:0xecd2f970386837da,ChIJk7xeXplthVQR2jdoOHD50uw,https://search.google.com/local/reviews?placeid=ChIJk7xeXplthVQR2jdoOHD50uw&q=*&authuser=0&hl=en&gl=US,https://lh3.googleusercontent.com/gps-cs-s/APNQkAF2ybT0RkcP3htNddH2v7u6Z8qNqGh4cBpI8oKPssFS1dqkRQ94SDnkHE7Y6QYGdZOVRlowGr9-Mi9bXynkzeeqdHuBlYm9uwd2KzWnVtt5gWYfYVJqOk79b8iwMnOddMvPVLs=w800-h500-k-no,"restaurant, 98233, WA, US",98233,outscraper_google_maps
Taqueria Los Jarritos,,590 S Burlington Blvd,Burlington,98233,,United States of America,48.4719542,-122.3353188,,+1 360-755-1723,Taco restaurant,restaurants,"Taco restaurant, Mexican restaurant",4.6,528.0,OPERATIONAL,"{""Friday"": [""11AM-9PM""], ""Monday"": [""11AM-9PM""], ""Saturday"": [""11AM-9PM""], ""Sunday"": [""11AM-9PM""], ""Thursday"": [""11AM-9PM""], ""Tuesday"": [""11AM-9PM""], ""Wednesday"": [""11AM-9PM""]}",0x54856dbc55d2c767:0x3826fa2ef11d6139,ChIJZ8fSVbxthVQROWEd8S76Jjg,https://search.google.com/local/reviews?placeid=ChIJZ8fSVbxthVQROWEd8S76Jjg&q=*&authuser=0&hl=en&gl=US,https://lh3.googleusercontent.com/gps-cs-s/APNQkAFYiuBIrsP29b7AY687Bb6OH4CWMUSVgHFBUyLGRO_HTm1edruqcqZPCFD39zkU7xThJbw7A9aIue_R8g53y-Q94xA-wZiFxhPNVuTaepasDjVmjz-aovKRFlZB_IbSNnelAhaPvg=w800-h500-k-no,"restaurant, 98233, WA, US",98233,outscraper_google_maps
Taste of Thai by Wipa,,1038 S Burlington Blvd,Burlington,98233,,United States of America,48.4649444,-122.3353685,,+1 360-899-5823,Thai restaurant,restaurants,"Thai restaurant, Restaurant",4.8,779.0,OPERATIONAL,"{""Friday"": [""11AM-9PM""], ""Monday"": [""11AM-9PM""], ""Saturday"": [""11AM-9PM""], ""Sunday"": [""11AM-9PM""], ""Thursday"": [""11AM-9PM""], ""Tuesday"": [""11AM-9PM""], ""Wednesday"": [""11AM-9PM""]}",0x54856d5ca469124b:0x4c3deb6ef9c9b994,ChIJSxJppFxthVQRlLnJ-W7rPUw,https://search.google.com/local/reviews?placeid=ChIJSxJppFxthVQRlLnJ-W7rPUw&q=*&authuser=0&hl=en&gl=US,https://lh3.googleusercontent.com/gps-cs-s/APNQkAGBu4JFXO46Gtzedk3G35eZJg3laQYLDqdsFxYgD67jUgRZao6gSbHbCyBznCclAQynaJo4HoqIZBNYFMDxebP5aVSAD1KDvcKLoh-eNgUOc9z1qIhR9YDLBvsgXJTXO4mjMiII=w800-h500-k-no,"restaurant, 98233, WA, US",98233,outscraper_google_maps
Tepic Mexican Restaurant Burlington,,150 Cascade Mall Dr,Burlington,98233,,United States of America,48.4617317,-122.3363829,,+1 360-899-4172,Mexican restaurant,restaurants,Mexican restaurant,4.3,900.0,OPERATIONAL,"{""Friday"": [""11AM-10PM""], ""Monday"": [""11AM-9PM""], ""Saturday"": [""11AM-10PM""], ""Sunday"": [""11AM-9PM""], ""Thursday"": [""11AM-9PM""], ""Tuesday"": [""11AM-9PM""], ""Wednesday"": [""9AM-9PM""]}",0x54856c1608e24a95:0x48d0654239d1e69c,ChIJlUriCBZshVQRnObROUJl0Eg,https://search.google.com/local/reviews?placeid=ChIJlUriCBZshVQRnObROUJl0Eg&q=*&authuser=0&hl=en&gl=US,https://lh3.googleusercontent.com/gps-cs-s/APNQkAFwQWQ8K4nXKqUf5RVyRo0hqp0paVlUooVD493itS7qSmtyMd-f4VEXC6Ov9E5__2NAgVAjlmWFUefDSoHoVXeLQGr_7Rlb_TOLUxpFwuk5sbPQPb-ZtF2CRbbP_KzN-pqEAyPTFA=w800-h500-k-no,"restaurant, 98233, WA, US",98233,outscraper_google_maps
The Coffee Barn,,9552 Old Hwy 99 North Rd,Burlington,98233,,United States of America,48.5071169,-122.3377328,,+1 360-899-6104,Coffee stand,Coffee stand,Coffee stand,4.7,224.0,OPERATIONAL,"{""Friday"": [""4AM-7PM""], ""Monday"": [""4AM-7PM""], ""Saturday"": [""6AM-7PM""], ""Sunday"": [""6AM-6PM""], ""Thursday"": [""4AM-7PM""], ""Tuesday"": [""4AM-7PM""], ""Wednesday"": [""4AM-7PM""]}",0x548572854931e075:0x9feabc1649434331,ChIJdeAxSYVyhVQRMUNDSRa86p8,https://search.google.com/local/reviews?placeid=ChIJdeAxSYVyhVQRMUNDSRa86p8&q=*&authuser=0&hl=en&gl=US,https://lh3.googleusercontent.com/gps-cs-s/APNQkAHXv8Biy0Szky1iB88VdUt45_2A1via_5PRQxhZThZl4dfY6j115ydZ_-k8TJIIGsrcvdydXtYgPdwIv2s5GzrYgR2VLyOvLKaq3luloOLh91agY7kbX5LNDJV2t2upppPXv7Nfbvar-d13=w800-h500-k-no,"coffee shop, 98233, WA, US",98233,outscraper_google_maps
The Curious Chef,,232 Fashion Way,Burlington,98233,,United States of America,48.4569982,-122.3382146,,+1 360-757-0300,Pacific Northwest restaurant (US),Pacific Northwest restaurant (US),"Pacific Northwest restaurant (US), American restaurant, Breakfast restaurant, Cafe, Diner, Lunch restaurant, Restaurant",4.4,497.0,OPERATIONAL,"{""Friday"": [""7AM-3PM""], ""Monday"": [""7AM-3PM""], ""Saturday"": [""7AM-3PM""], ""Sunday"": [""7AM-3PM""], ""Thursday"": [""7AM-3PM""], ""Tuesday"": [""7AM-3PM""], ""Wednesday"": [""7AM-3PM""]}",0x54856dcbe13e9c6b:0x58bf134695f8ef62,ChIJa5w-4ctthVQRYu_4lUYTv1g,https://search.google.com/local/reviews?placeid=ChIJa5w-4ctthVQRYu_4lUYTv1g&q=*&authuser=0&hl=en&gl=US,https://lh3.googleusercontent.com/gps-cs-s/APNQkAEnRbapDGFhjatY4_HfMH_lXGsC9OkgBf5g2DdMTlVOeKtSEih-9E8A8etD7oDS-CxikvhH_k-5lJb0gOyY3-7qkQfT78DwBKA8hqFQjPS2fxlc-F_P-BTDj85CXVDS_GnTnLq9HA=w800-h500-k-no,"restaurant, 98233, WA, US",98233,outscraper_google_maps
The Fairhaven,,100 N Burlington Blvd,Burlington,98233,,United States of America,48.4757115,-122.3353153,,,Restaurant,restaurants,Restaurant,4.8,604.0,OPERATIONAL,"{""Friday"": [""11AM-7PM""], ""Monday"": [""Closed""], ""Saturday"": [""11AM-7PM""], ""Sunday"": [""Closed""], ""Thursday"": [""11AM-7PM""], ""Tuesday"": [""Closed""], ""Wednesday"": [""11AM-7PM""]}",0x54856dcc39de5db9:0xfe8873a5c1aca46e,ChIJuV3eOcxthVQRbqSswaVziP4,https://search.google.com/local/reviews?placeid=ChIJuV3eOcxthVQRbqSswaVziP4&q=*&authuser=0&hl=en&gl=US,https://lh3.googleusercontent.com/gps-cs-s/APNQkAFpMphgF1N0jQIaijkWkDUzkHdJ1r8mhO10qzn_0ciT7NcK3z2M0pldCM77kNU-cpZQvLN-c7Golsnpj2ivDjVUHJiqDEYLJ_WijQnA21IEa-w3OeBmN3oOXaKDfoiQrm9yaK28=w800-h500-k-no,"restaurant, 98233, WA, US",98233,outscraper_google_maps
The Office Tavern,,112 N Cherry St,Burlington,98233,,United States of America,48.4759629,-122.3276505,,+1 360-982-2452,Bar,bars,Bar,4.3,378.0,OPERATIONAL,"{""Friday"": [""11AM-12AM""], ""Monday"": [""11AM-11PM""], ""Saturday"": [""8AM-12AM""], ""Sunday"": [""8AM-9PM""], ""Thursday"": [""11AM-11PM""], ""Tuesday"": [""11AM-11PM""], ""Wednesday"": [""11AM-11PM""]}",0x54856d5c7795abe3:0xee577872918866c8,ChIJ46uVd1xthVQRyGaIkXJ4V-4,https://search.google.com/local/reviews?placeid=ChIJ46uVd1xthVQRyGaIkXJ4V-4&q=*&authuser=0&hl=en&gl=US,https://lh3.googleusercontent.com/gps-cs-s/APNQkAHyHov7Fd2hDwwQJ8u5yFmIIORFJPXqbXj5ZeQaGbpcqLYgQ_gaU6y7jwQkHtnGt6sNgwj20LErPSEmnzj_OHXw4-NfK4RdMX1Lq_6C-DI6Oh2CsusdDZ8G2a3SMm1izRLtm5Zq=w800-h500-k-no,"restaurant, 98233, WA, US",98233,outscraper_google_maps
Tortilleria Mi Jacalito,,520 S Spruce St,Burlington,98233,,United States of America,48.4723039,-122.3305066,,+1 360-982-2843,Mexican goods store,Mexican goods store,"Mexican goods store, Food producer",4.7,22.0,OPERATIONAL,"{""Friday"": [""9AM-5PM""], ""Monday"": [""9AM-5PM""], ""Saturday"": [""9AM-5PM""], ""Sunday"": [""Closed""], ""Thursday"": [""9AM-5PM""], ""Tuesday"": [""9AM-5PM""], ""Wednesday"": [""9AM-5PM""]}",0x54856dbcb4c98c3d:0x9cba929b2186976d,ChIJPYzJtLxthVQRbZeGIZuSupw,https://search.google.com/local/reviews?placeid=ChIJPYzJtLxthVQRbZeGIZuSupw&q=*&authuser=0&hl=en&gl=US,https://lh3.googleusercontent.com/gps-cs-s/APNQkAEOmK32Ud7VzcRZK4TPneT-CEt-wJcHf_JQqAHRL560Xp5j_PdacG9d73Ke4PHflGsgf3a6LlnAK9HGpoT4JFk9r5P5rwf5M6OcDc93yEiYKtz38Pezr2vY_99HJK6S4NsE_cU=w800-h500-k-no,"mexican restaurant, 98233, WA, US",98233,outscraper_google_maps
Train Wreck Bar & Grill,,427 E Fairhaven Ave,Burlington,98233,,United States of America,48.4756573,-122.3294878,,+1 360-755-0582,Restaurant,bars,"Restaurant, Bar",4.7,3054.0,OPERATIONAL,"{""Friday"": [""8AM-10PM""], ""Monday"": [""8AM-10PM""], ""Saturday"": [""8AM-10PM""], ""Sunday"": [""8AM-10PM""], ""Thursday"": [""8AM-10PM""], ""Tuesday"": [""8AM-10PM""], ""Wednesday"": [""8AM-10PM""]}",0x54856da2642d7283:0x1d6079c5fc50bb2f,ChIJg3ItZKJthVQRL7tQ_MV5YB0,https://search.google.com/local/reviews?placeid=ChIJg3ItZKJthVQRL7tQ_MV5YB0&q=*&authuser=0&hl=en&gl=US,https://lh3.googleusercontent.com/gps-cs-s/APNQkAHFA_prkJecVBzEVTxgYMVZVe-hPnn3v_hq7voWwBEdwLk59Zbn9xRQVik1KG8r1TlErx-Q0Uuk5uBE6mghfAsOY1OhJ8JuqFuYf_mx-mXPZnt3NPsH-XNS2Z7oCB3fGLJWtfUm3A=w800-h500-k-no,"restaurant, 98233, WA, US",98233,outscraper_google_maps
True North Bakery,,15426 Airport Dr B,Burlington,98233,,United States of America,48.472296,-122.4141428,,+1 425-501-8882,Bakery,Bakery,Bakery,4.8,50.0,OPERATIONAL,"{""Friday"": [""6:30AM-3PM""], ""Monday"": [""6:30AM-3PM""], ""Saturday"": [""8AM-3PM""], ""Sunday"": [""Closed""], ""Thursday"": [""6:30AM-3PM""], ""Tuesday"": [""6:30AM-3PM""], ""Wednesday"": [""6:30AM-3PM""]}",0x548579c4c359d939:0xf2d8b52b80eab096,ChIJOdlZw8R5hVQRlrDqgCu12PI,https://search.google.com/local/reviews?placeid=ChIJOdlZw8R5hVQRlrDqgCu12PI&q=*&authuser=0&hl=en&gl=US,https://lh3.googleusercontent.com/gps-cs-s/APNQkAF-Ne92KtuZezhQKkJtkvZ3cYgy9-jakQ9yrRByadMaQ_Zwaw_99DWCQfhdWPcdxFREPY8zpIDyIvS3Nihbc-leuTzO_GZpVjdVsp3BGPY06XHRNeBGDK2PbLdCwpaOf1JVc9j2=w800-h500-k-no,"bakery, 98233, WA, US",98233,outscraper_google_maps
US Foods CHEF'STORE,,150 E Sharon Ave,Burlington,98233,,United States of America,48.4692135,-122.3343805,,+1 360-707-0109,Wholesale grocer,Wholesale grocer,"Wholesale grocer, Frozen food store, Fruit and vegetable store, Kitchen supply store, Poultry store, Restaurant supply store, Warehouse store, Wholesale food store",4.7,373.0,OPERATIONAL,"{""Friday"": [""6AM-7PM""], ""Monday"": [""6AM-7PM""], ""Saturday"": [""6AM-7PM""], ""Sunday"": [""8AM-5PM""], ""Thursday"": [""6AM-7PM""], ""Tuesday"": [""6AM-7PM""], ""Wednesday"": [""6AM-7PM""]}",0x54856dbc74be588d:0xafa1c3ff91188f20,ChIJjVi-dLxthVQRII8Ykf_Doa8,https://search.google.com/local/reviews?placeid=ChIJjVi-dLxthVQRII8Ykf_Doa8&q=*&authuser=0&hl=en&gl=US,https://lh3.googleusercontent.com/gps-cs-s/APNQkAGYDZtcgMzBmKdD5vziw756HwiM5FGHas1c9pewTKrR6nBAt_oOvTJw23AtRXQFQcCXQWNz8FO-_vejLWNs5X64hObrNqaVdwrMt8VBtINn3MJFHFB1e-jrrTV7-3krGCBEi9dt=w800-h500-k-no,"restaurant, 98233, WA, US",98233,outscraper_google_maps
Water Tank Bakery,,11777 Water Tank Rd Unit C,Burlington,98233,,United States of America,48.4756133,-122.4126315,,+1 360-757-2253,Bakery,Bakery,Bakery,4.8,107.0,OPERATIONAL,"{""Friday"": [""12-6PM""], ""Monday"": [""Closed""], ""Saturday"": [""10AM-6PM""], ""Sunday"": [""10AM-6PM""], ""Thursday"": [""Closed""], ""Tuesday"": [""12-6PM""], ""Wednesday"": [""12-6PM""]}",0x5485714d1f928787:0xf6ebb9b9a527060e,ChIJh4eSH01xhVQRDgYnpbm56_Y,https://search.google.com/local/reviews?placeid=ChIJh4eSH01xhVQRDgYnpbm56_Y&q=*&authuser=0&hl=en&gl=US,https://lh3.googleusercontent.com/gps-cs-s/APNQkAEAk2CtJ0MRwj5yuaoLDa6M8EdrWqIY0jA-rcdWOH7AM4mAIVQSBzEC55NcGuC14zo5TZvHPpEKHj57usMYyQFD-qN--3cRxgOrd5POPhrAW8DfLToFrZqoWhxV9x54t9NGW7utHqKH6gFW=w800-h500-k-no,"bakery, 98233, WA, US",98233,outscraper_google_maps
Whidbey Coffee,,1960 Marketplace Dr,Burlington,98233,,United States of America,48.4492913,-122.3374774,,+1 360-783-7053,Coffee shop,coffee shops,Coffee shop,4.5,890.0,OPERATIONAL,"{""Friday"": [""6AM-7PM""], ""Monday"": [""6AM-7PM""], ""Saturday"": [""6AM-7PM""], ""Sunday"": [""6AM-7PM""], ""Thursday"": [""6AM-7PM""], ""Tuesday"": [""6AM-7PM""], ""Wednesday"": [""6AM-7PM""]}",0x54856c32609db0e9:0x2b3f937a708a756,ChIJ6bCdYDJshVQRVqcIpzf5swI,https://search.google.com/local/reviews?placeid=ChIJ6bCdYDJshVQRVqcIpzf5swI&q=*&authuser=0&hl=en&gl=US,https://lh3.googleusercontent.com/gps-cs-s/APNQkAG3TfPfUrvs8BGFEy2lZTa7JWPU_Mz_C_HAhQjEnJU0RQvcDFfHBttsCY68yYVKrPVlEO0Tn8vfZ0hcO33w2aA8-5bECMxcEyYrB8CrL4WdKE447RUfZxRr-lyM2xZod1eXtbQv=w800-h500-k-no,"coffee shop, 98233, WA, US",98233,outscraper_google_maps
Whidbey Coffee,,840 S Burlington Blvd,Burlington,98233,,United States of America,48.4693277,-122.3351877,,+1 360-757-4879,Coffee shop,Coffee stand,"Coffee shop, Cafe, Coffee stand, Store",4.6,241.0,OPERATIONAL,"{""Friday"": [""5AM-7PM""], ""Monday"": [""5AM-7PM""], ""Saturday"": [""6AM-7PM""], ""Sunday"": [""6AM-6PM""], ""Thursday"": [""5AM-7PM""], ""Tuesday"": [""5AM-7PM""], ""Wednesday"": [""5AM-7PM""]}",0x54856dbc078e3aad:0x37147f159ef2fda6,ChIJrTqOB7xthVQRpv3ynhV_FDc,https://search.google.com/local/reviews?placeid=ChIJrTqOB7xthVQRpv3ynhV_FDc&q=*&authuser=0&hl=en&gl=US,https://lh3.googleusercontent.com/gps-cs-s/APNQkAEaXDzQ154mgGn5843ErJ9ubjZUtOwzeXL7xMaH-rfpLkr5n4aeTT3cAZ0QoOjCexd8SaUY0EH8yqaw_rON2RapYHQJOtKW7jmK_lTdbePkRyvNZiYF5o_jc6GeVPtyqaDs6Sq5=w800-h500-k-no,"coffee shop, 98233, WA, US",98233,outscraper_google_maps
Wingstop,,1771 S Burlington Blvd,Burlington,98233,,United States of America,48.4528301,-122.3365447,,+1 360-873-5300,Chicken wings restaurant,restaurants,Chicken wings restaurant,3.4,266.0,OPERATIONAL,"{""Friday"": [""10AM-1AM""], ""Monday"": [""10AM-12AM""], ""Saturday"": [""10AM-1AM""], ""Sunday"": [""10AM-12AM""], ""Thursday"": [""10AM-12AM""], ""Tuesday"": [""10AM-12AM""], ""Wednesday"": [""10AM-12AM""]}",0x54856d2f9c944c23:0xccdedc6b84a3fc9,ChIJI0yUnC9thVQRyT9KuMbtzQw,https://search.google.com/local/reviews?placeid=ChIJI0yUnC9thVQRyT9KuMbtzQw&q=*&authuser=0&hl=en&gl=US,https://lh3.googleusercontent.com/gps-cs-s/APNQkAHKzCddXFuXDsayKmKO2Um1eb4JKG43L1rKiF4i9BVeIIRxr9UL4uSOTo4MtUygf70eVSV5sI_Z71qjOPiVFfURz-WLV4sX3HNyek_mDbI7whUMDOTUEVQaUF3yw-Ep8p3kUYst=w800-h500-k-no,"restaurant, 98233, WA, US",98233,outscraper_google_maps
Woods Coffee,,1779 S Burlington Blvd,Burlington,98233,,United States of America,48.4527877,-122.3368805,,+1 360-419-4564,Coffee shop,coffee shops,Coffee shop,4.4,468.0,OPERATIONAL,"{""Friday"": [""6AM-6PM""], ""Monday"": [""6AM-6PM""], ""Saturday"": [""6AM-6PM""], ""Sunday"": [""6AM-6PM""], ""Thursday"": [""6AM-6PM""], ""Tuesday"": [""6AM-6PM""], ""Wednesday"": [""6AM-6PM""]}",0x54856dccb58ce949:0x8b2e5f422274b942,ChIJSemMtcxthVQRQrl0IkJfLos,https://search.google.com/local/reviews?placeid=ChIJSemMtcxthVQRQrl0IkJfLos&q=*&authuser=0&hl=en&gl=US,https://lh3.googleusercontent.com/gps-cs-s/APNQkAGGR9Iyqd5idxxjsLmAUhZbi_9sWWLV5kt8XpM6aiz1DI8qeYFs1OExek8o6aVWg5Da3f6SbfCSWmYQsxp1yecExvPG4ApvhXQCKPHBysl-PpoM6u306dfYM_PqfwH18Y-K_S1o=w800-h500-k-no,"coffee shop, 98233, WA, US",98233,outscraper_google_maps
Clear Lake Market,,12689 WA-9,Clear Lake,98235,,United States of America,48.4615521,-122.2338537,,+1 360-856-1322,General store,General store,General store,4.4,117.0,OPERATIONAL,"{""Friday"": [""7AM-10:30PM""], ""Monday"": [""7AM-10:30PM""], ""Saturday"": [""7AM-10:30PM""], ""Sunday"": [""7AM-10:30PM""], ""Thursday"": [""7AM-10:30PM""], ""Tuesday"": [""7AM-10:30PM""], ""Wednesday"": [""7AM-10:30PM""]}",0x54856cb631d6ea6d:0x68ecb40928cd5837,ChIJberWMbZshVQRN1jNKAm07Gg,https://search.google.com/local/reviews?placeid=ChIJberWMbZshVQRN1jNKAm07Gg&q=*&authuser=0&hl=en&gl=US,https://lh3.googleusercontent.com/gps-cs-s/APNQkAEV-vyCt-FnZLcMKp0EGbcj93beL2W9y19orr89AZOp9pMYEMSx2--95ePxRqKrUXBJbXYEr6wofMKGaxp0hjzZrv9JKtnq00z_QoKTx3td75ds2CvmE2I4XYPq_gxFCVSQOZPxcQ=w800-h500-k-no,"restaurant, 98235, WA, US",98235,outscraper_google_maps
Evelyns Tavern,,12667 WA-9,Clear Lake,98235,,United States of America,48.461867,-122.2339268,,+1 360-399-1321,Bar,bars,Bar,4.6,169.0,OPERATIONAL,"{""Friday"": [""11AM-11PM""], ""Monday"": [""11AM-9PM""], ""Saturday"": [""8AM-11PM""], ""Sunday"": [""8AM-9PM""], ""Thursday"": [""11AM-10PM""], ""Tuesday"": [""11AM-10PM""], ""Wednesday"": [""11AM-10PM""]}",0x54856df1493581c9:0x7dc2add2eb6c0977,ChIJyYE1SfFthVQRdwls69Ktwn0,https://search.google.com/local/reviews?placeid=ChIJyYE1SfFthVQRdwls69Ktwn0&q=*&authuser=0&hl=en&gl=US,https://lh3.googleusercontent.com/gps-cs-s/APNQkAHVQ-DVh0JkGMEZN_V3WlZbTZ-hO_x9DuHto2tu9-DHBjt9guZKDa22mFWGe0vMxBBKP16kZdCZncsXBbMk-plheSCk3sQ1-7DSrFIPOmbUcp8PDivlwIf-aTtRXxYf6AwvsdA3=w800-h500-k-no,"restaurant, 98235, WA, US",98235,outscraper_google_maps
5b's Bakery,,45597 Main St,Concrete,98237,,United States of America,48.5389694,-121.7533991,,+1 360-853-8700,Restaurant,Bakery,"Restaurant, Breakfast restaurant, Coffee shop, Gluten-free restaurant, Takeout Restaurant, Bakery",4.6,777.0,OPERATIONAL,"{""Friday"": [""9AM-4PM""], ""Monday"": [""9AM-4PM""], ""Saturday"": [""9AM-4PM""], ""Sunday"": [""9AM-4PM""], ""Thursday"": [""9AM-4PM""], ""Tuesday"": [""Closed""], ""Wednesday"": [""Closed""]}",0x54851fb17e9973cb:0x3a90aa86b892c494,ChIJy3OZfrEfhVQRlMSSuIaqkDo,https://search.google.com/local/reviews?placeid=ChIJy3OZfrEfhVQRlMSSuIaqkDo&q=*&authuser=0&hl=en&gl=US,https://lh3.googleusercontent.com/gps-cs-s/APNQkAHjjttSXzmVcEXdQJVDsAfH_wzfgPjyStE2xzss9t_AKEtybkZmtjWYqOdaD_cZoYu8JDh4de3XF7_z097TAPOvaEr12sEEmMa9WZxASCgECNU15S68IW6f6TAlxb_fofoTIXPt=w800-h500-k-no,"restaurant, 98237, WA, US",98237,outscraper_google_maps
Act One Ice Cream Parlor,,45924 Main St,Concrete,98237,,United States of America,48.5386549,-121.7461247,,+1 360-941-0403,Ice cream shop,Ice cream shop,Ice cream shop,4.9,60.0,OPERATIONAL,"{""Friday"": [""12-7PM""], ""Monday"": [""Closed""], ""Saturday"": [""12-7PM""], ""Sunday"": [""12-6PM""], ""Thursday"": [""Closed""], ""Tuesday"": [""Closed""], ""Wednesday"": [""Closed""]}",0x54851f9e3488537f:0xd688afc3975bad9b,ChIJf1OINJ4fhVQRm61bl8OviNY,https://search.google.com/local/reviews?placeid=ChIJf1OINJ4fhVQRm61bl8OviNY&q=*&authuser=0&hl=en&gl=US,https://lh3.googleusercontent.com/gps-cs-s/APNQkAHDWB-P6VnnD7MsUcQmFACGV0Vw22RTJB4c1GdVLPkzisrEiDVgpDJyG1AaH22SC97MjgI08FyVs2OeHbXdqBVOMR1qEyqJ-6jx44_BJYcu-hdKb29yIe2GV-kBY__KjlDlSwr-Eg=w800-h500-k-no,"coffee shop, 98237, WA, US",98237,outscraper_google_maps
Annie's Pizza Station,,44568 State Rte 20,Concrete,98237,,United States of America,48.537968,-121.776116,,+1 360-853-7227,Pizza restaurant,restaurants,"Pizza restaurant, Italian restaurant, Restaurant",4.7,844.0,OPERATIONAL,"{""Friday"": [""11AM-9PM""], ""Monday"": [""Closed""], ""Saturday"": [""11AM-9PM""], ""Sunday"": [""Closed""], ""Thursday"": [""11AM-9PM""], ""Tuesday"": [""11AM-9PM""], ""Wednesday"": [""11AM-9PM""]}",0x54851e555bad2ee7:0xf7d9885616e5b29e,ChIJ5y6tW1UehVQRnrLlFlaI2fc,https://search.google.com/local/reviews?placeid=ChIJ5y6tW1UehVQRnrLlFlaI2fc&q=*&authuser=0&hl=en&gl=US,https://lh3.googleusercontent.com/gps-cs-s/APNQkAFGScFg5LpeYhPJrAk3UedkgVq__BA1GS035FvkmgTnRpxbZ8MBRB9Jj7b9kT8zT6MShbl9CR1vqho0wXQJeb1EXVIdtTejgLDEWhK2W88JRCU8gh0EPyIk4bVhZUTJSQ8XFkl6=w800-h500-k-no,"restaurant, 98237, WA, US",98237,outscraper_google_maps
Birdsview Brewing Company,,38302 State Rte 20,Concrete,98237,,United States of America,48.5281639,-121.9130556,,+1 360-826-3406,Brewery,Brewery,Brewery,4.6,281.0,OPERATIONAL,"{""Friday"": [""12-8PM""], ""Monday"": [""Closed""], ""Saturday"": [""12-8PM""], ""Sunday"": [""12-7PM""], ""Thursday"": [""12-7PM""], ""Tuesday"": [""12-7PM""], ""Wednesday"": [""12-7PM""]}",0x54851977634818ed:0x365b85ab847c150e,ChIJ7RhIY3cZhVQRDhV8hKuFWzY,https://search.google.com/local/reviews?placeid=ChIJ7RhIY3cZhVQRDhV8hKuFWzY&q=*&authuser=0&hl=en&gl=US,https://lh3.googleusercontent.com/gps-cs-s/APNQkAEgvWLCsbiai_QpOeTmhzYBOhq4JG9MJ6vUySP2GaA2u4wS0sfplMJUtXZst8lEtm0bKifOQEXbJUgw6_D03r91_eKONcFPhmQhROTlhmlFYrsdh9coMOmvCbrF2mlPcXfpjP46=w800-h500-k-no,"brewery, 98237, WA, US",98237,outscraper_google_maps
Birdsview Diner,,39974 State Rte 20,Concrete,98237,,United States of America,48.5341484,-121.8768921,,+1 360-840-1878,Hamburger restaurant,Hamburger restaurant,"Hamburger restaurant, American restaurant, Beer garden, Dessert restaurant, Fast food restaurant, Fish & chips restaurant, Ice cream shop, Salad shop, Sandwich shop, Vegetarian restaurant",4.7,868.0,OPERATIONAL,"{""Friday"": [""11AM-8PM""], ""Monday"": [""11AM-8PM""], ""Saturday"": [""11AM-8PM""], ""Sunday"": [""11AM-8PM""], ""Thursday"": [""11AM-8PM""], ""Tuesday"": [""11AM-8PM""], ""Wednesday"": [""11AM-8PM""]}",0x54851946aeb93ce7:0x73a928fc573a91ec,ChIJ5zy5rkYZhVQR7JE6V_woqXM,https://search.google.com/local/reviews?placeid=ChIJ5zy5rkYZhVQR7JE6V_woqXM&q=*&authuser=0&hl=en&gl=US,https://lh3.googleusercontent.com/gps-cs-s/APNQkAF7jEr2gvp7FvkJh37TDB5sdc1snQJfN4LTcTy-z4hIz7_b46wYfkeAEeLLbyPSFH9QVy4e0qYSG4zp0cTGLVZe78vCzpACyJlaxQhyRJlt101LmcabyNPIh8FD3NpKZf0ahWaq=w800-h500-k-no,"restaurant, 98237, WA, US",98237,outscraper_google_maps
Cascade Burgers,,45292 State Rte 20,Concrete,98237,,United States of America,48.5357328,-121.7594601,,+1 360-853-7580,Hamburger restaurant,Hamburger restaurant,Hamburger restaurant,4.5,949.0,OPERATIONAL,"{""Friday"": [""6AM-8PM""], ""Monday"": [""6AM-8PM""], ""Saturday"": [""8AM-8PM""], ""Sunday"": [""8AM-8PM""], ""Thursday"": [""6AM-8PM""], ""Tuesday"": [""6AM-8PM""], ""Wednesday"": [""6AM-8PM""]}",0x54851fae8abfb0e3:0xdcbc19c75a510656,ChIJ47C_iq4fhVQRVgZRWscZvNw,https://search.google.com/local/reviews?placeid=ChIJ47C_iq4fhVQRVgZRWscZvNw&q=*&authuser=0&hl=en&gl=US,https://lh3.googleusercontent.com/gps-cs-s/APNQkAG2PgA5KVcf_ln9v-T8ye0vTycwzXM3ItkMVf78mgBitTpXDmFvCP823gBvA_BtHndu6yrZQdiqbgMJhruBWbTdjtPPRbXENBOT_ZyzD-D-OIBlShD7xcS9zAmdn4X8j7IYUDYdUg=w800-h500-k-no,"restaurant, 98237, WA, US",98237,outscraper_google_maps
Concrete Market Fresh,,44546 State Rte 20,Concrete,98237,,United States of America,48.537968,-121.776867,,+1 360-853-8540,Grocery store,Grocery store,Grocery store,4.1,422.0,OPERATIONAL,"{""Friday"": [""8AM-10PM""], ""Monday"": [""8AM-10PM""], ""Saturday"": [""8AM-10PM""], ""Sunday"": [""8AM-8PM""], ""Thursday"": [""8AM-10PM""], ""Tuesday"": [""8AM-10PM""], ""Wednesday"": [""8AM-10PM""]}",0x54851f0d3399753b:0xf0644de24124903b,ChIJO3WZMw0fhVQRO5AkQeJNZPA,https://search.google.com/local/reviews?placeid=ChIJO3WZMw0fhVQRO5AkQeJNZPA&q=*&authuser=0&hl=en&gl=US,https://lh3.googleusercontent.com/gps-cs-s/APNQkAFbIz8QQv_4zfGUx_MNCiuEQjxiQU4bRC7J4wo85b1uTiQHYEGRL2ffthWUn1SYsrlgc-dYiOZ2PF4Zp9__ZmBWPZ43Mgd-J8n-lZnuN9Ca1JxCeGIlFE_ufasi1TSs_uQqziRjAg=w800-h500-k-no,"bakery, 98237, WA, US",98237,outscraper_google_maps
Corner Pub,,,Concrete,98237,,United States of America,48.4241961,-121.7114362,,,Bar,bars,Bar,,,OPERATIONAL,,0x548521002698ea29:0x493cb293e0c5feb5,ChIJKeqYJgAhhVQRtf7F4JOyPEk,,,"bar, 98237, WA, US",98237,outscraper_google_maps
Hub Bar & Grill,,45914 Main St,Concrete,98237,,United States of America,48.538783,-121.7464584,,+1 360-399-1217,Bar & grill,restaurants,Bar & grill,4.5,216.0,OPERATIONAL,"{""Friday"": [""7AM-12AM""], ""Monday"": [""12-9PM""], ""Saturday"": [""7AM-12AM""], ""Sunday"": [""7AM-9PM""], ""Thursday"": [""7AM-9PM""], ""Tuesday"": [""12-9PM""], ""Wednesday"": [""7AM-9PM""]}",0x54851fb6de7394b1:0xd2c08b4d9ce8654c,ChIJsZRz3rYfhVQRTGXonE2LwNI,https://search.google.com/local/reviews?placeid=ChIJsZRz3rYfhVQRTGXonE2LwNI&q=*&authuser=0&hl=en&gl=US,https://lh3.googleusercontent.com/gps-cs-s/APNQkAF4k4HvhOa-YsdNd4_l1SqC0vSO_S3EGwSVfn3x2FRNyyfSqQtvWnEvCEuW15_kq6gL-IFJAp04TpUpvIvNLeSGppqYnrMpAgYp671L6O6P2DrBcxSXVRJpfCT_O_fKP8QzNsdb=w800-h500-k-no,"restaurant, 98237, WA, US",98237,outscraper_google_maps
North Cascades Perks Espresso and Deli,,44586 State Rte 20,Concrete,98237,,United States of America,48.5379219,-121.7755889,,+1 360-853-9006,Coffee shop,coffee shops,Coffee shop,4.7,321.0,OPERATIONAL,"{""Friday"": [""5AM-2PM""], ""Monday"": [""5AM-2PM""], ""Saturday"": [""7AM-2PM""], ""Sunday"": [""7AM-2PM""], ""Thursday"": [""5AM-2PM""], ""Tuesday"": [""5AM-2PM""], ""Wednesday"": [""5AM-2PM""]}",0x54851e5550083f7b:0x97478088dfa41a0,ChIJez8IUFUehVQRoEH6jQh4dAk,https://search.google.com/local/reviews?placeid=ChIJez8IUFUehVQRoEH6jQh4dAk&q=*&authuser=0&hl=en&gl=US,https://lh3.googleusercontent.com/gps-cs-s/APNQkAGoC4ckrai6WOKIbaPeryddqxW1XQaKP0trgSQCJp-_2kiJ0Y5M6NUnZnf-VT1AULm0MuUKMu5rUXdlmDoYCiquhCfXcTIH28mbKyExJhrNro9lXQS2RtSzftbHwhbMxLAGZZb-nA=w800-h500-k-no,"cafe, 98237, WA, US",98237,outscraper_google_maps
cascade mountain restaurant (Indian Cuisine) and Bar,,44618 State Rte 20,Concrete,98237,,United States of America,48.5377629,-121.7749322,,+1 360-853-8366,Restaurant,restaurants,Restaurant,4.7,113.0,OPERATIONAL,"{""Friday"": [""12-9:30PM""], ""Monday"": [""12-9PM""], ""Saturday"": [""12-9:30PM""], ""Sunday"": [""12-9:30PM""], ""Thursday"": [""12-9PM""], ""Tuesday"": [""Closed""], ""Wednesday"": [""12-9PM""]}",0x54851f1bdb6f1fed:0x7fbe09755102a697,ChIJ7R9v2xsfhVQRl6YCUXUJvn8,https://search.google.com/local/reviews?placeid=ChIJ7R9v2xsfhVQRl6YCUXUJvn8&q=*&authuser=0&hl=en&gl=US,https://lh3.googleusercontent.com/gps-cs-s/APNQkAHVsyLH8QVQeWpP7FwXv0AmiuHRQXFe4DPhHhgLxy6S69xx4GO343-Tb61UmFoa-Tn7dwOMJZTli0L0EXkv1k-OIrNXvgPsdOGLycwCRUygywqWlAAl5sSxYewJ0SUg9eUOo4Ay19t0ngQ=w800-h500-k-no,"restaurant, 98237, WA, US",98237,outscraper_google_maps
Coffee Shack Co - Conway,,18729 Fir Island Rd,Conway,98238,,United States of America,48.3413255,-122.341561,,+1 360-445-2612,Coffee shop,coffee shops,Coffee shop,4.9,26.0,OPERATIONAL,"{""Friday"": [""4:15AM-7PM""], ""Monday"": [""4:15AM-7PM""], ""Saturday"": [""5AM-7PM""], ""Sunday"": [""6AM-7PM""], ""Thursday"": [""4:15AM-7PM""], ""Tuesday"": [""4:15AM-7PM""], ""Wednesday"": [""4:15AM-7PM""]}",0x5485696fef3d8cad:0x3f45e721b3fb8e46,ChIJrYw9729phVQRRo77syHnRT8,https://search.google.com/local/reviews?placeid=ChIJrYw9729phVQRRo77syHnRT8&q=*&authuser=0&hl=en&gl=US,https://lh3.googleusercontent.com/gps-cs-s/APNQkAEmi339S0d8qWV9EQRZrPTWfX-C0eEtyCYG6q5rf2j4jlnER45f9HaYPkEQGaUJSYojKPn31SmgzJsV3wxVL41ZP4EBmTx_eaXLS-HngKeNv8fN9O7pA7JrrLWaZGjxsvHK-WPt2g=w800-h500-k-no,"cafe, 98238, WA, US",98238,outscraper_google_maps
Conway's Pub Eatery,,18611 Main St,Conway,98238,,United States of America,48.3406023,-122.3435047,,+1 360-445-4733,Restaurant,restaurants,"Restaurant, American restaurant, Bar, Bar & grill, Hamburger restaurant, Oyster bar restaurant, Pub, Seafood restaurant",4.2,1554.0,OPERATIONAL,"{""Friday"": [""11AM-11PM""], ""Monday"": [""11AM-9PM""], ""Saturday"": [""11AM-11PM""], ""Sunday"": [""11AM-9PM""], ""Thursday"": [""11AM-9PM""], ""Tuesday"": [""11AM-9PM""], ""Wednesday"": [""11AM-9PM""]}",0x5485686b14204fe3:0xcdc443d90e5ec5e3,ChIJ408gFGtohVQR48VeDtlDxM0,https://search.google.com/local/reviews?placeid=ChIJ408gFGtohVQR48VeDtlDxM0&q=*&authuser=0&hl=en&gl=US,https://lh3.googleusercontent.com/gps-cs-s/APNQkAGwWNSbT6-yRXCZPSHyaTa_L0P4t5kgGOdycmuP69ZtPyapQ8LfCA6kPkOUNOX8Ac-vH5_l9c5CEycDB5IUpWm9hcIyYzYTauGeZ0KbksEoJeeTxpl9a1gpbr9E9YdM3IHqAWjRlA=w800-h500-k-no,"restaurant, 98238, WA, US",98238,outscraper_google_maps
Juana's Taqueria Mexican Food,,18729 Fir Island Rd,Conway,98238,,United States of America,48.341637,-122.3409011,,+1 360-202-0893,Mexican restaurant,restaurants,Mexican restaurant,4.8,74.0,OPERATIONAL,"{""Friday"": [""10AM-7PM""], ""Monday"": [""10AM-7PM""], ""Saturday"": [""11AM-7PM""], ""Sunday"": [""Closed""], ""Thursday"": [""10AM-7PM""], ""Tuesday"": [""10AM-7PM""], ""Wednesday"": [""10AM-7PM""]}",0x548569b3121157ab:0xfa85df2cf21f5475,ChIJq1cRErNphVQRdVQf8izfhfo,https://search.google.com/local/reviews?placeid=ChIJq1cRErNphVQRdVQf8izfhfo&q=*&authuser=0&hl=en&gl=US,https://lh3.googleusercontent.com/gps-cs-s/APNQkAFjMJScePqOtf8cOMZ1-frT-GJ2Vm975UkzsHajku-PIuGwB33_8Ui4CyMuJpfwYt_NMCd1GpwBFglBLYGshh3xWjjo60pZpcYxs3sdZiaUtvppmIgFAnHL27dkvom3fEjBcgoDSg=w800-h500-k-no,"mexican restaurant, 98238, WA, US",98238,outscraper_google_maps
Taqueria La Poblanita,,18707 Main St,Conway,98238,,United States of America,48.3410344,-122.3414692,,+1 425-638-2097,Mexican restaurant,restaurants,Mexican restaurant,2.5,17.0,OPERATIONAL,"{""Friday"": [""10AM-7:30PM""], ""Monday"": [""10AM-7:30PM""], ""Saturday"": [""10AM-7:30PM""], ""Sunday"": [""Closed""], ""Thursday"": [""10AM-7:30PM""], ""Tuesday"": [""10AM-7:30PM""], ""Wednesday"": [""10AM-7:30PM""]}",0x548569e74f080813:0xd8a82fd655f6f4dd,ChIJEwgIT-dphVQR3fT2VdYvqNg,https://search.google.com/local/reviews?placeid=ChIJEwgIT-dphVQR3fT2VdYvqNg&q=*&authuser=0&hl=en&gl=US,https://lh3.googleusercontent.com/gps-proxy/ALd4DhHPE_BlKqwqiNUSEY-jsEswuS_9cAvy5quN9f1xomNJqu34W6KXWmh1fpLyfQv-Bmae9GE4Fr1nuqr8HtP8Ihi3w_8SnKeyjaih3fmDyIItLsAaFrLiY_AxKgd6GGoHHiJp3hoYz5MiU_rj3Nqco-bgt4sHm1TBd04t-ZEnCPWIN_TgLbPvJLP3=w800-h500-k-no,"mexican restaurant, 98238, WA, US",98238,outscraper_google_maps
Boots Bar And Grill,,456 Maple St,Hamilton,98255,,United States of America,48.5216364,-121.9890997,,+1 360-826-5390,Bar,bars,Bar,4.4,128.0,OPERATIONAL,"{""Friday"": [""12PM-2AM""], ""Monday"": [""2-8PM""], ""Saturday"": [""12PM-2AM""], ""Sunday"": [""12-8PM""], ""Thursday"": [""2-10PM""], ""Tuesday"": [""12-10PM""], ""Wednesday"": [""2-10PM""]}",0x548510a9f752999b:0xc61f2b4097c1abdb,ChIJm5lS96kQhVQR26vBl0ArH8Y,https://search.google.com/local/reviews?placeid=ChIJm5lS96kQhVQR26vBl0ArH8Y&q=*&authuser=0&hl=en&gl=US,https://lh3.googleusercontent.com/gps-cs-s/APNQkAFo7WhsFgSnXfIZGDNkXza5_au_UOEQ-2RHUvyZvxSk5yRaf7UVDX1C9VhDI2kW5cCWSXQqMFbivE6kDoGZv_12vXBOhqqGmK4G3cinq5GXaqFmV8YQPeIsTdSY0zaVGSYwYaLcwA=w800-h500-k-no,"restaurant, 98255, WA, US",98255,outscraper_google_maps
Hamilton Diner,,501 Maple St,Hamilton,98255,,United States of America,48.5221014,-121.9894973,,+1 360-826-6800,Cafe,cafes,Cafe,4.6,98.0,OPERATIONAL,"{""Friday"": [""8AM-6PM""], ""Monday"": [""8AM-6PM""], ""Saturday"": [""8AM-1PM""], ""Sunday"": [""Closed""], ""Thursday"": [""8AM-6PM""], ""Tuesday"": [""8AM-6PM""], ""Wednesday"": [""8AM-6PM""]}",0x548510a9f36b46a5:0x363fad7cab89c330,ChIJpUZr86kQhVQRMMOJq3ytPzY,https://search.google.com/local/reviews?placeid=ChIJpUZr86kQhVQRMMOJq3ytPzY&q=*&authuser=0&hl=en&gl=US,https://lh3.googleusercontent.com/gps-cs-s/APNQkAHKWx52s2PUuQKgxZ_FvH1PgTeodq4khNRzGMx4kiNxvlTSYbMnCWMPOocWCUWfYWBWLPcCLJDW8fq7t7Lbvm2JQhA8IXTRtOqsSBMr11qqNiU7lGN2F52BImJD2SdecWRyAoWS=w800-h500-k-no,"restaurant, 98255, WA, US",98255,outscraper_google_maps
COA mexican eatery & tequileria,,623 Morris St,La Conner,98257,,United States of America,48.3924052,-122.4890429,,+1 360-466-0267,Mexican restaurant,restaurants,Mexican restaurant,4.7,1005.0,OPERATIONAL,"{""Friday"": [""11AM-9PM""], ""Monday"": [""11AM-8PM""], ""Saturday"": [""11AM-9PM""], ""Sunday"": [""Closed""], ""Thursday"": [""11AM-8PM""], ""Tuesday"": [""11AM-8PM""], ""Wednesday"": [""11AM-8PM""]}",0x548565bb6c44d90b:0x9a2a8d525c69d1c4,ChIJC9lEbLtlhVQRxNFpXFKNKpo,https://search.google.com/local/reviews?placeid=ChIJC9lEbLtlhVQRxNFpXFKNKpo&q=*&authuser=0&hl=en&gl=US,https://lh3.googleusercontent.com/gps-cs-s/APNQkAEgl-Hb5m6xHLKv6Q5KeYH-eFTx5QRXfKGAnGkgYk6yYq12WxO9_xNIud8zxjuBUJmEWASoFGoJQapy1VtrcXMrF4GdMYAVcY5x_88djpKQpdVzp8ecARvsXSbcJDbqO3U5F3RN=w800-h500-k-no,"restaurant, 98257, WA, US",98257,outscraper_google_maps
Country Grounds Coffee,,720 Morris St,La Conner,98257,,United States of America,48.3920719,-122.4876664,,+1 360-399-1836,Coffee shop,coffee shops,Coffee shop,4.7,71.0,OPERATIONAL,"{""Friday"": [""7AM-4:30PM""], ""Monday"": [""7AM-4:30PM""], ""Saturday"": [""8AM-4PM""], ""Sunday"": [""9AM-3PM""], ""Thursday"": [""7AM-4:30PM""], ""Tuesday"": [""7AM-4:30PM""], ""Wednesday"": [""7AM-4:30PM""]}",0x548565bcead18dbf:0x54522171e3d74032,ChIJv43R6rxlhVQRMkDX43EhUlQ,https://search.google.com/local/reviews?placeid=ChIJv43R6rxlhVQRMkDX43EhUlQ&q=*&authuser=0&hl=en&gl=US,https://lh3.googleusercontent.com/gps-cs-s/APNQkAGLG2F5CDz7JHKlCE0ZQ7GGSHFNJ5pFUtZeWt6IXYYbKGb_iETduJ9vQk-ed7hT2UeMv1Qj_Kk9h_iA-5tUmcOff7iyLrY7-Xnb4HQzlIQn9nWETJduNgUEZhCGnQpSzE1qEhEF=w800-h500-k-no,"cafe, 98257, WA, US",98257,outscraper_google_maps
La Conner Brewing Co,,117 1st St,La Conner,98257,,United States of America,48.3917702,-122.4957166,,+1 360-466-1415,Bar,bars,"Bar, Brewpub",4.5,1406.0,OPERATIONAL,"{""Friday"": [""11:30AM-8:30PM""], ""Monday"": [""11:30AM-8PM""], ""Saturday"": [""11:30AM-8:30PM""], ""Sunday"": [""11:30AM-8PM""], ""Thursday"": [""11:30AM-8PM""], ""Tuesday"": [""11:30AM-8PM""], ""Wednesday"": [""11:30AM-8PM""]}",0x548565a52fb4af09:0x5bd0f7ca57975da2,ChIJCa-0L6VlhVQRol2XV8r30Fs,https://search.google.com/local/reviews?placeid=ChIJCa-0L6VlhVQRol2XV8r30Fs&q=*&authuser=0&hl=en&gl=US,https://lh3.googleusercontent.com/gps-cs-s/APNQkAFAZLlX5Eg9wR3JdUwCnegyA0Fu4C9aK1m7EEC2hPf1-FtPahnRxyuo5srKXAkHN9RH_hQt17BSkHkwG63y_w__eIeokhleHzIYOkEsH1k21aUS0Q1fiUATMRzuQRNVPLbPXkqU=w800-h500-k-no,"restaurant, 98257, WA, US",98257,outscraper_google_maps
La Conner Calico Cupboard Café & Bakery,,720 1st St,La Conner,98257,,United States of America,48.389215,-122.49853,,+1 360-466-4451,Restaurant,cafes,"Restaurant, Bakery, Breakfast restaurant, Brunch restaurant, Coffee shop, Lunch restaurant, Cafe",4.5,1003.0,OPERATIONAL,"{""Friday"": [""8AM-3PM""], ""Monday"": [""8AM-3PM""], ""Saturday"": [""8AM-3:30PM""], ""Sunday"": [""8AM-3:30PM""], ""Thursday"": [""8AM-3PM""], ""Tuesday"": [""8AM-3PM""], ""Wednesday"": [""8AM-3PM""]}",0x548565b01598991f:0xd77366e2245dba06,ChIJH5mYFbBlhVQRBrpdJOJmc9c,https://search.google.com/local/reviews?placeid=ChIJH5mYFbBlhVQRBrpdJOJmc9c&q=*&authuser=0&hl=en&gl=US,https://lh3.googleusercontent.com/gps-cs-s/APNQkAF07SQuozENeNBs-14R8Jm3NWTi_XyxsLPnIGvk2qKrtYb_gkxBY-NYw5M8jGo5vaGmmHlNVHfo7WBofBtsVd5bde11jXuB3Cx5EQHyH4m8roQdS7YPfMhGfpfwrkxly44G_7be=w800-h500-k-no,"restaurant, 98257, WA, US",98257,outscraper_google_maps
La Conner Pub & Eatery,,702 1st St,La Conner,98257,,United States of America,48.3897222,-122.4980556,,+1 360-466-9932,Family restaurant,restaurants,"Family restaurant, Bar, Seafood restaurant, Sports bar",4.4,1820.0,OPERATIONAL,"{""Friday"": [""10:30AM-10PM""], ""Monday"": [""10:30AM-9PM""], ""Saturday"": [""10AM-10PM""], ""Sunday"": [""10AM-9PM""], ""Thursday"": [""10:30AM-9PM""], ""Tuesday"": [""10:30AM-9PM""], ""Wednesday"": [""10:30AM-9PM""]}",0x548565b01a9fa517:0x4d05291db092d28f,ChIJF6WfGrBlhVQRj9KSsB0pBU0,https://search.google.com/local/reviews?placeid=ChIJF6WfGrBlhVQRj9KSsB0pBU0&q=*&authuser=0&hl=en&gl=US,https://lh3.googleusercontent.com/gps-cs-s/APNQkAGF9jWePo0c_TMj9NLY1iB2XYBuCUAg-a_PGQcJcweDlDAoGt97oUaigPCIKr3ruyIs6x1OE4YIZOxnDbMcffAhya_C5HAojalgWx26eMM9nZAbRRWcDqYRt5QiRDZWWdmgyBMY=w800-h500-k-no,"restaurant, 98257, WA, US",98257,outscraper_google_maps
La Conner Seafood & Prime Rib House,,614 1st St,La Conner,98257,,United States of America,48.3901149,-122.4978305,,+1 360-466-4014,Seafood restaurant,restaurants,"Seafood restaurant, Lounge bar, Restaurant, Steak house",4.4,1691.0,OPERATIONAL,"{""Friday"": [""11:30AM-8PM""], ""Monday"": [""11:30AM-8PM""], ""Saturday"": [""11:30AM-8PM""], ""Sunday"": [""11:30AM-8PM""], ""Thursday"": [""11:30AM-8PM""], ""Tuesday"": [""11:30AM-8PM""], ""Wednesday"": [""11:30AM-8PM""]}",0x548565b0065c946d:0xa01f65614ffa9b47,ChIJbZRcBrBlhVQRR5v6T2FlH6A,https://search.google.com/local/reviews?placeid=ChIJbZRcBrBlhVQRR5v6T2FlH6A&q=*&authuser=0&hl=en&gl=US,https://lh3.googleusercontent.com/gps-cs-s/APNQkAEnVv25YM63041BC4Jj_PmKQwauj8-IYdiN7ukgdklCOYJV4gAMvScNddev8EBKOWvGbYxXvDd8nrvKXlV7p8KDhXW7_ODRuuDwITLTg4sOK-ZKYX0vPYAp2QVRIjXij1fUshq-dw=w800-h500-k-no,"restaurant, 98257, WA, US",98257,outscraper_google_maps
La Conner Sips,,608 1st St,La Conner,98257,,United States of America,48.3903059,-122.4975884,,+1 360-610-9773,Wine bar,bars,Wine bar,4.5,115.0,OPERATIONAL,"{""Friday"": [""12AM-7PM""], ""Monday"": [""2-6PM""], ""Saturday"": [""1-7PM""], ""Sunday"": [""2-6PM""], ""Thursday"": [""2PM-12AM""], ""Tuesday"": [""Closed""], ""Wednesday"": [""Closed""]}",0x548565b00069fb0f:0xc044d97d7d86fada,ChIJD_tpALBlhVQR2vqGfX3ZRMA,https://search.google.com/local/reviews?placeid=ChIJD_tpALBlhVQR2vqGfX3ZRMA&q=*&authuser=0&hl=en&gl=US,https://lh3.googleusercontent.com/gps-cs-s/APNQkAGgQYEClsdu2V_oREb7KWfafqjpLzVP8jqDsGc-ytGpiDs9M5OBDXm5I_ewNgxzWD4eYEo_JGzxGcQ6sxMv6jfiNriFZ8_bQ24uQk2zQLHrzJoUX3N788i4KcQIxATfXFiOMac=w800-h500-k-no,"bar, 98257, WA, US",98257,outscraper_google_maps
La Conner Thai Garden,,508 Morris St,La Conner,98257,,United States of America,48.3920839,-122.4914974,,+1 360-466-9999,Thai restaurant,restaurants,"Thai restaurant, Asian restaurant, Southeast Asian restaurant",4.4,191.0,OPERATIONAL,"{""Friday"": [""11AM-8:30PM""], ""Monday"": [""Closed""], ""Saturday"": [""11AM-8:30PM""], ""Sunday"": [""11AM-8:30PM""], ""Thursday"": [""11AM-8:30PM""], ""Tuesday"": [""11AM-8:30PM""], ""Wednesday"": [""11AM-8:30PM""]}",0x548565bb4e33be2f:0xf4358c3d483bffe2,ChIJL74zTrtlhVQR4v87SD2MNfQ,https://search.google.com/local/reviews?placeid=ChIJL74zTrtlhVQR4v87SD2MNfQ&q=*&authuser=0&hl=en&gl=US,https://lh3.googleusercontent.com/gps-cs-s/APNQkAH4ali7Yqs80sOSUEdZiwzC9f8bZffzJdb7ddJWeWrD8Kecz5GiuidlwZoksAnuHoQkOAGzqxBGlEAcdxFo0g6ylKC8RAz7bZ87pi_CE95jHHfjGYInvw8a3muVjsV8KeaVdAFV=w800-h500-k-no,"restaurant, 98257, WA, US",98257,outscraper_google_maps
La Conner Waterfront Café,,128 1st St,La Conner,98257,,United States of America,48.391322,-122.496756,,+1 360-466-1579,Seafood restaurant,restaurants,"Seafood restaurant, American restaurant, Family restaurant, Fish & chips restaurant",4.4,617.0,OPERATIONAL,"{""Friday"": [""11AM-4PM""], ""Monday"": [""11AM-4PM""], ""Saturday"": [""11AM-5PM""], ""Sunday"": [""11AM-5PM""], ""Thursday"": [""11AM-4PM""], ""Tuesday"": [""11AM-4PM""], ""Wednesday"": [""11AM-4PM""]}",0x548565a54905cd19:0x4dc2d504970c572f,ChIJGc0FSaVlhVQRL1cMlwTVwk0,https://search.google.com/local/reviews?placeid=ChIJGc0FSaVlhVQRL1cMlwTVwk0&q=*&authuser=0&hl=en&gl=US,https://lh3.googleusercontent.com/gps-cs-s/APNQkAGrPlTd8hoBJio9XF6_HDVDTJPvTn9bqHFS2K7CR8UT54zB1vu8uLu-Ezt8wqbhH9lH98E3G5GLHFnClMWneqzuhXce-Qhmh-TTM8uY9W6v2sqT8WY9FLIl-VT6_K9TbNh1cTxa=w800-h500-k-no,"restaurant, 98257, WA, US",98257,outscraper_google_maps
Nell Thorn,,116 1st St,La Conner,98257,,United States of America,48.3917,-122.4966403,,+1 360-466-4261,American restaurant,restaurants,"American restaurant, Bar, Bistro, Pub, Restaurant",4.6,1369.0,OPERATIONAL,"{""Friday"": [""11:30AM-8:15PM""], ""Monday"": [""11:30AM-8:15PM""], ""Saturday"": [""10:30AM-8:15PM""], ""Sunday"": [""10:30AM-8:15PM""], ""Thursday"": [""11:30AM-8:15PM""], ""Tuesday"": [""11:30AM-8:15PM""], ""Wednesday"": [""11:30AM-8:15PM""]}",0x548565bad38d2d33:0x1e5923c28a891a2e,ChIJMy2N07plhVQRLhqJisIjWR4,https://search.google.com/local/reviews?placeid=ChIJMy2N07plhVQRLhqJisIjWR4&q=*&authuser=0&hl=en&gl=US,https://lh3.googleusercontent.com/gps-cs-s/APNQkAHiH-rqc_fb-HGeJV-drytv_p1Jh9Ttmw7r15EGwTlDUoUfQQtWaEY79spQKvwLDlUaKABnjx3DUsKJbpTbNMeGpKUtrvF5H4qaakI0XEUvXGISB8fyXKnYo26IEyVR82_2IXhU=w800-h500-k-no,"restaurant, 98257, WA, US",98257,outscraper_google_maps
O'Neils Confectionery and Soda Fountain,,713 1st St,La Conner,98257,,United States of America,48.3892776,-122.498146,,+1 360-399-1181,Dessert shop,Dessert shop,"Dessert shop, Candy store, Coffee shop, Ice cream shop, Lunch restaurant, Pizza restaurant, Pizza Takeout",4.9,63.0,OPERATIONAL,"{""Friday"": [""10AM-7PM""], ""Monday"": [""10AM-7PM""], ""Saturday"": [""10AM-7PM""], ""Sunday"": [""10AM-7PM""], ""Thursday"": [""10AM-7PM""], ""Tuesday"": [""10AM-7PM""], ""Wednesday"": [""10AM-7PM""]}",0x54856549d44b1f4f:0xd7813a64381b95b4,ChIJTx9L1EllhVQRtJUbOGQ6gdc,https://search.google.com/local/reviews?placeid=ChIJTx9L1EllhVQRtJUbOGQ6gdc&q=*&authuser=0&hl=en&gl=US,https://lh3.googleusercontent.com/gps-cs-s/APNQkAFzF0vFIMa0DkTtcD5pgOFYmDZZ64GvRs6Y0Su1MODXh1tACzzm_6GrBtXQVhYThgfrSWk6WMLADMPnXxm-5fnDMwa0n-767hnijdsQJicqYzSrx4YigXgVEbcpGDk2crWYDK8=w800-h500-k-no,"cafe, 98257, WA, US",98257,outscraper_google_maps
Pie Dive Bar,,512 1st St,La Conner,98257,,United States of America,48.390782,-122.4973902,,+1 425-476-0406,Restaurant,restaurants,Restaurant,4.8,75.0,OPERATIONAL,"{""Friday"": [""12-10PM""], ""Monday"": [""Closed""], ""Saturday"": [""12-10PM""], ""Sunday"": [""12-8PM""], ""Thursday"": [""12-8PM""], ""Tuesday"": [""Closed""], ""Wednesday"": [""12-8PM""]}",0x548565463d47ba2d:0x1aeab0f7426f45a7,ChIJLbpHPUZlhVQRp0VvQvew6ho,https://search.google.com/local/reviews?placeid=ChIJLbpHPUZlhVQRp0VvQvew6ho&q=*&authuser=0&hl=en&gl=US,https://lh3.googleusercontent.com/gps-cs-s/APNQkAEuKlV1slqvqvbaosOGCDkqU9zPU0W-rP-BrenC23J6jJexsiN9aNWPPoIcTusEYxvu5IVX_Uxz8kX-Z8SFphFSoMetbwwUAM31Wp51lwvUxGiRoNRRIJSpf6JIfRNssJiFQNPvuOK5bBK8=w800-h500-k-no,"pizza restaurant, 98257, WA, US",98257,outscraper_google_maps
Pioneer Market,,416 Morris St,La Conner,98257,,United States of America,48.3920103,-122.4922838,,+1 360-466-0188,Grocery store,Grocery store,"Grocery store, Supermarket",4.3,423.0,OPERATIONAL,"{""Friday"": [""6AM-10PM""], ""Monday"": [""6AM-10PM""], ""Saturday"": [""7AM-10PM""], ""Sunday"": [""7AM-10PM""], ""Thursday"": [""6AM-10PM""], ""Tuesday"": [""6AM-10PM""], ""Wednesday"": [""6AM-10PM""]}",0x548565a4b51f011d:0x9fda258403e3cd5c,ChIJHQEftaRlhVQRXM3jA4Ql2p8,https://search.google.com/local/reviews?placeid=ChIJHQEftaRlhVQRXM3jA4Ql2p8&q=*&authuser=0&hl=en&gl=US,https://lh3.googleusercontent.com/gps-cs-s/APNQkAEUfxMMWdfos8v5KC0p2YfmFENEbXjGbzBx17StjFb89m0y0TkfN7uKP2qYU1nul_zOdh7j8jutMeUOjBVb5T4ga5D2khbHu_Fci_uMyV5hdo5nBwzvr5YkjUBWh5Rdu3XrbzGi1A=w800-h500-k-no,"deli, 98257, WA, US",98257,outscraper_google_maps
RETRO DINER,,313 Morris St,La Conner,98257,,United States of America,48.3923455,-122.4932349,,+1 360-630-5005,Restaurant,restaurants,Restaurant,4.9,38.0,OPERATIONAL,"{""Friday"": [""8AM-4PM""], ""Monday"": [""8AM-4PM""], ""Saturday"": [""8AM-4PM""], ""Sunday"": [""8AM-4PM""], ""Thursday"": [""8AM-4PM""], ""Tuesday"": [""8AM-4PM""], ""Wednesday"": [""8AM-4PM""]}",0x548565720f0f0497:0x774c38ed6cb48d4c,ChIJlwQPD3JlhVQRTI20bO04THc,https://search.google.com/local/reviews?placeid=ChIJlwQPD3JlhVQRTI20bO04THc&q=*&authuser=0&hl=en&gl=US,https://lh3.googleusercontent.com/gps-cs-s/APNQkAFe9yHsR7aL-AsKLS_7J-F92oSPmgFcNd4FTrhlmhyLez3KH1FIlMxweK8Lt0ftUIBCpwr-vjfSCu-1jWBkeP7lMa86nlVcBxzDWQe94MKR80eAeI7tFlhB6TzMzLfQN73CIymDvIJKhn-f=w800-h500-k-no,"restaurant, 98257, WA, US",98257,outscraper_google_maps
Raven's Cup Coffee & Art Gallery,,106 1st St Suite A,La Conner,98257,,United States of America,48.3919719,-122.4960347,,+1 360-375-1809,Coffee shop,coffee shops,"Coffee shop, Art gallery, Candle store, Chocolate shop, Gift shop, Greeting card shop",4.7,83.0,OPERATIONAL,"{""Friday"": [""7AM-6PM""], ""Monday"": [""7AM-5PM""], ""Saturday"": [""7AM-6PM""], ""Sunday"": [""7AM-6PM""], ""Thursday"": [""7AM-5PM""], ""Tuesday"": [""7AM-5PM""], ""Wednesday"": [""7AM-5PM""]}",0x548565d1297b3ca3:0xb40fc2582205f853,ChIJozx7KdFlhVQRU_gFIljCD7Q,https://search.google.com/local/reviews?placeid=ChIJozx7KdFlhVQRU_gFIljCD7Q&q=*&authuser=0&hl=en&gl=US,https://lh3.googleusercontent.com/gps-cs-s/APNQkAFfIDcldYj24rNj8d0kjqCivMuFHMCA8I80NDSV66ZSl3iWgy2ehB-jCdeyIxsSS9q3ZKpqjUejGquGrv7JfXXhNBeeL_hoth4g_Hh7fjEMjwy_okJKzqxscUISjFp4VRT5V9MS=w800-h500-k-no,"cafe, 98257, WA, US",98257,outscraper_google_maps
Santo Coyote Mexican Kitchen,,E 201 Morris St,La Conner,98257,,United States of America,48.3923218,-122.4947683,,+1 360-466-0555,Mexican restaurant,restaurants,Mexican restaurant,4.6,454.0,OPERATIONAL,"{""Friday"": [""11AM-8PM""], ""Monday"": [""11AM-8PM""], ""Saturday"": [""11AM-8PM""], ""Sunday"": [""11AM-6PM""], ""Thursday"": [""11AM-8PM""], ""Tuesday"": [""11AM-8PM""], ""Wednesday"": [""11AM-8PM""]}",0x548565a4d9311bf3:0x29892a63e9bd839b,ChIJ8xsx2aRlhVQRm4O96WMqiSk,https://search.google.com/local/reviews?placeid=ChIJ8xsx2aRlhVQRm4O96WMqiSk&q=*&authuser=0&hl=en&gl=US,https://lh3.googleusercontent.com/gps-cs-s/APNQkAExxdvZZDbwtvjFusulxSY76DlvzJhSZfFnZUTJWcjsD1-fqx-bO5miZeYXsvV4XYTnttQ-dS2DTM39gA-I7MbnqJ6inQalb8LWNVa_aKpwA3gd4ORGbOo6p7qsUYtg3LJxjiXM=w800-h500-k-no,"restaurant, 98257, WA, US",98257,outscraper_google_maps
Stompin Grounds Coffee Co,,603 Morris St,La Conner,98257,,United States of America,48.3923423,-122.4902332,,+1 360-399-1079,Coffee shop,coffee shops,Coffee shop,4.8,233.0,OPERATIONAL,"{""Friday"": [""5:30AM-6PM""], ""Monday"": [""5:30AM-6PM""], ""Saturday"": [""5:30AM-6PM""], ""Sunday"": [""5:30AM-6PM""], ""Thursday"": [""5:30AM-6PM""], ""Tuesday"": [""5:30AM-6PM""], ""Wednesday"": [""5:30AM-6PM""]}",0x548565bb5813a529:0xfbd07ec13ba4a06f,ChIJKaUTWLtlhVQRb6CkO8F-0Ps,https://search.google.com/local/reviews?placeid=ChIJKaUTWLtlhVQRb6CkO8F-0Ps&q=*&authuser=0&hl=en&gl=US,https://lh3.googleusercontent.com/gps-cs-s/APNQkAE4WtfqAck-ERnV-qfENa09vi29lEZLWKaryssAjdgtNQ8zDKqjdC68Xwm7NVY_H6TcIKXhSoKEDD9zfOkk__oWrSogbX53v7HlWinku_QeCiB5EqX089Eb4QkWLA0WGvrcP39x2g=w800-h500-k-no,"cafe, 98257, WA, US",98257,outscraper_google_maps
Swinomish Market at the Village,,17599 Front St,La Conner,98257,,United States of America,48.3904051,-122.5010681,,+1 360-466-3001,Deli,Convenience store,"Deli, Convenience store, Gas station, Tobacco shop",4.1,12.0,OPERATIONAL,"{""Friday"": [""6AM-10PM""], ""Monday"": [""6AM-10PM""], ""Saturday"": [""6AM-10PM""], ""Sunday"": [""6AM-10PM""], ""Thursday"": [""6AM-10PM""], ""Tuesday"": [""6AM-10PM""], ""Wednesday"": [""6AM-10PM""]}",0x548565677329532b:0x63939f6fe5253677,ChIJK1Mpc2dlhVQRdzYl5W-fk2M,https://search.google.com/local/reviews?placeid=ChIJK1Mpc2dlhVQRdzYl5W-fk2M&q=*&authuser=0&hl=en&gl=US,https://lh3.googleusercontent.com/gps-cs-s/APNQkAGEmMzi6ZxRKgSJ1KmZdV5rcd_MS-ZJ3unQERG0PDWB3BcVBYpN9rSKisejjycYqlPHAz4pOkO3uOvaUiUZdY00M6xgyMzDDV4x9GAGAtR5NbZnA5cplbquC4ig4E862sOk-aT7LQ=w800-h500-k-no,"deli, 98257, WA, US",98257,outscraper_google_maps
The Firehall Kitchen & Taphouse,,402 Morris St,La Conner,98257,,United States of America,48.3920117,-122.4926141,,+1 360-399-1394,Restaurant,restaurants,Restaurant,4.4,179.0,OPERATIONAL,"{""Friday"": [""12-9PM""], ""Monday"": [""12-8PM""], ""Saturday"": [""12-9PM""], ""Sunday"": [""12-8PM""], ""Thursday"": [""12-8PM""], ""Tuesday"": [""12-8PM""], ""Wednesday"": [""12-8PM""]}",0x5485651395ece6c1:0xbf74eba6513bfe2c,ChIJwebslRNlhVQRLP47UabrdL8,https://search.google.com/local/reviews?placeid=ChIJwebslRNlhVQRLP47UabrdL8&q=*&authuser=0&hl=en&gl=US,https://lh3.googleusercontent.com/gps-cs-s/APNQkAHcLrgvLy3MjBtqqr3_IRyUr35PV_ri3ZjOBjFNH2QKxV4vlZkWDo49Nl3XqgbgsLJHIGUgFNSSoEdreZe9oiO-lDrC08Vds7G_HJBKtZ2JYnGNZ9sPhGMv3N5sdae5Px_0XhmQ=w800-h500-k-no,"restaurant, 98257, WA, US",98257,outscraper_google_maps
The Oyster & Thistle,,205 Washington St,La Conner,98257,,United States of America,48.3913048,-122.4949989,,+1 360-766-6179,Fine dining restaurant,restaurants,"Fine dining restaurant, Pub, Seafood restaurant",4.5,519.0,OPERATIONAL,"{""Friday"": [""7:30AM-8PM""], ""Monday"": [""7:30AM-8PM""], ""Saturday"": [""7:30AM-8PM""], ""Sunday"": [""7:30AM-8PM""], ""Thursday"": [""7:30AM-8PM""], ""Tuesday"": [""11AM-8PM""], ""Wednesday"": [""11AM-8PM""]}",0x548565bad3f2cd87:0xd2e84e959a5307e3,ChIJh83y07plhVQR4wdTmpVO6NI,https://search.google.com/local/reviews?placeid=ChIJh83y07plhVQR4wdTmpVO6NI&q=*&authuser=0&hl=en&gl=US,https://lh3.googleusercontent.com/gps-cs-s/APNQkAEuRn7JpNp2biGtcTP4aeXrM_JzwpHdN2DKxyL-J_djRt3kdi6VV2xUvOhn7jWE_vk6NbDMRGdCA3VyieqqdD7MGLtAzq-Ab974QUJsOaaKhGLbNr5EhdhfWMIogu2oRtf15L8=w800-h500-k-no,"restaurant, 98257, WA, US",98257,outscraper_google_maps
The Scone Lady Bakery,,109 N 1st St,La Conner,98257,,United States of America,48.3928298,-122.4962297,,+1 360-320-9072,Bakery,Bakery,Bakery,4.6,105.0,OPERATIONAL,"{""Friday"": [""9AM-4PM""], ""Monday"": [""Closed""], ""Saturday"": [""9AM-4PM""], ""Sunday"": [""9AM-4PM""], ""Thursday"": [""9AM-4PM""], ""Tuesday"": [""Closed""], ""Wednesday"": [""9AM-4PM""]}",0x548565a51d076db1:0x3db1312911c84bd7,ChIJsW0HHaVlhVQR10vIESkxsT0,https://search.google.com/local/reviews?placeid=ChIJsW0HHaVlhVQR10vIESkxsT0&q=*&authuser=0&hl=en&gl=US,https://lh3.googleusercontent.com/gps-cs-s/APNQkAEjt_zOQE1Ui2TMBN3XOyvzQqdGcZ0BZ_GyR4PKLBmnOuXjLcKPb-2ZN_ai4laYDEefkTAKnZAUfKV_XnibyIWdqWetx3cHTBAdV5-0G09IpTE954xxt4fF-hK53q1LDV6qBzpG=w800-h500-k-no,"cafe, 98257, WA, US",98257,outscraper_google_maps
The Wayfinder Cafe,,110 N 1st St,La Conner,98257,,United States of America,48.3927866,-122.4957179,,+1 360-333-4696,Cafe,cafes,Cafe,4.9,114.0,OPERATIONAL,"{""Friday"": [""11AM-3PM""], ""Monday"": [""11AM-3PM""], ""Saturday"": [""9AM-3PM""], ""Sunday"": [""9AM-3PM""], ""Thursday"": [""11AM-3PM""], ""Tuesday"": [""11AM-3PM""], ""Wednesday"": [""11AM-3PM""]}",0x548565a149478fc1:0x4de10db2de57d4b,ChIJwY9HSaFlhVQRS33lLdsQ3gQ,https://search.google.com/local/reviews?placeid=ChIJwY9HSaFlhVQRS33lLdsQ3gQ&q=*&authuser=0&hl=en&gl=US,https://lh3.googleusercontent.com/gps-cs-s/APNQkAEJPVQgyXqhxwS422Zu-qYO1oFcC048e-HBvp-X4Lcwb4fD4H3buDl_xML60rZ8hwUvg325s4_UqgGOHBgECwpaP2OJ3bdyBH3R3Qw2EMmQxCUk7DCNscR5jqq6RSD3e0jcElPF=w800-h500-k-no,"restaurant, 98257, WA, US",98257,outscraper_google_maps
Tunnies Fish & Chips,,720 Morris St,La Conner,98257,,United States of America,48.3920799,-122.4877203,,+1 360-854-4002,Restaurant,restaurants,Restaurant,4.6,89.0,OPERATIONAL,"{""Friday"": [""11AM-6PM""], ""Monday"": [""Closed""], ""Saturday"": [""11AM-6PM""], ""Sunday"": [""11AM-6PM""], ""Thursday"": [""11AM-6PM""], ""Tuesday"": [""Closed""], ""Wednesday"": [""11AM-6PM""]}",0x548565849795cef7:0xab30b3f1f5ada967,ChIJ986Vl4RlhVQRZ6mt9fGzMKs,https://search.google.com/local/reviews?placeid=ChIJ986Vl4RlhVQRZ6mt9fGzMKs&q=*&authuser=0&hl=en&gl=US,https://lh3.googleusercontent.com/gps-cs-s/APNQkAHgmBzfpZ04IvKsJ6fol_0tsjMm1lMrAFsV-IgiZcn7ESR6dmdHyj8qbPmgSreQ01sD5NbYeaNTKKqlldaAPgw_8HuNR5zwZih6Mds0QXr4dlUkT1RaAvrYho4vkCswT-cT5rYbsQ=w800-h500-k-no,"restaurant, 98257, WA, US",98257,outscraper_google_maps
Cascade Mercantile,,31387 State Rte 20,Lyman,98263,,United States of America,48.5297118,-122.0633423,,+1 360-826-3331,Grocery store,Grocery store,"Grocery store, Gas station",4.4,458.0,OPERATIONAL,"{""Friday"": [""5AM-10PM""], ""Monday"": [""5AM-10PM""], ""Saturday"": [""5AM-10PM""], ""Sunday"": [""6AM-10PM""], ""Thursday"": [""5AM-10PM""], ""Tuesday"": [""5AM-10PM""], ""Wednesday"": [""5AM-10PM""]}",0x548510fc41ee202f:0xe697055f28fa6473,ChIJLyDuQfwQhVQRc2T6KF8Fl-Y,https://search.google.com/local/reviews?placeid=ChIJLyDuQfwQhVQRc2T6KF8Fl-Y&q=*&authuser=0&hl=en&gl=US,https://lh3.googleusercontent.com/gps-cs-s/APNQkAGc8fWiKHVQTDMm3voNCFv47mP7XDUDg_rTznMckw8sr2VP8PLlaY8awLH1fpZuv5f6nBLmUyktLIkCcnG4ONEjTLsPObJlXXpTOMsztYgoaVT-ILJEey3a94j91BKK1KgLnpgn=w800-h500-k-no,"coffee shop, 98263, WA, US",98263,outscraper_google_maps
Lyman Tavern,,8328 S Main St,Lyman,98263,,United States of America,48.5260609,-122.0600474,,+1 360-399-1010,Bar & grill,restaurants,"Bar & grill, Family restaurant",4.7,187.0,OPERATIONAL,"{""Friday"": [""11AM-10PM""], ""Monday"": [""Closed""], ""Saturday"": [""11AM-10PM""], ""Sunday"": [""11AM-9PM""], ""Thursday"": [""11AM-10PM""], ""Tuesday"": [""11AM-10PM""], ""Wednesday"": [""11AM-10PM""]}",0x548510e49fc7a849:0x86314511949bad23,ChIJSajHn-QQhVQRI62blBFFMYY,https://search.google.com/local/reviews?placeid=ChIJSajHn-QQhVQRI62blBFFMYY&q=*&authuser=0&hl=en&gl=US,https://lh3.googleusercontent.com/gps-cs-s/APNQkAEX8EzXffS_rTOLN3Kve7vhat7vwc_9-NpgHSVdLdYM1b7SzIr_02Atao7nKvm6PfblIa-Zkv-Go7AdHg870OosCYh9R0r4tcbB5pcc54nlIN1FwSR31hveGpuhmd1jeLoTx8dDkQ=w800-h500-k-no,"restaurant, 98263, WA, US",98263,outscraper_google_maps
Karina's Deja Brew,,60103 State Rte 20,Marblemount,98267,,United States of America,48.5268639,-121.4323551,,+1 360-540-3221,Coffee shop,coffee shops,Coffee shop,4.7,46.0,OPERATIONAL,"{""Friday"": [""7AM-12PM""], ""Monday"": [""Closed""], ""Saturday"": [""7AM-12PM""], ""Sunday"": [""7AM-12PM""], ""Thursday"": [""7AM-12PM""], ""Tuesday"": [""Closed""], ""Wednesday"": [""Closed""]}",0x5484ddd09914879b:0x3ba52ac514b7c683,ChIJm4cUmdDdhFQRg8a3FMUqpTs,https://search.google.com/local/reviews?placeid=ChIJm4cUmdDdhFQRg8a3FMUqpTs&q=*&authuser=0&hl=en&gl=US,https://lh3.googleusercontent.com/gps-cs-s/APNQkAGqPYXqtiH4TU-JhgJnFrJzTGCXsgbSG1ckEQZ3IYYfdi0eUFIVoViR9mgKlIV9wb1_Dgfpqru8mQ1LZr-7BIjw35ZHYFggSEWydn4l0ETm-N6mZoXL6cdmN3_T2lTXoRfgeugi=w800-h500-k-no,"cafe, 98267, WA, US",98267,outscraper_google_maps
Mondo Restaurant,,60102 State Rte 20,Marblemount,98267,,United States of America,48.5264091,-121.4323196,,+1 360-873-2111,American restaurant,restaurants,American restaurant,4.3,993.0,OPERATIONAL,"{""Friday"": [""11AM-8:30PM""], ""Monday"": [""11AM-8:30PM""], ""Saturday"": [""11AM-8:30PM""], ""Sunday"": [""11AM-8:30PM""], ""Thursday"": [""11AM-8:30PM""], ""Tuesday"": [""11AM-8:30PM""], ""Wednesday"": [""11AM-8:30PM""]}",0x5484dc922c632727:0x119091b907759a9d,ChIJJydjLJLchFQRnZp1B7mRkBE,https://search.google.com/local/reviews?placeid=ChIJJydjLJLchFQRnZp1B7mRkBE&q=*&authuser=0&hl=en&gl=US,https://lh3.googleusercontent.com/gps-cs-s/APNQkAEImMGRdnxoalToabEDZZZuOq0rnmEC6Mm7pRtb1WCjUntrxbv_LNJWwdIKsBy5PXLmG8hu6OhUKGWwr47iycpaRBCzHsL8YZZCPgLC7g23Gu0lbQkwMB1yep6e6Cu5kupd7ovnhw=w800-h500-k-no,"restaurant, 98267, WA, US",98267,outscraper_google_maps
North Cascades Visitor Center,,376 Newhalem St,Marblemount,98267,,United States of America,48.6663092,-121.2667132,,+1 360-854-7200,Visitor center,Visitor center,Visitor center,4.7,1036.0,OPERATIONAL,"{""Friday"": [""9AM-5PM""], ""Monday"": [""9AM-5PM""], ""Saturday"": [""9AM-5PM""], ""Sunday"": [""9AM-5PM""], ""Thursday"": [""9AM-5PM""], ""Tuesday"": [""9AM-5PM""], ""Wednesday"": [""9AM-5PM""]}",0x5484eab9c10ea0a9:0xb82006fb5d3f24a,ChIJqaAOwbnqhFQRSvLTtW8Aggs,https://search.google.com/local/reviews?placeid=ChIJqaAOwbnqhFQRSvLTtW8Aggs&q=*&authuser=0&hl=en&gl=US,https://lh3.googleusercontent.com/gps-cs-s/APNQkAG_Xbrm6Z0GTwDQSCueebMvBDbRhec-cuCj-4P3Say_CXcuaKEbPswG5EQsW6lvSJPUSviCvQYtC00slqLDP-uPNmZ8yLBICpEUQjmVrl06mZ_t8Vqy_I865pH9UijMBLrLM6yP9Q=w800-h500-k-no,"food truck, 98267, WA, US",98267,outscraper_google_maps
Prospectors Country Coffee Marblemount,,60103 State Rte 20,Marblemount,98267,,United States of America,48.5268769,-121.4323151,,,Espresso bar,coffee shops,Espresso bar,4.1,35.0,OPERATIONAL,"{""Friday"": [""7AM-12PM""], ""Monday"": [""7AM-12PM""], ""Saturday"": [""7AM-12PM""], ""Sunday"": [""7AM-12PM""], ""Thursday"": [""7AM-12PM""], ""Tuesday"": [""7AM-12PM""], ""Wednesday"": [""7AM-12PM""]}",0x5484dd7dee0e0353:0xa68e8b6bf66b3ea4,ChIJUwMO7n3dhFQRpD5r9muLjqY,https://search.google.com/local/reviews?placeid=ChIJUwMO7n3dhFQRpD5r9muLjqY&q=*&authuser=0&hl=en&gl=US,https://lh3.googleusercontent.com/gps-cs-s/APNQkAGBRev7Un2EKZ-cllvmsx7Qt-47WadClC7boqOUR_9fVBR3sXDBz4AP0FKVxx0KwcJHhCY-5Jc-grGG7LrgQICPBE4KQ0EPNMHaXihTu0kqXe6dzrqov9G7R-fzc-O8vyBybGmMi6UBcYM=w800-h500-k-no,"cafe, 98267, WA, US",98267,outscraper_google_maps
Triple T Food 67 Tuff (Also Triple T Arena),,60517 State Rte 20,Marblemount,98267,,United States of America,48.5416676,-121.4257246,,,Fast food restaurant,restaurants,"Fast food restaurant, Stadium",5.0,8.0,OPERATIONAL,"{""Friday"": [""Open 24 hours""], ""Monday"": [""8:30AM-12AM""], ""Saturday"": [""Open 24 hours""], ""Sunday"": [""Open 24 hours""], ""Thursday"": [""Open 24 hours""], ""Tuesday"": [""Open 24 hours""], ""Wednesday"": [""Open 24 hours""]}",0x5484dd68b8e3d251:0x931d18c05db1bdca,ChIJUdLjuGjdhFQRyr2xXcAYHZM,https://search.google.com/local/reviews?placeid=ChIJUdLjuGjdhFQRyr2xXcAYHZM&q=*&authuser=0&hl=en&gl=US,https://lh3.googleusercontent.com/gps-cs-s/APNQkAH9cj6zWgz3KOTFhbPVLwdLkiJF3uFfea5lQTCdim51NQLO8NIBG0pU3ruOcKPRFGv6luZbkSV2Vr4GWzC-NS7pZzYEih9cLRnF4vnrynnNwItl70uUqSKHvllfZsh6ZftGPOP_NYGfxO4=w800-h500-k-no,"restaurant, 98267, WA, US",98267,outscraper_google_maps
Upriver Grill & Taproom,,60084 State Rte 20,Marblemount,98267,,United States of America,48.5264283,-121.4333917,,+1 360-873-4221,Restaurant,restaurants,"Restaurant, American restaurant",4.5,564.0,OPERATIONAL,"{""Friday"": [""4-8PM""], ""Monday"": [""Closed""], ""Saturday"": [""11AM-8PM""], ""Sunday"": [""11AM-8PM""], ""Thursday"": [""4-8PM""], ""Tuesday"": [""Closed""], ""Wednesday"": [""Closed""]}",0x5484ddb9818bb519:0x844e72e4f1c6258d,ChIJGbWLgbndhFQRjSXG8eRyToQ,https://search.google.com/local/reviews?placeid=ChIJGbWLgbndhFQRjSXG8eRyToQ&q=*&authuser=0&hl=en&gl=US,https://lh3.googleusercontent.com/gps-cs-s/APNQkAGsYMF1msD2W6gQNHWKHKPebBTqH4F-x8P42sOKFIGNg_e7HKop84GzqzkZ9OCWLUp3Q5Yi9QOCrPRDI5NxlDpbWg5HGeFfqs6qR3-MvyVKdKrb2Vs6_X_TxpdiBgrPun1GgQfjMA=w800-h500-k-no,"restaurant, 98267, WA, US",98267,outscraper_google_maps
A&W Restaurant,,2003 Riverside Dr,Mount Vernon,98273,,United States of America,48.4382661,-122.335693,,+1 360-424-7177,Fast food restaurant,restaurants,"Fast food restaurant, American restaurant, Dessert restaurant, Hamburger restaurant, Western restaurant",3.8,40.0,OPERATIONAL,"{""Friday"": [""10AM-12AM""], ""Monday"": [""10AM-12AM""], ""Saturday"": [""10AM-12AM""], ""Sunday"": [""10AM-12AM""], ""Thursday"": [""10AM-12AM""], ""Tuesday"": [""10AM-12AM""], ""Wednesday"": [""10AM-12AM""]}",0x54856c242973e7e9:0x628db4e801e102f5,ChIJ6edzKSRshVQR9QLhAei0jWI,https://search.google.com/local/reviews?placeid=ChIJ6edzKSRshVQR9QLhAei0jWI&q=*&authuser=0&hl=en&gl=US,https://lh3.googleusercontent.com/gps-cs-s/APNQkAHuzu1iBspGr-6Wd8u6C8RPC-dAIkpZn6QTzmeFDpol73F0QhL3JuBBS3JTnvytKN4Jkmq1Rfc_CBV0dv1fG0-N6nL8vsse1Lyd0MSRLxDW8AdrK7U_aBhyg0sjzzHBftlYHaRV=w800-h500-k-no,"restaurant, 98273, WA, US",98273,outscraper_google_maps
Ajua! Mexican Taqueria,,2030 Riverside Dr,Mount Vernon,98273,,United States of America,48.4397159,-122.3344393,,+1 360-941-0624,Taco restaurant,restaurants,Taco restaurant,4.0,11.0,OPERATIONAL,"{""Friday"": [""11AM-11:30PM""], ""Monday"": [""11AM-11PM""], ""Saturday"": [""11AM-11:30PM""], ""Sunday"": [""11AM-11:30PM""], ""Thursday"": [""11AM-11PM""], ""Tuesday"": [""11AM-11PM""], ""Wednesday"": [""11AM-11PM""]}",0x54856d81a6398b89:0x5064992cb7fdd40a,ChIJiYs5poFthVQRCtT9tyyZZFA,https://search.google.com/local/reviews?placeid=ChIJiYs5poFthVQRCtT9tyyZZFA&q=*&authuser=0&hl=en&gl=US,https://lh3.googleusercontent.com/gps-cs-s/APNQkAHyU2bPjTEyXWKBowPOGG7TjRBWaJplAT_liPuWgmPG0_HW2oBT20ZfTZkkUTnxm-3y0mzUg78SKA5oKQ_JHjCIgsJqcM4f-GSFtwAPm65WfARqg3tt9EcqBDk3ASlkrFqlzNk9gIMsLM6V=w800-h500-k-no,"mexican restaurant, 98273, WA, US",98273,outscraper_google_maps
Antojitos El Mangal Mexicano,,2222 Riverside Dr #501,Mount Vernon,98273,,United States of America,48.441139,-122.3343478,,+1 360-428-2000,Snack bar,Snack bar,"Snack bar, Fruit parlor",4.5,41.0,OPERATIONAL,"{""Friday"": [""11:30AM-7PM""], ""Monday"": [""11:30AM-7PM""], ""Saturday"": [""11:30AM-7PM""], ""Sunday"": [""11:30AM-6PM""], ""Thursday"": [""11:30AM-7PM""], ""Tuesday"": [""11:30AM-7PM""], ""Wednesday"": [""11:30AM-7PM""]}",0x54856df4ed2121bb:0xe5f916ffce073c50,ChIJuyEh7fRthVQRUDwHzv8W-eU,https://search.google.com/local/reviews?placeid=ChIJuyEh7fRthVQRUDwHzv8W-eU&q=*&authuser=0&hl=en&gl=US,https://lh3.googleusercontent.com/gps-cs-s/APNQkAHn7GQ2AH0IrXrOwdMVUVDWgRs2-af-T4ApoG5X4xd6HNzyvIKFv5-FtydAER-6XbvZCgy8MfPu2E89QWKrqYLq0Jw1flRwr-yVXgcPp39vVqSevnhL0G8cTpFItlH3ROmmKJP_=w800-h500-k-no,"mexican restaurant, 98273, WA, US",98273,outscraper_google_maps
Arby's,,1822 Freeway Dr,Mount Vernon,98273,,United States of America,48.4375738,-122.342526,,+1 360-404-5610,Deli,restaurants,"Deli, American restaurant, Fast food restaurant, Grocery delivery service, Takeout Restaurant, Sandwich shop",3.8,1122.0,OPERATIONAL,"{""Friday"": [""10AM-10:30PM""], ""Monday"": [""10AM-10:30PM""], ""Saturday"": [""10AM-10:30PM""], ""Sunday"": [""10AM-10:30PM""], ""Thursday"": [""10AM-10:30PM""], ""Tuesday"": [""10AM-10:30PM""], ""Wednesday"": [""10AM-10:30PM""]}",0x54856c2795cd575d:0x4abe36ae98851445,ChIJXVfNlSdshVQRRRSFmK42vko,https://search.google.com/local/reviews?placeid=ChIJXVfNlSdshVQRRRSFmK42vko&q=*&authuser=0&hl=en&gl=US,https://lh3.googleusercontent.com/gps-proxy/ALd4DhEFiAuuWQ02VMqUQoQFS4Rs8DHrtOtZ_Fbp2dgrSDDzLdiCxK_LAVB2_uJhjhcv8TPweygVwLpicxTDSfN2VJGB_LlSEnIKkdyFzL9b2_nUU5jGvxE2JQp6qQTXxIBotjkax4qawF2KT_pECkL5xDgiKhgFvPVXANY0grMwDmN_vPHY6_bT1B7I8w=w800-h500-k-no,"deli, 98273, WA, US",98273,outscraper_google_maps
Asian Grill & More 1,,1825 Riverside Dr #B,Mount Vernon,98273,,United States of America,48.4375554,-122.335696,,+1 360-899-4095,Vietnamese restaurant,restaurants,"Vietnamese restaurant, Bubble tea store, Takeout Restaurant, Pho restaurant",4.6,426.0,OPERATIONAL,"{""Friday"": [""11AM-8PM""], ""Monday"": [""11AM-8PM""], ""Saturday"": [""11AM-8PM""], ""Sunday"": [""Closed""], ""Thursday"": [""11AM-8PM""], ""Tuesday"": [""11AM-8PM""], ""Wednesday"": [""11AM-8PM""]}",0x54856c2699f56f45:0x8784794da5858ba1,ChIJRW_1mSZshVQRoYuFpU15hIc,https://search.google.com/local/reviews?placeid=ChIJRW_1mSZshVQRoYuFpU15hIc&q=*&authuser=0&hl=en&gl=US,https://lh3.googleusercontent.com/gps-cs-s/APNQkAEKfT_ZVkx8OWWEXUnv0kybqUPGd2viLCeD-zVIw91WZcyhBNQPJ7HCuHEHd1G3NwS3zIYWcLGqjwoogRYh7tEVJ-nhgdSl83PlI_6vcU0tdBkZMAnxthYdbB3VOGeTJyk4yYrarQ=w800-h500-k-no,"restaurant, 98273, WA, US",98273,outscraper_google_maps
BITE Teriyaki and Pho,,323 E College Way,Mount Vernon,98273,,United States of America,48.4361009,-122.3365403,,+1 360-336-0777,Vietnamese restaurant,restaurants,"Vietnamese restaurant, Bubble tea store",4.2,992.0,OPERATIONAL,"{""Friday"": [""11AM-9PM""], ""Monday"": [""11AM-9PM""], ""Saturday"": [""11AM-9PM""], ""Sunday"": [""11:30AM-8PM""], ""Thursday"": [""11AM-9PM""], ""Tuesday"": [""11AM-9PM""], ""Wednesday"": [""11AM-9PM""]}",0x54856c26cfa4bce7:0x1efcca9c17abbcc2,ChIJ57ykzyZshVQRwryrF5zK_B4,https://search.google.com/local/reviews?placeid=ChIJ57ykzyZshVQRwryrF5zK_B4&q=*&authuser=0&hl=en&gl=US,https://lh3.googleusercontent.com/gps-cs-s/APNQkAG91_d2tGhabMDRopg0vU2lhTx9CGv9HlQSMlWPlBf61NbfvKuVkO8Df9VExEV3dj4_bO7eStMUsmvYRoBki_IG2WRcTWOVORrHWh9MfzhftgJH7Q5--5nZ99yN3tjgPBfpuoOz=w800-h500-k-no,"restaurant, 98273, WA, US",98273,outscraper_google_maps
Beacons Espresso and Roastery,,13725 Laconner Whitney Rd,Mount Vernon,98273,,United States of America,48.4469044,-122.4710054,,,Cafe,Coffee stand,"Cafe, Coffee stand, Coffee roastery",4.3,88.0,OPERATIONAL,"{""Friday"": [""7AM-3PM""], ""Monday"": [""7AM-3PM""], ""Saturday"": [""8AM-4PM""], ""Sunday"": [""8AM-4PM""], ""Thursday"": [""7AM-3PM""], ""Tuesday"": [""7AM-3PM""], ""Wednesday"": [""7AM-3PM""]}",0x54856fdd96c55721:0x3c5e69d46c3f2f22,ChIJIVfFlt1vhVQRIi8_bNRpXjw,https://search.google.com/local/reviews?placeid=ChIJIVfFlt1vhVQRIi8_bNRpXjw&q=*&authuser=0&hl=en&gl=US,https://lh3.googleusercontent.com/gps-cs-s/APNQkAGMBY31NdaiBIPRcOP-KY4TuXL8fY1bRS8HtN6v9RcwInEVbQH_RUb8i--Kw-6gjf3cgQxJCqKv4hxPA6FPUiSr22bD0WRSUVc0ahfgeKO36rnnMeQmmvef4-1c5lVmMLKPRpbSsEVqHoLq=w800-h500-k-no,"cafe, 98273, WA, US",98273,outscraper_google_maps
Big Rock Grocery,,14779 WA-9,Mount Vernon,98273,,United States of America,48.4303879,-122.2640888,,+1 360-428-8070,Restaurant,restaurants,Restaurant,4.0,430.0,OPERATIONAL,"{""Friday"": [""6AM-11PM""], ""Monday"": [""6AM-10PM""], ""Saturday"": [""7AM-11PM""], ""Sunday"": [""7AM-10PM""], ""Thursday"": [""6AM-10PM""], ""Tuesday"": [""6AM-10PM""], ""Wednesday"": [""6AM-10PM""]}",0x54856b809d3bba37:0xc9f93603c3466534,ChIJN7o7nYBrhVQRNGVGwwM2-ck,https://search.google.com/local/reviews?placeid=ChIJN7o7nYBrhVQRNGVGwwM2-ck&q=*&authuser=0&hl=en&gl=US,https://lh3.googleusercontent.com/gps-cs-s/APNQkAHoTYrqLiXVQrLMfdrktRJD3fdon8KRqvhohKLDM7AnlQt09IprCtACB8wY0m746oVMvMX21kcQHIDNH1ARnY0ONtsPpPxkAMZjmW9H7eUiQXHfVOi1AQSlpNvKS_FKypCOxtkq=w800-h500-k-no,"cafe, 98273, WA, US",98273,outscraper_google_maps
Big Scoop,,327 E College Way,Mount Vernon,98273,,United States of America,48.4361278,-122.336245,,+1 360-424-3558,American restaurant,restaurants,American restaurant,4.4,194.0,OPERATIONAL,"{""Friday"": [""11AM-10PM""], ""Monday"": [""11AM-9PM""], ""Saturday"": [""11AM-10PM""], ""Sunday"": [""11AM-9PM""], ""Thursday"": [""11AM-9PM""], ""Tuesday"": [""11AM-9PM""], ""Wednesday"": [""11AM-9PM""]}",0x54856d003212e2cd:0xe8de54644e9f0415,ChIJzeISMgBthVQRFQSfTmRU3ug,https://search.google.com/local/reviews?placeid=ChIJzeISMgBthVQRFQSfTmRU3ug&q=*&authuser=0&hl=en&gl=US,https://lh3.googleusercontent.com/gps-cs-s/APNQkAHB3FJZ_KjMGYBILtTxkdl97AkivubYm4IImFgsuB0Dhqlo8qwpGV0vb9x3xfw1pTdxNPxwxnyeYjweHWhKagYKJWykrUiE4jb-0y16vR66zy52Ma3-A--312oWIoUyuIzCfAL4Xg=w800-h500-k-no,"restaurant, 98273, WA, US",98273,outscraper_google_maps
BigFoot Java,,1633 Riverside Dr,Mount Vernon,98273,,United States of America,48.4356359,-122.3357016,,+1 360-428-3081,Coffee stand,Coffee stand,"Coffee stand, Coffee shop, Espresso bar",4.3,496.0,OPERATIONAL,"{""Friday"": [""Open 24 hours""], ""Monday"": [""Open 24 hours""], ""Saturday"": [""Open 24 hours""], ""Sunday"": [""Open 24 hours""], ""Thursday"": [""Open 24 hours""], ""Tuesday"": [""Open 24 hours""], ""Wednesday"": [""Open 24 hours""]}",0x54856c213225c80f:0x7ea99c3cf88f6022,ChIJD8glMiFshVQRImCP-DycqX4,https://search.google.com/local/reviews?placeid=ChIJD8glMiFshVQRImCP-DycqX4&q=*&authuser=0&hl=en&gl=US,https://lh3.googleusercontent.com/gps-cs-s/APNQkAF7nTqmJiuF0D8lpUs9JfYrTfx_1qqy1CwKpVozPmOqsSf0t6gz91xtniMDqHKpGPb4bMSVQeCclbtSUuXON6luYm4UFb0irfCrg-iFzvFVLs-h-3V-JVK5yJPqR9zHEi-Hrv4m=w800-h500-k-no,"cafe, 98273, WA, US",98273,outscraper_google_maps
Blue Taco,,301 Pine St,Mount Vernon,98273,,United States of America,48.4181017,-122.3377941,,+1 360-395-5563,Mexican restaurant,restaurants,Mexican restaurant,3.8,200.0,OPERATIONAL,"{""Friday"": [""11AM-8PM""], ""Monday"": [""11AM-8PM""], ""Saturday"": [""11AM-8PM""], ""Sunday"": [""Closed""], ""Thursday"": [""11AM-8PM""], ""Tuesday"": [""11AM-8PM""], ""Wednesday"": [""11AM-8PM""]}",0x54856de9f2c81195:0x952d2cd70207217b,ChIJlRHI8ulthVQReyEHAtcsLZU,https://search.google.com/local/reviews?placeid=ChIJlRHI8ulthVQReyEHAtcsLZU&q=*&authuser=0&hl=en&gl=US,https://lh3.googleusercontent.com/gps-cs-s/APNQkAFxCTK84uVFBWaVNRDATB53BFwJ_ygys9Tj_su4_MZdqptvNpfJ47-hJvvK4LERlXjUCa2P4sZs6LlEGeVNh2rqljPPzfUzOecFi1gyZgR0JaoKgNXLgP8AO5TdQz-17odl09UB=w800-h500-k-no,"restaurant, 98273, WA, US",98273,outscraper_google_maps
Burger King,,1812 Freeway Dr,Mount Vernon,98273,,United States of America,48.4373209,-122.3426038,,+1 360-424-3022,Fast food restaurant,restaurants,"Fast food restaurant, Breakfast restaurant, Delivery service, Family restaurant",3.0,1098.0,OPERATIONAL,"{""Friday"": [""6AM-12AM""], ""Monday"": [""6AM-12AM""], ""Saturday"": [""6AM-12AM""], ""Sunday"": [""6AM-12AM""], ""Thursday"": [""6AM-12AM""], ""Tuesday"": [""6AM-12AM""], ""Wednesday"": [""6AM-12AM""]}",0x54856c279a8aec71:0x98c670d560e8501,ChIJceyKmidshVQRAYUOVg1njAk,https://search.google.com/local/reviews?placeid=ChIJceyKmidshVQRAYUOVg1njAk&q=*&authuser=0&hl=en&gl=US,https://lh3.googleusercontent.com/gps-cs-s/APNQkAGQBAeDS6sK0xF6UX9v3Wtsxy2lKlE04yT2a0cfLP3P3myT9SVwEcr2C3QFrFdrK9OndC_3FgmhCN4mlb_0-6TmE00F4kp65zrma7R1gHvNbngpYrqy8CCUf6lqEVGPNrDYrB38ng=w800-h500-k-no,"restaurant, 98273, WA, US",98273,outscraper_google_maps
Burgermaster,,2030 Freeway Dr,Mount Vernon,98273,,United States of America,48.4397471,-122.342308,,+1 360-899-4075,Restaurant,restaurants,"Restaurant, Hamburger restaurant",4.5,3019.0,OPERATIONAL,"{""Friday"": [""10:30AM-11PM""], ""Monday"": [""10:30AM-10PM""], ""Saturday"": [""10:30AM-11PM""], ""Sunday"": [""10:30AM-10PM""], ""Thursday"": [""10:30AM-10PM""], ""Tuesday"": [""10:30AM-10PM""], ""Wednesday"": [""10:30AM-10PM""]}",0x54856c28872c7985:0x886761e77c67978f,ChIJhXkshyhshVQRj5dnfOdhZ4g,https://search.google.com/local/reviews?placeid=ChIJhXkshyhshVQRj5dnfOdhZ4g&q=*&authuser=0&hl=en&gl=US,https://lh3.googleusercontent.com/gps-cs-s/APNQkAGs1AU7mt4PKf3IdhFfE1Fs962pHy7FPsWseCg9t1S57OxrF-CbKC1tylSUh3iDSm0OOIX5mYFi_Q9FPmQekNEU2mP48VCjm41h1ZZ-rsuUz52CCqN1SIDH2dYKQDx49ekCNQd4=w800-h500-k-no,"restaurant, 98273, WA, US",98273,outscraper_google_maps
CHAPALA Mexican Food & Taqueria,,1620 N Waugh Rd,Mount Vernon,98273,,United States of America,48.43528,-122.2909669,,+1 360-424-7416,Mexican restaurant,restaurants,Mexican restaurant,4.5,197.0,OPERATIONAL,"{""Friday"": [""10AM-8PM""], ""Monday"": [""10AM-8PM""], ""Saturday"": [""10AM-8PM""], ""Sunday"": [""10AM-6PM""], ""Thursday"": [""10AM-8PM""], ""Tuesday"": [""10AM-8PM""], ""Wednesday"": [""10AM-8PM""]}",0x54856c6e685ece37:0xcfb9f7f97676072a,ChIJN85eaG5shVQRKgd2dvn3uc8,https://search.google.com/local/reviews?placeid=ChIJN85eaG5shVQRKgd2dvn3uc8&q=*&authuser=0&hl=en&gl=US,https://lh3.googleusercontent.com/gps-cs-s/APNQkAG02AXtJJkhMqwhhpXIeFpo7lmTWQMhHIn-E5w-LKQEQkb3aWeyBdEB9YDy4svETaRWg0SzimzR4nFfT5zUHjfhhm8OZHj54rc9Ni5Wvf4Qny4xrinFkyLmxsXLs4teb5PfPEuS=w800-h500-k-no,"restaurant, 98273, WA, US",98273,outscraper_google_maps
CHAPALA Mexican Restaurant,,14779 WA-9,Mount Vernon,98273,,United States of America,48.430247,-122.2639811,,+1 360-428-8070,Mexican restaurant,restaurants,Mexican restaurant,4.6,44.0,OPERATIONAL,"{""Friday"": [""11AM-10PM""], ""Monday"": [""11AM-9PM""], ""Saturday"": [""11AM-9PM""], ""Sunday"": [""11AM-8PM""], ""Thursday"": [""11AM-9PM""], ""Tuesday"": [""11AM-9PM""], ""Wednesday"": [""11AM-9PM""]}",0x54856bbbb5676433:0x6dd2a57c34044536,ChIJM2RntbtrhVQRNkUENHyl0m0,https://search.google.com/local/reviews?placeid=ChIJM2RntbtrhVQRNkUENHyl0m0&q=*&authuser=0&hl=en&gl=US,https://lh3.googleusercontent.com/gps-cs-s/APNQkAFQdR7ImlBDTIuUsslJPPmBo112o2_8BxcXGHCNKAcXyPzlrnQ2D1C8YC5OOB52S-YqPCxDGyUnSrD7gi0mdPykKGxQeCEX4b7jTsLqJYsI1iXICigW3RccHStnIOx-0X5r3TNzOg=w800-h500-k-no,"mexican restaurant, 98273, WA, US",98273,outscraper_google_maps
CHICBREW BOBA TEA & COFFEE,,323 E College Way C,Mount Vernon,98273,,United States of America,48.4363036,-122.3365497,,+1 360-399-7959,Bubble tea store,Bubble tea store,Bubble tea store,4.5,107.0,OPERATIONAL,"{""Friday"": [""11:30AM-8:30PM""], ""Monday"": [""11:30AM-8PM""], ""Saturday"": [""11:30AM-8:30PM""], ""Sunday"": [""11:30AM-8:30PM""], ""Thursday"": [""11:30AM-8PM""], ""Tuesday"": [""11:30AM-8PM""], ""Wednesday"": [""11:30AM-8PM""]}",0x54856d004c0ff27f:0xdfdd22af3761805,ChIJf_IPTABthVQRBRh28yrS_Q0,https://search.google.com/local/reviews?placeid=ChIJf_IPTABthVQRBRh28yrS_Q0&q=*&authuser=0&hl=en&gl=US,https://lh3.googleusercontent.com/gps-cs-s/APNQkAH8dHIy8GbgqKae1SZPemQyheeP-3Dgidl7BuNJdJdcQQ57GUO1h3aPbdtU6dTe2YrM6g7HNeyHM4_6vHm4AJZG5CHKkWfIgvt8ITlFAyf_sg_7AGIKm_dZo_UcuK4H3_gfcGVg=w800-h500-k-no,"coffee shop, 98273, WA, US",98273,outscraper_google_maps
COA mexican eatery,,1810 Riverside Dr,Mount Vernon,98273,,United States of America,48.4371499,-122.3347445,,+1 360-840-1938,Mexican restaurant,restaurants,Mexican restaurant,4.6,2194.0,OPERATIONAL,"{""Friday"": [""11AM-10PM""], ""Monday"": [""11AM-9PM""], ""Saturday"": [""11AM-10PM""], ""Sunday"": [""11AM-8PM""], ""Thursday"": [""11AM-9PM""], ""Tuesday"": [""11AM-9PM""], ""Wednesday"": [""11AM-9PM""]}",0x54856ea887b9297b:0xd555fc8701da1c89,ChIJeym5h6huhVQRiRzaAYf8VdU,https://search.google.com/local/reviews?placeid=ChIJeym5h6huhVQRiRzaAYf8VdU&q=*&authuser=0&hl=en&gl=US,https://lh3.googleusercontent.com/gps-cs-s/APNQkAGfYIwVvaXMY4yoAjE3XowLXQ_v7QzgPSnsK44XtLyeek5GCr6dBYfQ6U5MOgL3l3n6FBme1z2ErcRrGPv5TQTxS2veXInDteNWtdgzx3OCot-sSKI2hVmydIDEwUYfVMJoXvJ1=w800-h500-k-no,"restaurant, 98273, WA, US",98273,outscraper_google_maps
"Cady's Cocina Mini Mart, LLC",,16016 McLean Rd,Mount Vernon,98273,,United States of America,48.420763,-122.400488,,+1 360-630-5544,Mexican restaurant,restaurants,"Mexican restaurant, Restaurant",4.8,457.0,OPERATIONAL,"{""Friday"": [""7AM-8PM""], ""Monday"": [""7AM-8PM""], ""Saturday"": [""7AM-8PM""], ""Sunday"": [""8AM-6PM""], ""Thursday"": [""7AM-8PM""], ""Tuesday"": [""7AM-8PM""], ""Wednesday"": [""7AM-8PM""]}",0x54856ee2aa181e7f:0x969273f7b16bf5f,ChIJfx4YquJuhVQRX78Wez8naQk,https://search.google.com/local/reviews?placeid=ChIJfx4YquJuhVQRX78Wez8naQk&q=*&authuser=0&hl=en&gl=US,https://lh3.googleusercontent.com/gps-cs-s/APNQkAH7bguxUQ2gVarGuq3ecb9bGvkaP-u5coMZLby_9p9iqPnEJTnsXSza1lFbehx1fl9M1WeuPXAwhi0JU7w0Mr-z9IY3LPieT0k6hFHuAKPqXvWj0NVRHTgTpHvhbUVecs_FC1uPIw=w800-h500-k-no,"restaurant, 98273, WA, US",98273,outscraper_google_maps
Carniceria Los Compadres/ Los Amigos,,1627 Freeway Dr,Mount Vernon,98273,,United States of America,48.4355738,-122.343683,,+1 360-336-5020,Grocery store,Grocery store,"Grocery store, Mexican grocery store, Taco restaurant",4.7,601.0,OPERATIONAL,"{""Friday"": [""8AM-8PM""], ""Monday"": [""Closed""], ""Saturday"": [""7AM-8PM""], ""Sunday"": [""7AM-5:30PM""], ""Thursday"": [""8AM-8PM""], ""Tuesday"": [""8AM-8PM""], ""Wednesday"": [""8AM-8PM""]}",0x54856e9d99f38c73:0x89a753871178bb30,ChIJc4zzmZ1uhVQRMLt4EYdTp4k,https://search.google.com/local/reviews?placeid=ChIJc4zzmZ1uhVQRMLt4EYdTp4k&q=*&authuser=0&hl=en&gl=US,https://lh3.googleusercontent.com/gps-cs-s/APNQkAHKm_DT1f7Pphz-BSW8LJ14QBVrY-LKf6Hztx1Qr1Uj-axg42xcRFiMOzArBxyjO3unw6BJ3BI0wTn9uxkE-SgLXG1_A1AO0i6YKj0JSfb2BuZz-GdM9QPldr3Qu8SqaJyUbqLe=w800-h500-k-no,"restaurant, 98273, WA, US",98273,outscraper_google_maps
Cask & Cleaver Steakhouse,,416 Myrtle St,Mount Vernon,98273,,United States of America,48.418807,-122.3390236,,+1 360-419-0674,Restaurant,restaurants,Restaurant,4.5,162.0,OPERATIONAL,"{""Friday"": [""3-9PM""], ""Monday"": [""3-8PM""], ""Saturday"": [""3-9PM""], ""Sunday"": [""3-8PM""], ""Thursday"": [""3-8PM""], ""Tuesday"": [""3-8PM""], ""Wednesday"": [""3-8PM""]}",0x54856f5f91976203:0x3b68231ce4e01b45,ChIJA2KXkV9vhVQRRRvg5BwjaDs,https://search.google.com/local/reviews?placeid=ChIJA2KXkV9vhVQRRRvg5BwjaDs&q=*&authuser=0&hl=en&gl=US,https://lh3.googleusercontent.com/gps-cs-s/APNQkAFRSuo7P_2Sb9b7DyLDz2fe7iMRWzUHp0PVZceJregHHxwNHS_nFwkuLcPDQYOv8MHGydriWm_dVB3U-yXbq4ejQP70x0n_FsYGbaPiYfccJ-zA4EQylkaHpASEOp371ct6BBYdissRKC0=w800-h500-k-no,"restaurant, 98273, WA, US",98273,outscraper_google_maps
Chuck Wagon Drive-In,,800 N 4th St,Mount Vernon,98273,,United States of America,48.4278833,-122.3350847,,,Restaurant,restaurants,Restaurant,4.0,685.0,OPERATIONAL,"{""Friday"": [""11AM-7PM""], ""Monday"": [""11AM-7PM""], ""Saturday"": [""11AM-7PM""], ""Sunday"": [""Closed""], ""Thursday"": [""11AM-7PM""], ""Tuesday"": [""11AM-7PM""], ""Wednesday"": [""11AM-7PM""]}",0x54856ea05f29f443:0xbfa9400ad7b6761d,ChIJQ_QpX6BuhVQRHXa21wpAqb8,https://search.google.com/local/reviews?placeid=ChIJQ_QpX6BuhVQRHXa21wpAqb8&q=*&authuser=0&hl=en&gl=US,https://lh3.googleusercontent.com/gps-cs-s/APNQkAGlTkW3DAUJ9gLRmlqUoy8_1D4WfXzpJfJgVCYd1nS6TnPHKqCEOQ1kqU-yXMg8BUOI710dxqamIzuw4pZDafWNMZGxbVSJ9G2T0ERBn6vFPhLYwr9gEjT_wSiBpuYn4IbRCOB7=w800-h500-k-no,"restaurant, 98273, WA, US",98273,outscraper_google_maps
Chuck wagon burger,,800 N 4th St,Mount Vernon,98273,,United States of America,48.4278782,-122.335067,,,American restaurant,restaurants,American restaurant,5.0,1.0,OPERATIONAL,"{""Friday"": [""11AM-7PM""], ""Monday"": [""Closed""], ""Saturday"": [""11AM-7PM""], ""Sunday"": [""Closed""], ""Thursday"": [""11AM-7PM""], ""Tuesday"": [""11AM-7PM""], ""Wednesday"": [""11AM-7PM""]}",0x54856f005c7dc923:0xb374eacbd2ae9c4c,ChIJI8l9XABvhVQRTJyu0svqdLM,https://search.google.com/local/reviews?placeid=ChIJI8l9XABvhVQRTJyu0svqdLM&q=*&authuser=0&hl=en&gl=US,https://lh3.googleusercontent.com/gps-cs-s/APNQkAEtAGa9I6x1bHhcmIx6xjLDJ4dHmSdO1pTrUcLZ8Byo59LAvEl5blUss5KRWKPhzbw2DDQ1snf4Rx-1qUy5uwPrifQ1_UL0X2kJgXG_8QSRvCWJ0yHmZM3fU7cJHTa8uyqBGqDHILGd6K4=w800-h500-k-no,"restaurant, 98273, WA, US",98273,outscraper_google_maps
Cocina Sabores and Catering,,810 W Division St,Mount Vernon,98273,,United States of America,48.4214553,-122.3454667,,+1 360-899-5631,Mexican restaurant,restaurants,Mexican restaurant,4.7,317.0,OPERATIONAL,"{""Friday"": [""6AM-7PM""], ""Monday"": [""Closed""], ""Saturday"": [""7AM-7PM""], ""Sunday"": [""7AM-4PM""], ""Thursday"": [""6AM-4PM""], ""Tuesday"": [""6AM-4PM""], ""Wednesday"": [""6AM-4PM""]}",0x54856fbd504b0851:0xeff9b1410ff5189,ChIJUQhLUL1vhVQRiVH_EBSb_w4,https://search.google.com/local/reviews?placeid=ChIJUQhLUL1vhVQRiVH_EBSb_w4&q=*&authuser=0&hl=en&gl=US,https://lh3.googleusercontent.com/gps-cs-s/APNQkAENEdS7GUc7GyQ8fnafISFfXpoipsEcqMkDtxvmqWwwcOd6nsi4D6e2RfRZZBWiuTURtjYXVU2rKyU_iOBBeuuh8lkQLGhvAOk07PZBpxvUYPxcQTdcA6ps9cwFw4L12dDg_2M=w800-h500-k-no,"restaurant, 98273, WA, US",98273,outscraper_google_maps
Cruisin Coffee LaVenture,,1715 N Laventure Rd,Mount Vernon,98273,,United States of America,48.4363752,-122.3136605,,+1 360-424-7378,Coffee shop,coffee shops,"Coffee shop, Cafe",4.1,373.0,OPERATIONAL,"{""Friday"": [""5AM-9PM""], ""Monday"": [""5AM-9PM""], ""Saturday"": [""5AM-9PM""], ""Sunday"": [""5AM-9PM""], ""Thursday"": [""5AM-9PM""], ""Tuesday"": [""5AM-9PM""], ""Wednesday"": [""5AM-9PM""]}",0x54856c15e2e3078d:0x131d0831b49e102c,ChIJjQfj4hVshVQRLBCetDEIHRM,https://search.google.com/local/reviews?placeid=ChIJjQfj4hVshVQRLBCetDEIHRM&q=*&authuser=0&hl=en&gl=US,https://lh3.googleusercontent.com/gps-cs-s/APNQkAFmx5NWK7p7NQ4K03GutZAmNHULoDi_0ACbYSza6WY_fspriEYagWaI1OM0gYbhzknH3vkOHaPWH3s_YDwjpQAXz5VXXZBmODOBUh_iCcuJvfomRasSJzETsE_z7Srrutal4Ce_cg=w800-h500-k-no,"cafe, 98273, WA, US",98273,outscraper_google_maps
Cruser Coffee,,1304 Memorial Hwy,Mount Vernon,98273,,United States of America,48.4223878,-122.3524871,,+1 360-708-8849,Coffee shop,coffee shops,Coffee shop,4.8,53.0,OPERATIONAL,"{""Friday"": [""5AM-6PM""], ""Monday"": [""5AM-6PM""], ""Saturday"": [""6AM-6PM""], ""Sunday"": [""7AM-4PM""], ""Thursday"": [""5AM-6PM""], ""Tuesday"": [""5AM-6PM""], ""Wednesday"": [""5AM-6PM""]}",0x54856f080eeedab3:0x2c75c040507b1bdc,ChIJs9ruDghvhVQR3Bt7UEDAdSw,https://search.google.com/local/reviews?placeid=ChIJs9ruDghvhVQR3Bt7UEDAdSw&q=*&authuser=0&hl=en&gl=US,https://lh3.googleusercontent.com/gps-cs-s/APNQkAE0r8ZYWQS19Hd9N-z9gH5zpOfYGy4srdi_IJMpW1RLll_xaOyxjyY2QOsqnWO2KivqlXIE6CF5_RLgrWY2pIto_QxopVIVGLXxHfJ-TWKtPQWRXGSuvHGf8K78y4LLrbxgF5Y=w800-h500-k-no,"restaurant, 98273, WA, US",98273,outscraper_google_maps
Dari Delite,,1632 S 2nd St,Mount Vernon,98273,,United States of America,48.4096815,-122.3376853,,+1 360-336-2582,Hamburger restaurant,Hamburger restaurant,"Hamburger restaurant, Fast food restaurant, Fish and chips takeaway, Ice cream shop",4.6,875.0,OPERATIONAL,"{""Friday"": [""10:30AM-6PM""], ""Monday"": [""10:30AM-6PM""], ""Saturday"": [""11AM-6PM""], ""Sunday"": [""Closed""], ""Thursday"": [""10:30AM-6PM""], ""Tuesday"": [""10:30AM-6PM""], ""Wednesday"": [""10:30AM-6PM""]}",0x54856eb37c18b363:0x53c4774bb4ebb5a8,ChIJY7MYfLNuhVQRqLXrtEt3xFM,https://search.google.com/local/reviews?placeid=ChIJY7MYfLNuhVQRqLXrtEt3xFM&q=*&authuser=0&hl=en&gl=US,https://lh3.googleusercontent.com/gps-cs-s/APNQkAF5meopJtcDAxwT8LpK0r9Fbr64CwcpmXuREEjFl8jgRr7JGeawknoEU5pvqF7z4qcwCpoj0XeG1MjrPMNSxXIK4plGPWWbpQVuxfNcLofiWm4y5MjwBdXc04hpQC7drqclwp1w=w800-h500-k-no,"restaurant, 98273, WA, US",98273,outscraper_google_maps
Darren's Donut,,1800 Riverside Dr,Mount Vernon,98273,,United States of America,48.4367369,-122.3348846,,+1 360-424-4085,Donut shop,Donut shop,"Donut shop, Dessert shop",4.5,358.0,OPERATIONAL,"{""Friday"": [""5AM-6PM""], ""Monday"": [""5AM-6PM""], ""Saturday"": [""6AM-6PM""], ""Sunday"": [""6AM-3PM""], ""Thursday"": [""5AM-6PM""], ""Tuesday"": [""5AM-6PM""], ""Wednesday"": [""5AM-6PM""]}",0x54856c26a47e1a13:0x743b0976e046e304,ChIJExp-pCZshVQRBONG4HYJO3Q,https://search.google.com/local/reviews?placeid=ChIJExp-pCZshVQRBONG4HYJO3Q&q=*&authuser=0&hl=en&gl=US,https://lh3.googleusercontent.com/gps-cs-s/APNQkAGjdmpAF52iJ_hK-1-qeuhON3kVF5JSmyl6lo99nn-xS_Ji-rhAPV8qarH9l9t0pQniqQDWdoaaEQCartZPytC6TVg_P6QdeOjMb2p5ji_LX56_rsSuIoyoyJpwIypCtNRwk8x0=w800-h500-k-no,"bakery, 98273, WA, US",98273,outscraper_google_maps
Denny's Restaurant,,100 E College Way,Mount Vernon,98273,,United States of America,48.4354187,-122.339323,,+1 360-424-7500,Restaurant,restaurants,"Restaurant, American restaurant, Breakfast restaurant, Diner",3.7,1860.0,OPERATIONAL,"{""Friday"": [""Open 24 hours""], ""Monday"": [""Open 24 hours""], ""Saturday"": [""Open 24 hours""], ""Sunday"": [""Open 24 hours""], ""Thursday"": [""Open 24 hours""], ""Tuesday"": [""Open 24 hours""], ""Wednesday"": [""Open 24 hours""]}",0x54856c272b82e9bb:0xdb5feb24a4ee38ce,ChIJu-mCKydshVQRzjjupCTrX9s,https://search.google.com/local/reviews?placeid=ChIJu-mCKydshVQRzjjupCTrX9s&q=*&authuser=0&hl=en&gl=US,https://lh3.googleusercontent.com/gps-cs-s/APNQkAEixM0O9Rw-bAA80h26Mf9S5Lg7m2StohEKmB5OZQJJqs5vZEs8s_6bf95sWoR36kwdvt12mkWGbGHi68SF2-c3JMfjsyAG9ehPXdcSYJIOm8mqZTncXZGcTaSPQZA27zkmDT8=w800-h500-k-no,"restaurant, 98273, WA, US",98273,outscraper_google_maps
"District Pizza, Wings, and Beer - Mount Vernon",,520 Main St,Mount Vernon,98273,,United States of America,48.419122,-122.3388093,,+1 360-873-6714,Brewery,Brewery,Brewery,4.4,330.0,OPERATIONAL,"{""Friday"": [""11AM-9PM""], ""Monday"": [""11AM-8PM""], ""Saturday"": [""11AM-9PM""], ""Sunday"": [""12-8PM""], ""Thursday"": [""11AM-8PM""], ""Tuesday"": [""11AM-8PM""], ""Wednesday"": [""11AM-8PM""]}",0x54856fe0553e21d5:0x35f09d7748c0e944,ChIJ1SE-VeBvhVQRROnASHed8DU,https://search.google.com/local/reviews?placeid=ChIJ1SE-VeBvhVQRROnASHed8DU&q=*&authuser=0&hl=en&gl=US,https://lh3.googleusercontent.com/gps-cs-s/APNQkAFQHpxPwvtnxXPQS2lek5szScOD1Cuf6Lwj66nurfgXSJZSo6K8AXnVReTkjQrXZKmGwiYDdUcPUyGrE7CyjNh08KII-X5g-Yyb2UQSP9S77JObWWLqzNP2ssQWEUJsTHqVkEY=w800-h500-k-no,"restaurant, 98273, WA, US",98273,outscraper_google_maps
Domino's Pizza,,1600 E College Way,Mount Vernon,98273,,United States of America,48.4353706,-122.3207715,,+1 360-428-6800,Pizza restaurant,Pizza delivery,"Pizza restaurant, Chicken wings restaurant, Pizza delivery, Pizza Takeout",3.9,501.0,OPERATIONAL,"{""Friday"": [""10:30AM-1AM""], ""Monday"": [""10:30AM-12AM""], ""Saturday"": [""10:30AM-1AM""], ""Sunday"": [""10:30AM-12AM""], ""Thursday"": [""10:30AM-12AM""], ""Tuesday"": [""10:30AM-12AM""], ""Wednesday"": [""10:30AM-12AM""]}",0x54856c3d50848bad:0xe5135c889db8662d,ChIJrYuEUD1shVQRLWa4nYhcE-U,https://search.google.com/local/reviews?placeid=ChIJrYuEUD1shVQRLWa4nYhcE-U&q=*&authuser=0&hl=en&gl=US,https://lh3.googleusercontent.com/gps-cs-s/APNQkAGiZe0h5ngR8EGXrt57boZKQCDWZaiSYlvSRhNEZ-7H-Lykhf3KwJvq9yuwKsgZ0CHmn1FYuQvKBs6Qq45e5dM7ryjwZq7JJeKSgK9dC5fVPXqSt3vGxvWS_cYHEBN42al1GZaq=w800-h500-k-no,"pizza restaurant, 98273, WA, US",98273,outscraper_google_maps
Draft Pic's Pub-Grub & Pizza,,516 S 1st St,Mount Vernon,98273,,United States of America,48.4188884,-122.3378726,,+1 360-336-3626,Pub,bars,"Pub, Cocktail bar, Dart bar, Hamburger restaurant, Pizza restaurant, Pool hall",4.0,471.0,OPERATIONAL,"{""Friday"": [""3PM-1:30AM""], ""Monday"": [""3PM-1:30AM""], ""Saturday"": [""12PM-2AM""], ""Sunday"": [""12PM-2AM""], ""Thursday"": [""3PM-1:30AM""], ""Tuesday"": [""3PM-1:30AM""], ""Wednesday"": [""3PM-1:30AM""]}",0x54856ea55d014abf:0x2dc8fd195739b7de,ChIJv0oBXaVuhVQR3rc5Vxn9yC0,https://search.google.com/local/reviews?placeid=ChIJv0oBXaVuhVQR3rc5Vxn9yC0&q=*&authuser=0&hl=en&gl=US,https://lh3.googleusercontent.com/gps-cs-s/APNQkAF0tSPxRWl5HeSOM_Un58h1eFyAgGmbQrDYF1Ion3k_UEyshf0zZgcb5sM6rip3wKsTYdhB3nVPrEDmew6iNfG1i4aQBE_iNAfpbBjzwn10vkDOJ4amPlKVW2Om2UEzUAupFPHK=w800-h500-k-no,"restaurant, 98273, WA, US",98273,outscraper_google_maps
Dragon Inn Restaurant,,225 Riverside Ln,Mount Vernon,98273,,United States of America,48.4393851,-122.3369352,,+1 360-424-3722,Chinese restaurant,restaurants,"Chinese restaurant, Restaurant",4.2,437.0,OPERATIONAL,"{""Friday"": [""11AM-10PM""], ""Monday"": [""Closed""], ""Saturday"": [""11AM-10PM""], ""Sunday"": [""11AM-9PM""], ""Thursday"": [""11AM-9PM""], ""Tuesday"": [""11AM-9PM""], ""Wednesday"": [""11AM-9PM""]}",0x54856c266fda0a01:0x525c875e2e2d7aa3,ChIJAQrabyZshVQRo3otLl6HXFI,https://search.google.com/local/reviews?placeid=ChIJAQrabyZshVQRo3otLl6HXFI&q=*&authuser=0&hl=en&gl=US,https://lh3.googleusercontent.com/gps-cs-s/APNQkAEls-XZAhE2g4LJQ03QfuB_KFsr8UI-eoTjqEZTwEkKKrlY_kJ2Q0GDfCnMGmBZfOLbTR6wIMBpOZjX0KT6C8piaQYzDu-VC62NVl8v2m73U5Ve_gIFgCRTDALlugsnTfe-yFYz=w800-h500-k-no,"restaurant, 98273, WA, US",98273,outscraper_google_maps
Dry Inside,,300 S 1st St Suite A,Mount Vernon,98273,,United States of America,48.4206291,-122.3370154,,+1 206-499-4065,Lounge bar,bars,"Lounge bar, Bar",5.0,30.0,OPERATIONAL,"{""Friday"": [""12-10PM""], ""Monday"": [""Closed""], ""Saturday"": [""12-10PM""], ""Sunday"": [""12-6PM""], ""Thursday"": [""12-8PM""], ""Tuesday"": [""12-8PM""], ""Wednesday"": [""12-8PM""]}",0x54856ffdc773972f:0x590acb53f828f57f,ChIJL5dzx_1vhVQRf_Uo-FPLClk,https://search.google.com/local/reviews?placeid=ChIJL5dzx_1vhVQRf_Uo-FPLClk&q=*&authuser=0&hl=en&gl=US,https://lh3.googleusercontent.com/gps-cs-s/APNQkAHnGdyjopUiLBzChsj_dVAaVwMr8ey8XrfsjifGr2mD4t5-dptszpNOXMpOOnV-H3ZE1wRGAy19tMlenfoBLoRn5whA7Zbm6CQbNhN8zMn4j_sYJdhka3x-N5COcLqXFyLj0ncGsy--0kvv=w800-h500-k-no,"bar, 98273, WA, US",98273,outscraper_google_maps
Eagleway Market,,1600 E College Way,Mount Vernon,98273,,United States of America,48.4354212,-122.3211589,,,Convenience store,Convenience store,Convenience store,5.0,28.0,OPERATIONAL,"{""Friday"": [""8AM-10:30PM""], ""Monday"": [""8AM-10:30PM""], ""Saturday"": [""8AM-10:30PM""], ""Sunday"": [""8AM-10PM""], ""Thursday"": [""8AM-10:30PM""], ""Tuesday"": [""8AM-10:30PM""], ""Wednesday"": [""8AM-10:30PM""]}",0x54856dc7189f27b3:0x59bfd6ebbb92f107,ChIJsyefGMdthVQRB_GSu-vWv1k,https://search.google.com/local/reviews?placeid=ChIJsyefGMdthVQRB_GSu-vWv1k&q=*&authuser=0&hl=en&gl=US,https://lh3.googleusercontent.com/gps-cs-s/APNQkAFpHzwE3ZC7JSffxi9qFoc_fufBoj6y9iv3y70dVusFMeuW_bsXoz43b9e9vouZipxcrbaN7eJOY80Y7N79rM-h-jTEVz1ktfPgG35QANn1i7L4_uJc2ZmiM-6ZGhYWZEDf_dBz=w800-h500-k-no,"deli, 98273, WA, US",98273,outscraper_google_maps
El Mercadito Del Mundo-Mexican Taqueria,,1023 S 2nd St,Mount Vernon,98273,,United States of America,48.4149806,-122.3380206,,+1 360-336-5755,Mexican restaurant,restaurants,Mexican restaurant,4.4,178.0,OPERATIONAL,"{""Friday"": [""8AM-7PM""], ""Monday"": [""Closed""], ""Saturday"": [""8AM-7PM""], ""Sunday"": [""8AM-7PM""], ""Thursday"": [""8AM-7PM""], ""Tuesday"": [""8AM-7PM""], ""Wednesday"": [""8AM-7PM""]}",0x54856eb1b8276541:0x52bf652ac5a9018a,ChIJQWUnuLFuhVQRigGpxSplv1I,https://search.google.com/local/reviews?placeid=ChIJQWUnuLFuhVQRigGpxSplv1I&q=*&authuser=0&hl=en&gl=US,https://lh3.googleusercontent.com/gps-cs-s/APNQkAGHNey7qnHmDV2IZJ6Rf9JzzsNuHkgJZS29eBdRepo0ZRMsEbphZLvYgQ-9NV2huOVgfLY_o3ym5JUctfS3I2BUjPehW6A1DR7ObajFuVieUuvMcxZBcaEoGNb8oezstUlSVK8y0g=w800-h500-k-no,"restaurant, 98273, WA, US",98273,outscraper_google_maps
EnKanto Mexican Restaurant,,2121 E College Way,Mount Vernon,98273,,United States of America,48.4360494,-122.3144474,,+1 360-422-4131,Mexican restaurant,restaurants,Mexican restaurant,4.6,50.0,OPERATIONAL,"{""Friday"": [""11AM-10PM""], ""Monday"": [""11AM-8:30PM""], ""Saturday"": [""11AM-10PM""], ""Sunday"": [""11AM-8:30PM""], ""Thursday"": [""11AM-8:30PM""], ""Tuesday"": [""11AM-8:30PM""], ""Wednesday"": [""11AM-8:30PM""]}",0x54856d1d7e07b90f:0xe17042bf5ba2f400,ChIJD7kHfh1thVQRAPSiW79CcOE,https://search.google.com/local/reviews?placeid=ChIJD7kHfh1thVQRAPSiW79CcOE&q=*&authuser=0&hl=en&gl=US,https://lh3.googleusercontent.com/gps-cs-s/APNQkAH3agMMEMovM9eqUuGy6rfXSRF07SnontzyjZQitoWEocugnMpFWVA4m9U3kE1zI3SkCxRPMW1DRpqlRgzyKFTviyjzuikYR709TtckdgJlEJW1DPWuenYzDDRkOH-xJXzztQjIb7N3tA1i=w800-h500-k-no,"restaurant, 98273, WA, US",98273,outscraper_google_maps
Europe Foods Store,,1725 Continental Pl Suite A,Mount Vernon,98273,,United States of America,48.4365212,-122.3263411,,+1 360-848-9486,Grocery store,Grocery store,Grocery store,4.8,68.0,OPERATIONAL,"{""Friday"": [""9:30AM-6PM""], ""Monday"": [""9:30AM-6PM""], ""Saturday"": [""9:30AM-4PM""], ""Sunday"": [""Closed""], ""Thursday"": [""9:30AM-6PM""], ""Tuesday"": [""9:30AM-6PM""], ""Wednesday"": [""9:30AM-6PM""]}",0x54856c2318e00f19:0x1a0a8a6a1a1cbcff,ChIJGQ_gGCNshVQR_7wcGmqKCho,https://search.google.com/local/reviews?placeid=ChIJGQ_gGCNshVQR_7wcGmqKCho&q=*&authuser=0&hl=en&gl=US,https://lh3.googleusercontent.com/gps-cs-s/APNQkAGntU3e3qUb0bLpqHaHKxSJdU78nDwD0TOzX0DSNxbtuL5ZaGD59Mq0fwKCCATQ-dwyKjkLH-kbShBRmObICB6BjWZdDkcTBWr9csGFvQAcv2xCOiyBYtdwg8daY4mh2_QvvqR_u5Me_hM=w800-h500-k-no,"deli, 98273, WA, US",98273,outscraper_google_maps
Farmstrong Brewing + Taproom,,110 Stewart Rd,Mount Vernon,98273,,United States of America,48.4427788,-122.3423686,,+1 360-873-8852,Brewery,Brewery,"Brewery, Beer garden, Brewpub, Restaurant",4.7,401.0,OPERATIONAL,"{""Friday"": [""12-9PM""], ""Monday"": [""4-9PM""], ""Saturday"": [""12-9PM""], ""Sunday"": [""12-6PM""], ""Thursday"": [""12-9PM""], ""Tuesday"": [""12-9PM""], ""Wednesday"": [""12-9PM""]}",0x54856c2931f660fb:0x8718bbc9c3978045,ChIJ-2D2MSlshVQRRYCXw8m7GIc,https://search.google.com/local/reviews?placeid=ChIJ-2D2MSlshVQRRYCXw8m7GIc&q=*&authuser=0&hl=en&gl=US,https://lh3.googleusercontent.com/gps-cs-s/APNQkAFolTrP6fSQvrr9v6ZHr7b9J7AWTAGalIeXFzFehlxHelM6rbFUmoqlE8CJ4yu9Y9oGtS7E7xBCiwab5JK0HyeMJqNHDq2ZUAUN4WGXTDKRt23oZjyFV7KaLEzUCvNoZ2toU7E=w800-h500-k-no,"restaurant, 98273, WA, US",98273,outscraper_google_maps
Fat Buns Cafe,,521 S 2nd St Suite D,Mount Vernon,98273,,United States of America,48.4186979,-122.3373227,,+1 360-755-3105,Cafe,cafes,"Cafe, Asian restaurant, Bakery, Coffee shop, Korean restaurant, Pastry shop, Sandwich shop",4.8,151.0,OPERATIONAL,"{""Friday"": [""7AM-7PM""], ""Monday"": [""Closed""], ""Saturday"": [""7AM-7PM""], ""Sunday"": [""7AM-7PM""], ""Thursday"": [""7AM-7PM""], ""Tuesday"": [""7AM-7PM""], ""Wednesday"": [""7AM-7PM""]}",0x54856f91c514039f:0x788628f5a8b860e5,ChIJnwMUxZFvhVQR5WC4qPUohng,https://search.google.com/local/reviews?placeid=ChIJnwMUxZFvhVQR5WC4qPUohng&q=*&authuser=0&hl=en&gl=US,https://lh3.googleusercontent.com/gps-cs-s/APNQkAHEaiSWNPmhhyP3G1-nYpfGeVG-b2vG_B7jxyaAaDtHXUlJG2ER-QTfEHbuTWdD1vqYXwcAlMBmurDv4dnWWXHiBy7JplD9pQ9IL42tU88-4mrd07RyeH8eb8bJAKFrjVNv_tpFyZAwWOVN=w800-h500-k-no,"cafe, 98273, WA, US",98273,outscraper_google_maps
Field of Beans,,4224 Old Hwy 99 South Rd,Mount Vernon,98273,,United States of America,48.38572,-122.3355201,,+1 360-202-9269,Coffee shop,coffee shops,Coffee shop,4.6,98.0,OPERATIONAL,"{""Friday"": [""5:30AM-6PM""], ""Monday"": [""5:30AM-6PM""], ""Saturday"": [""7AM-5PM""], ""Sunday"": [""7AM-3PM""], ""Thursday"": [""5:30AM-6PM""], ""Tuesday"": [""5:30AM-6PM""], ""Wednesday"": [""5:30AM-6PM""]}",0x54856917fd1a57eb:0x3767dea0a5009f10,ChIJ61ca_RdphVQREJ8ApaDeZzc,https://search.google.com/local/reviews?placeid=ChIJ61ca_RdphVQREJ8ApaDeZzc&q=*&authuser=0&hl=en&gl=US,https://lh3.googleusercontent.com/gps-cs-s/APNQkAFxGFYEIjm5tV3k7bUFRKVMXn3Z_e8Cx2wQwJcJ9_iLfDvuooUHHYK7Qx_26jbatuF9KbzrMVXjMWZ3h8AA0d31Nb40ChUqZSu62oQCJNVRcB43DvPqMsY8JVvwX7FLi7vnJST0=w800-h500-k-no,"restaurant, 98273, WA, US",98273,outscraper_google_maps
Food Services Inc,,17889 McLean Rd,Mount Vernon,98273,,United States of America,48.4215731,-122.3596617,,+1 360-424-7147,Wholesaler,Wholesaler,"Wholesaler, Restaurant supply store",4.9,21.0,OPERATIONAL,"{""Friday"": [""7:30AM-3PM""], ""Monday"": [""7:30AM-3PM""], ""Saturday"": [""Closed""], ""Sunday"": [""Closed""], ""Thursday"": [""7:30AM-3PM""], ""Tuesday"": [""7:30AM-3PM""], ""Wednesday"": [""7:30AM-3PM""]}",0x54856ebfc6e4a69d:0x386f8c91a644bf17,ChIJnabkxr9uhVQRF79EppGMbzg,https://search.google.com/local/reviews?placeid=ChIJnabkxr9uhVQRF79EppGMbzg&q=*&authuser=0&hl=en&gl=US,https://lh3.googleusercontent.com/gps-cs-s/APNQkAF1CHWx-51apU0Zk8k9e8Y94IECjVNf_ImS-gINf36WbWFF6eeJTlpG1cmwmAsxtOKte_m7pefAQV3asLGYtYwObsTlhOz33dHaIaSTjGg2_ZOZIKfuIIX-Fxr5aTwPVCzFAFjd=w800-h500-k-no,"restaurant, 98273, WA, US",98273,outscraper_google_maps
Fortune Mandarin Restaurant,,1617 Freeway Dr,Mount Vernon,98273,,United States of America,48.4351759,-122.3435008,,+1 360-428-1819,Chinese restaurant,restaurants,"Chinese restaurant, Asian restaurant, Cocktail bar",4.2,538.0,OPERATIONAL,"{""Friday"": [""11AM-9PM""], ""Monday"": [""11AM-8:30PM""], ""Saturday"": [""11AM-9PM""], ""Sunday"": [""Closed""], ""Thursday"": [""11AM-8:30PM""], ""Tuesday"": [""11AM-8:30PM""], ""Wednesday"": [""11AM-8:30PM""]}",0x54856e9d944062ed:0xc0e2ea65871fc6aa,ChIJ7WJAlJ1uhVQRqsYfh2Xq4sA,https://search.google.com/local/reviews?placeid=ChIJ7WJAlJ1uhVQRqsYfh2Xq4sA&q=*&authuser=0&hl=en&gl=US,https://lh3.googleusercontent.com/gps-cs-s/APNQkAFiZkuzPKYz95OwH-_xgPnv4E9nUFmlX8O7Fhe4SfEEdyJRM-g3yMalmsqbufutGxfSI8JR7hiRoHR-pz8qWT0dXusdFvymGsLUbJbGjzarXXa6RtrKHX1O8az280PPRY-MZOKj=w800-h500-k-no,"restaurant, 98273, WA, US",98273,outscraper_google_maps
Foxy Lady Latte,,2626 Henson Rd,Mount Vernon,98273,,United States of America,48.4004866,-122.3318437,,,Coffee stand,Coffee stand,"Coffee stand, Cafe",4.5,153.0,OPERATIONAL,"{""Friday"": [""4:30AM-8PM""], ""Monday"": [""4:30AM-8PM""], ""Saturday"": [""4:30AM-8PM""], ""Sunday"": [""6AM-7PM""], ""Thursday"": [""4:30AM-8PM""], ""Tuesday"": [""4:30AM-8PM""], ""Wednesday"": [""4:30AM-8PM""]}",0x5485694850525815:0x351273516bd5617e,ChIJFVhSUEhphVQRfmHVa1FzEjU,https://search.google.com/local/reviews?placeid=ChIJFVhSUEhphVQRfmHVa1FzEjU&q=*&authuser=0&hl=en&gl=US,https://lh3.googleusercontent.com/gps-cs-s/APNQkAFIooz9-q8xiTJYZQpdORFxj04rCEOE2acCXQuQoMIFmNV5gGeHi2kKGLCH-8NA69g7k7kn3713S8ambrvrCVREwH-0HCgokdMdGkIk-7gYDuz7miVP6fjin0neqBXyakIOeuX5=w800-h500-k-no,"restaurant, 98273, WA, US",98273,outscraper_google_maps
Franz Bakery Outlet Store,,3813 Old Hwy 99 S,Mount Vernon,98273,,United States of America,48.3902113,-122.3361105,,+1 360-424-7772,Bakery,Bakery,"Bakery, Discount store",4.7,494.0,OPERATIONAL,"{""Friday"": [""9AM-5PM""], ""Monday"": [""9AM-5PM""], ""Saturday"": [""9AM-5PM""], ""Sunday"": [""Closed""], ""Thursday"": [""9AM-5PM""], ""Tuesday"": [""9AM-5PM""], ""Wednesday"": [""9AM-5PM""]}",0x5485693c5c809d69:0xcb27a77ed5855fc5,ChIJaZ2AXDxphVQRxV-F1X6nJ8s,https://search.google.com/local/reviews?placeid=ChIJaZ2AXDxphVQRxV-F1X6nJ8s&q=*&authuser=0&hl=en&gl=US,https://lh3.googleusercontent.com/gps-cs-s/APNQkAElUoQQ_MwJGuwftIN39t9IynkwygA8PlB14bnIXbqSMkAtZyRoTEyQoZXD41CZoisqBRrQ3tTLzxXaSdcmoinJRnQIgAagXkVHqPF1P5B39j1fy2dJ62355skaWBEfS7rRL30J=w800-h500-k-no,"bakery, 98273, WA, US",98273,outscraper_google_maps
Gentlemen Gene's Pub,,1400 Parker Way,Mount Vernon,98273,,United States of America,48.4331215,-122.3211324,,+1 360-424-4363,Restaurant,bars,"Restaurant, Bar & grill, Pub",4.4,579.0,OPERATIONAL,"{""Friday"": [""11AM-11PM""], ""Monday"": [""11AM-9PM""], ""Saturday"": [""11AM-11PM""], ""Sunday"": [""11AM-9PM""], ""Thursday"": [""11AM-11PM""], ""Tuesday"": [""11AM-9PM""], ""Wednesday"": [""11AM-9PM""]}",0x5485696ac659ce9f:0xd836f7c3c214dd5d,ChIJn85ZxmpphVQRXd0UwsP3Ntg,https://search.google.com/local/reviews?placeid=ChIJn85ZxmpphVQRXd0UwsP3Ntg&q=*&authuser=0&hl=en&gl=US,https://lh3.googleusercontent.com/gps-cs-s/APNQkAG-patrXjlf_Ntp2IwUh4g5UgzSTscEtRnMJxNY-WLBAJnbijxyQQSncq2SX5OF3vGbZBBJlDkRvnQZHXOei7fjaMeFNUjTeOieL_ipDQk71SVv7x3OXRiE69siY-iGmAlneh7O=w800-h500-k-no,"restaurant, 98273, WA, US",98273,outscraper_google_maps
Grill On Wheels,,2111 Urban Ave,Mount Vernon,98273,,United States of America,48.4398494,-122.3325428,,+1 360-202-6436,Mobile caterer,Mobile caterer,"Mobile caterer, Takeout Restaurant",5.0,35.0,OPERATIONAL,"{""Friday"": [""11AM-8PM""], ""Monday"": [""11AM-8PM""], ""Saturday"": [""Closed""], ""Sunday"": [""Closed""], ""Thursday"": [""11AM-6PM""], ""Tuesday"": [""11AM-8PM""], ""Wednesday"": [""11AM-8PM""]}",0x54856d9ed80526e5:0xa3b804331b9b829b,ChIJ5SYF2J5thVQRm4KbGzMEuKM,https://search.google.com/local/reviews?placeid=ChIJ5SYF2J5thVQRm4KbGzMEuKM&q=*&authuser=0&hl=en&gl=US,https://lh3.googleusercontent.com/gps-cs-s/APNQkAFPRcDyHAZjHW5-K8ptTOKCIN2eVJBuYIHDdC52Rv9l5tyJvVZrFSkdznWTXP5VICrUjdmKZnsV9ZG21A0_m8yGLsEnl-b2rcqh3qw3VDWPau1b6dFKDd7oJX7iy4lnIP9lBbfR=w800-h500-k-no,"restaurant, 98273, WA, US",98273,outscraper_google_maps
HOT GYROS Mediterranean Grill,,301 Pine St,Mount Vernon,98273,,United States of America,48.4181017,-122.3377941,,+1 425-354-7336,Restaurant,restaurants,Restaurant,5.0,600.0,OPERATIONAL,"{""Friday"": [""10AM-8PM""], ""Monday"": [""10AM-8PM""], ""Saturday"": [""11AM-8PM""], ""Sunday"": [""11AM-8PM""], ""Thursday"": [""10AM-8PM""], ""Tuesday"": [""Closed""], ""Wednesday"": [""10AM-8PM""]}",0x54856f398bc4ac49:0x9da6f1119f4a0245,ChIJSazEizlvhVQRRQJKnxHxpp0,https://search.google.com/local/reviews?placeid=ChIJSazEizlvhVQRRQJKnxHxpp0&q=*&authuser=0&hl=en&gl=US,https://lh3.googleusercontent.com/gps-cs-s/APNQkAFe7oWhirUhUDRyj8oLZ4k0zKSJRbXTlF4FJWS1U7eBBq2mZ-pU2bJgtDSrG7eccG4FlQR-ymcuNGVDRaIJyA-sQcmFwWkf67kIGcGtKidEr8Fc9SXx1FdaU1tRJVdVH1MLwMFDYlsX5PD4=w800-h500-k-no,"restaurant, 98273, WA, US",98273,outscraper_google_maps
Hollywood Coffee,,1711 S 2nd St,Mount Vernon,98273,,United States of America,48.4089189,-122.3381906,,+1 360-419-7156,Coffee shop,coffee shops,"Coffee shop, Cafe",4.5,51.0,OPERATIONAL,"{""Friday"": [""7AM-3PM""], ""Monday"": [""7AM-3PM""], ""Saturday"": [""8AM-3PM""], ""Sunday"": [""Closed""], ""Thursday"": [""7AM-3PM""], ""Tuesday"": [""7AM-3PM""], ""Wednesday"": [""7AM-3PM""]}",0x54856eb498732625:0xa538dd7c3e8fd054,ChIJJSZzmLRuhVQRVNCPPnzdOKU,https://search.google.com/local/reviews?placeid=ChIJJSZzmLRuhVQRVNCPPnzdOKU&q=*&authuser=0&hl=en&gl=US,https://lh3.googleusercontent.com/gps-cs-s/APNQkAHGih9n9FLQ7A2KHTuy3FGhjnyDYWMipl1VdvEUQWce0YiJPyL_5rG_P5MoSDfCPIYOeGvcMwMokV5tEB7rkiERT9KENL8EZM7fhiCrVsPUhekXEkRmquEjbTIHaLcDsqRoNvM=w800-h500-k-no,"restaurant, 98273, WA, US",98273,outscraper_google_maps
Home Storage Center,,1524 Riverside Dr #14,Mount Vernon,98273,,United States of America,48.4347889,-122.3335159,,+1 360-424-0335,Supermarket,Supermarket,Supermarket,4.3,3.0,OPERATIONAL,"{""Friday"": [""Closed""], ""Monday"": [""Closed""], ""Saturday"": [""Closed""], ""Sunday"": [""Closed""], ""Thursday"": [""Closed""], ""Tuesday"": [""12-4PM""], ""Wednesday"": [""12-4PM""]}",0x54856dc9bb194faf:0xeeca23e0a95e2d70,ChIJr08Zu8lthVQRcC1eqeAjyu4,,,"deli, 98273, WA, US",98273,outscraper_google_maps
Hong Kong Restaurant,,1300 Riverside Dr,Mount Vernon,98273,,United States of America,48.4323794,-122.3347659,,+1 360-424-7776,Chinese restaurant,restaurants,Chinese restaurant,4.3,957.0,OPERATIONAL,"{""Friday"": [""11AM-10PM""], ""Monday"": [""11AM-9:30PM""], ""Saturday"": [""11AM-10PM""], ""Sunday"": [""11AM-9:30PM""], ""Thursday"": [""11AM-9:30PM""], ""Tuesday"": [""Closed""], ""Wednesday"": [""11AM-9:30PM""]}",0x54856c2043a012a1:0xf42a82209b1abc3,ChIJoRKgQyBshVQRw6uxCSKoQg8,https://search.google.com/local/reviews?placeid=ChIJoRKgQyBshVQRw6uxCSKoQg8&q=*&authuser=0&hl=en&gl=US,https://lh3.googleusercontent.com/gps-cs-s/APNQkAEh4NFg7M5N5PjFT6SRpWC3VgWmIz1N_6afg0iRjEjCdZbYAihiCQmvIj7qKTwLbaxeohVPuDXI6BRyOU_inME6CkSjnML9rhWCxqmSSMJpgFypvMx3aRxjruqEMfwLY9p5eV8Z=w800-h500-k-no,"restaurant, 98273, WA, US",98273,outscraper_google_maps
IHOP,,2001 Freeway Dr,Mount Vernon,98273,,United States of America,48.4386678,-122.3436249,,+1 360-336-0808,Breakfast restaurant,restaurants,"Breakfast restaurant, American restaurant, Brunch restaurant, Diner, Family restaurant, Lunch restaurant, Pancake restaurant, Restaurant",3.7,1694.0,OPERATIONAL,"{""Friday"": [""7AM-10PM""], ""Monday"": [""7AM-10PM""], ""Saturday"": [""7AM-10PM""], ""Sunday"": [""7AM-10PM""], ""Thursday"": [""7AM-10PM""], ""Tuesday"": [""7AM-10PM""], ""Wednesday"": [""7AM-10PM""]}",0x54856c27dda7c2af:0x65ef414c1a8e80c0,ChIJr8Kn3SdshVQRwICOGkxB72U,https://search.google.com/local/reviews?placeid=ChIJr8Kn3SdshVQRwICOGkxB72U&q=*&authuser=0&hl=en&gl=US,https://lh3.googleusercontent.com/gps-cs-s/APNQkAGwNvvua1MeE4-wbZSIkU9i_W-38FIZtqyCsg8gp2hAg5xiTYfYAbSfkj6HHFAWD40yPXWfwK79zVsuS2kagyZ0x9bOcd-H5_v4BWnsBK_JITX4seLP1rMpzSvD8EPP8pl6i5Bw=w800-h500-k-no,"restaurant, 98273, WA, US",98273,outscraper_google_maps
Il Granaio Authentic Italian Restaurant,,100 W Montgomery St #110,Mount Vernon,98273,,United States of America,48.419282,-122.3346921,,+1 360-419-0674,Italian restaurant,restaurants,Italian restaurant,4.6,1354.0,OPERATIONAL,"{""Friday"": [""11AM-9PM""], ""Monday"": [""11AM-8PM""], ""Saturday"": [""12-9PM""], ""Sunday"": [""12-8PM""], ""Thursday"": [""11AM-8PM""], ""Tuesday"": [""11AM-8PM""], ""Wednesday"": [""11AM-8PM""]}",0x54856eaf7d58e62d:0x230f2a6317bdec1,ChIJLeZYfa9uhVQRwd57MabyMAI,https://search.google.com/local/reviews?placeid=ChIJLeZYfa9uhVQRwd57MabyMAI&q=*&authuser=0&hl=en&gl=US,https://lh3.googleusercontent.com/gps-cs-s/APNQkAEZv56crUrQcrDOyH32XiyOFrLIXbFPeHbfOHp_D6zz8wejsu1cuG2FxRblT6S0D8uDOcA68Oj4sTAJfEkl34NjIypZX9SzOI0yFvLlaDgT1Fr2dTfQ5t4rqPOcroLbXLCE3hsJ=w800-h500-k-no,"restaurant, 98273, WA, US",98273,outscraper_google_maps
Indulge Bakery,,1501 Parker Way UNIT 101,Mount Vernon,98273,,United States of America,48.4341217,-122.3220878,,+1 360-399-7266,Bakery,Bakery,"Bakery, Cafe, Coffee shop, Cookie shop, Pastry shop, Sandwich shop, Wedding bakery",4.7,321.0,OPERATIONAL,"{""Friday"": [""7AM-3PM""], ""Monday"": [""7AM-3PM""], ""Saturday"": [""8AM-2PM""], ""Sunday"": [""Closed""], ""Thursday"": [""7AM-3PM""], ""Tuesday"": [""7AM-3PM""], ""Wednesday"": [""7AM-3PM""]}",0x54856d2c64f6bbc3:0x8a37afb06bee0c60,ChIJw7v2ZCxthVQRYAzua7CvN4o,https://search.google.com/local/reviews?placeid=ChIJw7v2ZCxthVQRYAzua7CvN4o&q=*&authuser=0&hl=en&gl=US,https://lh3.googleusercontent.com/gps-cs-s/APNQkAF1cSbzT02UdwY3DQdZ7WXdaaZqn_YF4bK1Lz7wGlU0ofjTGEtJaDUFiJdvBS4Ogonw66_E7cOTynMfLSpR5wdAyCIGFJLwck-fzAnNXIzQqcqykBTFbc8OgzIrjh-WXDGK35k=w800-h500-k-no,"restaurant, 98273, WA, US",98273,outscraper_google_maps
Jack in the Box,,304 E College Way,Mount Vernon,98273,,United States of America,48.435561,-122.3370713,,+1 360-428-6960,Fast food restaurant,restaurants,"Fast food restaurant, American restaurant, Breakfast restaurant, Chicken restaurant, Dessert restaurant, Hamburger restaurant, Delivery Restaurant, Mexican restaurant, Restaurant",3.3,1163.0,OPERATIONAL,"{""Friday"": [""4AM-3AM""], ""Monday"": [""4AM-3AM""], ""Saturday"": [""4AM-3AM""], ""Sunday"": [""4AM-3AM""], ""Thursday"": [""4AM-3AM""], ""Tuesday"": [""4AM-3AM""], ""Wednesday"": [""4AM-3AM""]}",0x54856c26d58fe8a3:0x1f0ce288c1005f54,ChIJo-iP1SZshVQRVF8AwYjiDB8,https://search.google.com/local/reviews?placeid=ChIJo-iP1SZshVQRVF8AwYjiDB8&q=*&authuser=0&hl=en&gl=US,https://lh3.googleusercontent.com/gps-cs-s/APNQkAGGARFb6VI-AEebqOY7A6ohot-8vRlN5mdQjelAVBfJ86wm8eww9hN_VyEtbUtKgfLKXSg_QQjqT8Kgsqs7JgOL4IX92l8Wimkl_UkaM4G7fAROxF85nstNsb93VZpRXGI4VH1oAQ=w800-h500-k-no,"restaurant, 98273, WA, US",98273,outscraper_google_maps
Jackpot Food Mart,,17587 WA-536,Mount Vernon,98273,,United States of America,48.4301618,-122.3659299,,+1 360-428-3889,Convenience store,Convenience store,Convenience store,4.1,28.0,OPERATIONAL,"{""Friday"": [""6AM-10PM""], ""Monday"": [""6AM-11PM""], ""Saturday"": [""7AM-10PM""], ""Sunday"": [""7AM-9PM""], ""Thursday"": [""6AM-10PM""], ""Tuesday"": [""6AM-11PM""], ""Wednesday"": [""6AM-11PM""]}",0x54856e92381750bb:0xe438c1ff7d1cf016,ChIJu1AXOJJuhVQRFvAcff_BOOQ,https://search.google.com/local/reviews?placeid=ChIJu1AXOJJuhVQRFvAcff_BOOQ&q=*&authuser=0&hl=en&gl=US,https://streetviewpixels-pa.googleapis.com/v1/thumbnail?panoid=vPbBXBW4EHvW7NiMxLzO4g&cb_client=search.gws-prod.gps&w=800&h=500&yaw=350.7115&pitch=0&thumbfov=100,"deli, 98273, WA, US",98273,outscraper_google_maps
Jerry's Grocery,,1331 S 2nd St,Mount Vernon,98273,,United States of America,48.412113,-122.338203,,+1 360-336-3095,Grocery store,Grocery store,Grocery store,3.9,118.0,OPERATIONAL,"{""Friday"": [""8AM-11PM""], ""Monday"": [""8AM-11PM""], ""Saturday"": [""8AM-11PM""], ""Sunday"": [""8AM-11PM""], ""Thursday"": [""8AM-11PM""], ""Tuesday"": [""8AM-11PM""], ""Wednesday"": [""8AM-11PM""]}",0x54856eb3c34d6fff:0x11f21fb9e3c702f3,ChIJ_29Nw7NuhVQR8wLH47kf8hE,https://search.google.com/local/reviews?placeid=ChIJ_29Nw7NuhVQR8wLH47kf8hE&q=*&authuser=0&hl=en&gl=US,https://lh3.googleusercontent.com/gps-cs-s/APNQkAGXCEmovqFvh8inxaQcUGbsQ9OVsEK1Z-xJwTto-mU2gNqc_mKrBQT-Jdt6OYXkqYBQzWao5ijQgsLN2fnP9kgaJr0sX5wSha7cW1xROYKgsFJuyw3cmX4BhX2v6gY7jaK9mjIj=w800-h500-k-no,"deli, 98273, WA, US",98273,outscraper_google_maps
Jersey Mike's Subs,,115 E College Way,Mount Vernon,98273,,United States of America,48.4360691,-122.3395907,,+1 360-873-8709,Deli,restaurants,"Deli, Caterer, Sandwich shop, Fast food restaurant, Takeout Restaurant",4.5,529.0,OPERATIONAL,"{""Friday"": [""10AM-9PM""], ""Monday"": [""10AM-9PM""], ""Saturday"": [""10AM-9PM""], ""Sunday"": [""10AM-9PM""], ""Thursday"": [""10AM-9PM""], ""Tuesday"": [""10AM-9PM""], ""Wednesday"": [""10AM-9PM""]}",0x54856c2716577e6f:0x802f22767ad77424,ChIJb35XFidshVQRJHTXenYiL4A,https://search.google.com/local/reviews?placeid=ChIJb35XFidshVQRJHTXenYiL4A&q=*&authuser=0&hl=en&gl=US,https://lh3.googleusercontent.com/gps-proxy/ALd4DhEyaw7mRWjJOYVEcMFVYQvWRcSElyoEWUmINGq-gWBHtprhSg_mS73bYwzNmQsYXkxLj03X4ML1VhMEqGdtGzSk_SD4KIwmQ68l3O-KzcuioiKvQAo0CB8slL_849Q7zlc1Z9yuSMylhCaWhEc33-NSTUxPpRjBVcs--xPEsNKEsAM4yMZ2tIzJ=w800-h500-k-no,"deli, 98273, WA, US",98273,outscraper_google_maps
Katts Westside Stories,,100 S Barker St,Mount Vernon,98273,,United States of America,48.4215278,-122.3445739,,+1 360-755-6474,Restaurant,restaurants,"Restaurant, Bar & grill",4.6,227.0,OPERATIONAL,"{""Friday"": [""5PM-12AM""], ""Monday"": [""Closed""], ""Saturday"": [""12PM-12AM""], ""Sunday"": [""Closed""], ""Thursday"": [""5PM-12AM""], ""Tuesday"": [""Closed""], ""Wednesday"": [""5-11PM""]}",0x54856f84a573f70f:0xa3d1813d9235fdf3,ChIJD_dzpYRvhVQR8_01kj2B0aM,https://search.google.com/local/reviews?placeid=ChIJD_dzpYRvhVQR8_01kj2B0aM&q=*&authuser=0&hl=en&gl=US,https://lh3.googleusercontent.com/gps-cs-s/APNQkAG_1Y4aprL8W7TWXTfYHg-CApj-ddVfLgLw0Z2eGg9Yhd3A2BEHa814xFeAc9pGDIOk3TuxsHe0hbM20vHfQHaChcEy0J9PQds0d8XzSJtYaKNH_2SWrsZodwA8cN7iu8P6gBoSnw=w800-h500-k-no,"restaurant, 98273, WA, US",98273,outscraper_google_maps
Kelley's BBQ & Catering,,805 W Division St,Mount Vernon,98273,,United States of America,48.4219282,-122.3452379,,+1 360-336-2864,Barbecue restaurant,restaurants,Barbecue restaurant,4.6,308.0,OPERATIONAL,"{""Friday"": [""11AM-6PM""], ""Monday"": [""Closed""], ""Saturday"": [""11AM-6PM""], ""Sunday"": [""Closed""], ""Thursday"": [""11AM-6PM""], ""Tuesday"": [""11AM-6PM""], ""Wednesday"": [""11AM-6PM""]}",0x54856ebca8850d39:0x127b748369635368,ChIJOQ2FqLxuhVQRaFNjaYN0exI,https://search.google.com/local/reviews?placeid=ChIJOQ2FqLxuhVQRaFNjaYN0exI&q=*&authuser=0&hl=en&gl=US,https://lh3.googleusercontent.com/gps-cs-s/APNQkAGcdwygtew_1b9DSnIyb8PNbFSIfqXWwWt7NV2nN2oItXHHtD3oeTo1GkcUlMmFitO4j32rvUgfv_ZcgMZSAaJRNEswOyDNA7KCblV5aivKuPzW-IX4KTyxntxzc0XhkFR-h4Fo=w800-h500-k-no,"restaurant, 98273, WA, US",98273,outscraper_google_maps
La Catrina Tacos & Tequila,,517 S 1st St,Mount Vernon,98273,,United States of America,48.418986,-122.3382121,,+1 360-336-5566,Mexican restaurant,restaurants,"Mexican restaurant, Lounge bar",4.5,782.0,OPERATIONAL,"{""Friday"": [""11AM-9:30PM""], ""Monday"": [""11AM-9PM""], ""Saturday"": [""11AM-9:30PM""], ""Sunday"": [""Closed""], ""Thursday"": [""11AM-9PM""], ""Tuesday"": [""11AM-9PM""], ""Wednesday"": [""11AM-9PM""]}",0x54856ea55c5ea747:0xb2000b79e1c78b27,ChIJR6deXKVuhVQRJ4vH4XkLALI,https://search.google.com/local/reviews?placeid=ChIJR6deXKVuhVQRJ4vH4XkLALI&q=*&authuser=0&hl=en&gl=US,https://lh3.googleusercontent.com/gps-cs-s/APNQkAEh67o-QsJG_Z1MGPlpJ9Zwxpod8acl4zTh5p0w3lpKuYLRkG5WGQbyRdGN8vJDaZyYQs8TsPcFgPkd0lcpuMKBJ3cRn37vLaBsa_zcjPAdPaszj95OjwvUO-aY4irKhk0TNK8p=w800-h500-k-no,"restaurant, 98273, WA, US",98273,outscraper_google_maps
La Monarca Bakery,,313 Pine St,Mount Vernon,98273,,United States of America,48.4181914,-122.3380761,,+1 980-230-2976,Bakery,Bakery,Bakery,4.9,10.0,OPERATIONAL,"{""Friday"": [""9AM-6:30PM""], ""Monday"": [""Closed""], ""Saturday"": [""9:30AM-6PM""], ""Sunday"": [""9:30AM-6PM""], ""Thursday"": [""9AM-6:30PM""], ""Tuesday"": [""Closed""], ""Wednesday"": [""9AM-6:30PM""]}",0x54856f185d398fd1:0x928a811febb4c329,ChIJ0Y85XRhvhVQRKcO06x-BipI,https://search.google.com/local/reviews?placeid=ChIJ0Y85XRhvhVQRKcO06x-BipI&q=*&authuser=0&hl=en&gl=US,https://lh3.googleusercontent.com/gps-cs-s/APNQkAHUiZxZIgioaxRnoYRotefo8GeZ3B-LXFP73mE0I8YNZ-pH0wZG4J53010PjuQPHaxcOv4ZnmsV0QIifqsIeoMkEYfSQYqfSXiI8Y7tqpHpC1tHscrIFPpKBLnx_Oj2pdCwrn7Aea-VFlqY=w800-h500-k-no,"bakery, 98273, WA, US",98273,outscraper_google_maps
La Terraza Taqueria,,1331 S 2nd St,Mount Vernon,98273,,United States of America,48.412138,-122.3382449,,+1 360-618-2478,Restaurant,restaurants,Restaurant,4.6,99.0,OPERATIONAL,"{""Friday"": [""10AM-8PM""], ""Monday"": [""10AM-8PM""], ""Saturday"": [""10AM-8PM""], ""Sunday"": [""10AM-8PM""], ""Thursday"": [""10AM-8PM""], ""Tuesday"": [""10AM-8PM""], ""Wednesday"": [""10AM-8PM""]}",0x54856feaa7760283:0xf661fd0c22ecd0ed,ChIJgwJ2p-pvhVQR7dDsIgz9YfY,https://search.google.com/local/reviews?placeid=ChIJgwJ2p-pvhVQR7dDsIgz9YfY&q=*&authuser=0&hl=en&gl=US,https://lh3.googleusercontent.com/gps-cs-s/APNQkAHqknUqN-1TTgsEU196CcjTqPq75qi9OXRFqzQCHuiVLweumRMWpEB6WOdfOKbLR-gvBQO5clW2lbqISbUgGjOv_FTQt4MONKGc3EVpTUGqflWOvta7uYf81EDN9vHj9EGkZU1nMw=w800-h500-k-no,"restaurant, 98273, WA, US",98273,outscraper_google_maps
Ladybug Espresso MV,,14637 State Rte 20,Mount Vernon,98273,,United States of America,48.4469346,-122.4303931,,,Coffee stand,Coffee stand,Coffee stand,4.2,99.0,OPERATIONAL,"{""Friday"": [""4AM-8PM""], ""Monday"": [""4AM-8PM""], ""Saturday"": [""4AM-8PM""], ""Sunday"": [""6AM-7PM""], ""Thursday"": [""4AM-8PM""], ""Tuesday"": [""4AM-8PM""], ""Wednesday"": [""4AM-8PM""]}",0x54856fbe8796fb0f:0x225f89cbcf0fcf07,ChIJD_uWh75vhVQRB88Pz8uJXyI,https://search.google.com/local/reviews?placeid=ChIJD_uWh75vhVQRB88Pz8uJXyI&q=*&authuser=0&hl=en&gl=US,https://lh3.googleusercontent.com/gps-proxy/ALd4DhEzUkiDv22I5_tUuMH3uLReTWIaSMOO6WOgcTbwopCl21wv0DEKge9qHEWehqHACKJJh17F_SuknK7_IEyssMz-vQ46fQyRdkDyTrwiCkdRAjPMa__Xqu3Ox-AFtp3R6ip7ZxbhJr9ssvnYVld0obIO0SI9z5ZkXLAMd1Cfnf8uikpg4ib4AZ0G2A=w800-h500-k-no,"coffee shop, 98273, WA, US",98273,outscraper_google_maps
Lili’s sweets studio,,3218 Rosewood St,Mount Vernon,98273,,United States of America,48.4438223,-122.3000363,,+1 360-873-1936,Bakery,Bakery,Bakery,,,OPERATIONAL,"{""Friday"": [""3-8PM""], ""Monday"": [""3-8PM""], ""Saturday"": [""10AM-8PM""], ""Sunday"": [""10AM-4PM""], ""Thursday"": [""3-8PM""], ""Tuesday"": [""3-8PM""], ""Wednesday"": [""3-8PM""]}",0x54856d873b849875:0xd735dd759a93329,ChIJdZiEO4dthVQRKTOpWdddcw0,,https://lh3.googleusercontent.com/gps-cs-s/APNQkAHiRqkHz-wmz_uP7yl18ckpUFuy1hy-ui-Bxe7qpXw_cwqgbBCOhwQAU8EFqQkC4ce41XCc3-aX7eGajdvy8H8RufwzKK1lqQ-HqRW9uGr-z3t69VaAEaBYTHY-5XNzcIF8woc3o9YZxn8=w800-h500-k-no,"bakery, 98273, WA, US",98273,outscraper_google_maps
Little Caesars Pizza,,1605 N 18th St,Mount Vernon,98273,,United States of America,48.435012,-122.319281,,+1 360-424-0773,Pizza restaurant,restaurants,"Pizza restaurant, Fast food restaurant, Pizza delivery, Pizza Takeout",4.0,671.0,OPERATIONAL,"{""Friday"": [""10AM-11PM""], ""Monday"": [""10AM-11PM""], ""Saturday"": [""10AM-11PM""], ""Sunday"": [""10AM-11PM""], ""Thursday"": [""10AM-11PM""], ""Tuesday"": [""10AM-11PM""], ""Wednesday"": [""10AM-11PM""]}",0x54856c17dd02f9cd:0x86cc4ccd93e186f0,ChIJzfkC3RdshVQR8Ibhk81MzIY,https://search.google.com/local/reviews?placeid=ChIJzfkC3RdshVQR8Ibhk81MzIY&q=*&authuser=0&hl=en&gl=US,https://lh3.googleusercontent.com/gps-cs-s/APNQkAHewNH_jmWibdTzoNj8MgxrT0QFwM-W3_h2ElvHZqzl0GBSfPm8VBSr4tM49PQimDNRtBdE74jcS5u10RP8UTZczpV_sfkoIkpceez6vLhWf_Y_HG1FkTfD-62Xn5VE_-dPvv4=w800-h500-k-no,"pizza restaurant, 98273, WA, US",98273,outscraper_google_maps
Los Guerreros Tienda Carnicera y Panaderia,,525 E College Way B,Mount Vernon,98273,,United States of America,48.4369221,-122.3326791,,+1 360-899-4360,Mexican grocery store,Supermercado mexicano,Mexican grocery store,4.1,285.0,OPERATIONAL,"{""Friday"": [""8AM-9PM""], ""Monday"": [""8AM-9PM""], ""Saturday"": [""8AM-9PM""], ""Sunday"": [""8AM-9PM""], ""Thursday"": [""8AM-9PM""], ""Tuesday"": [""8AM-9PM""], ""Wednesday"": [""8AM-9PM""]}",0x54856da88fb74e15:0xc09d10bc169fcfe,ChIJFU63j6hthVQR_vxpwQvRCQw,https://search.google.com/local/reviews?placeid=ChIJFU63j6hthVQR_vxpwQvRCQw&q=*&authuser=0&hl=en&gl=US,https://lh3.googleusercontent.com/gps-cs-s/APNQkAExl-s0Ot9Sm_rOc8WEgYqBhwIBnfQdyCh62Nuqg09JAfMkquHINqlMbrvb0kdN-2ijMiVMrnDgy6GSHcQIuEYXbGR35s_pyrHGHWpsL9uIEYGkG9x3atx1F0y0kc4hug5aEzotsA=w800-h500-k-no,"mexican restaurant, 98273, WA, US",98273,outscraper_google_maps
Lulu's Espresso,,18707 Main St,Mount Vernon,98273,,United States of America,48.3410339,-122.3414534,,,Coffee shop,coffee shops,Coffee shop,4.4,85.0,OPERATIONAL,"{""Friday"": [""4AM-7PM""], ""Monday"": [""4AM-7PM""], ""Saturday"": [""5AM-7PM""], ""Sunday"": [""6AM-7PM""], ""Thursday"": [""4AM-7PM""], ""Tuesday"": [""4AM-7PM""], ""Wednesday"": [""4AM-7PM""]}",0x548569dc64338827:0x731c7faa2bf326f0,ChIJJ4gzZNxphVQR8CbzK6p_HHM,https://search.google.com/local/reviews?placeid=ChIJJ4gzZNxphVQR8CbzK6p_HHM&q=*&authuser=0&hl=en&gl=US,https://lh3.googleusercontent.com/gps-cs-s/APNQkAHvKc9XFBD4wL0HwuRGoTVqGdJESpGwsYnuYziHo9aHSlkwQKJWwDNZHvKeJTrXr7Xrp_WlkeYRe8otN6CHUG0c1SEKowf3o7q8uV622Dz1sym3ZpQuNw5R82n8NFKM_RuOeRBAOgS7D4eR=w800-h500-k-no,"coffee shop, 98273, WA, US",98273,outscraper_google_maps
Martini Brunch,,1300 S 2nd St,Mount Vernon,98273,,United States of America,48.4127611,-122.3376264,,+1 360-404-5915,Restaurant,restaurants,Restaurant,4.7,327.0,OPERATIONAL,"{""Friday"": [""8AM-3PM""], ""Monday"": [""8AM-3PM""], ""Saturday"": [""8AM-3PM""], ""Sunday"": [""8AM-3PM""], ""Thursday"": [""Closed""], ""Tuesday"": [""Closed""], ""Wednesday"": [""Closed""]}",0x54856f2d0e7f2443:0x3dfce20f83cbe4d9,ChIJQyR_Di1vhVQR2eTLgw_i_D0,https://search.google.com/local/reviews?placeid=ChIJQyR_Di1vhVQR2eTLgw_i_D0&q=*&authuser=0&hl=en&gl=US,https://lh3.googleusercontent.com/gps-cs-s/APNQkAGTfT5gN5ZdJ0eW_0r9S-64qcqz2GNfaBrxAXI4oLqMPjLSWGqUZ__sZL64UCHRbBfOBpCZV7psCLrHNsSc-Ztn-OQyPm_NfEfsOj604SyT2wDPBd3MCL3UHQF6wYKVbV0nMw6tjjKu6YJo=w800-h500-k-no,"restaurant, 98273, WA, US",98273,outscraper_google_maps
Max Dale's Steak Chop House,,2030 Riverside Dr,Mount Vernon,98273,,United States of America,48.439291,-122.33315,,+1 360-424-7171,Steak house,restaurants,"Steak house, American restaurant, Bar, Caterer, Fine dining restaurant, Restaurant, Seafood restaurant",4.2,969.0,OPERATIONAL,"{""Friday"": [""4-9PM""], ""Monday"": [""4-8PM""], ""Saturday"": [""4-9PM""], ""Sunday"": [""4-8PM""], ""Thursday"": [""4-9PM""], ""Tuesday"": [""4-8PM""], ""Wednesday"": [""4-9PM""]}",0x54856c25c9b55341:0xe3b176572547f678,ChIJQVO1ySVshVQRePZHJVd2seM,https://search.google.com/local/reviews?placeid=ChIJQVO1ySVshVQRePZHJVd2seM&q=*&authuser=0&hl=en&gl=US,https://lh3.googleusercontent.com/gps-cs-s/APNQkAEvXPSzQavCT6q1F-ohL6cmdlxbG6SFyhU0Un42lqre2vjjKPPbAz7ukhGDRbUtOETo0KP-DFNN4nlmJ6hV59K8V6kme6pt_UMDY7_FeYrDPiUMcgtYVzncWn2EJ3mVM_Uc7C-x=w800-h500-k-no,"restaurant, 98273, WA, US",98273,outscraper_google_maps
McDonald's,,2200 E College Way,Mount Vernon,98273,,United States of America,48.4353012,-122.3125854,,+1 360-424-5230,Fast food restaurant,restaurants,"Fast food restaurant, Breakfast restaurant, Coffee shop, Hamburger restaurant, Restaurant, Sandwich shop",3.5,1360.0,OPERATIONAL,"{""Friday"": [""Open 24 hours""], ""Monday"": [""Open 24 hours""], ""Saturday"": [""Open 24 hours""], ""Sunday"": [""Open 24 hours""], ""Thursday"": [""Open 24 hours""], ""Tuesday"": [""Open 24 hours""], ""Wednesday"": [""Open 24 hours""]}",0x54856c1679a89597:0xa131cb0d89399498,ChIJl5WoeRZshVQRmJQ5iQ3LMaE,https://search.google.com/local/reviews?placeid=ChIJl5WoeRZshVQRmJQ5iQ3LMaE&q=*&authuser=0&hl=en&gl=US,https://lh3.googleusercontent.com/gps-cs-s/APNQkAHTZFLPMIpdEbGuE9DBJU9Vcdshv55AhYS2d0ZdR3SeV8eVOVyKFJUV_ukz7-iDHjKacdj7RmTMcIXsgxUqBKdcFLYI1qLO6KeCDWrDCu_5p_ZYBuYE8cCKnnUWYYYVWYGCiHzD=w800-h500-k-no,"restaurant, 98273, WA, US",98273,outscraper_google_maps
Mexico Cafe,,1320 Memorial Hwy,Mount Vernon,98273,,United States of America,48.4228373,-122.3530618,,+1 360-424-1977,Mexican restaurant,restaurants,"Mexican restaurant, Restaurant, Taco restaurant",4.4,1236.0,OPERATIONAL,"{""Friday"": [""11AM-9:30PM""], ""Monday"": [""Closed""], ""Saturday"": [""11AM-9:30PM""], ""Sunday"": [""11AM-9PM""], ""Thursday"": [""11AM-9PM""], ""Tuesday"": [""11AM-9PM""], ""Wednesday"": [""11AM-9PM""]}",0x54856ebdc6591c47:0x9e8880b405175411,ChIJRxxZxr1uhVQREVQXBbSAiJ4,https://search.google.com/local/reviews?placeid=ChIJRxxZxr1uhVQREVQXBbSAiJ4&q=*&authuser=0&hl=en&gl=US,https://lh3.googleusercontent.com/gps-cs-s/APNQkAGV2kU9PSkh49ER8XN7p5Z00SEh6I4H8JU_z6iamB4NOQRoB04_cvNhLlCSLTgkZ3iFnAQl3S0LF8KHarvp-Me-pfyyFFd7oNeRySl9UWoIDZsdqnWkAegQjoNUPf1k0KnsdVhkTA=w800-h500-k-no,"restaurant, 98273, WA, US",98273,outscraper_google_maps
Mexiyaki Grill,,2222 Riverside Dr STE 101,Mount Vernon,98273,,United States of America,48.441126,-122.3348529,,+1 360-899-5564,Asian restaurant,restaurants,"Asian restaurant, Bubble tea store, Chinese restaurant, Family restaurant, Japanese restaurant, Pan-Asian restaurant, Pho restaurant, Ramen restaurant, Vietnamese restaurant",4.3,522.0,OPERATIONAL,"{""Friday"": [""11AM-8:30PM""], ""Monday"": [""11AM-8PM""], ""Saturday"": [""11AM-8:30PM""], ""Sunday"": [""12-7PM""], ""Thursday"": [""11AM-8PM""], ""Tuesday"": [""11AM-8PM""], ""Wednesday"": [""11AM-8PM""]}",0x54856c257799d4cd:0xca6bedeeea657322,ChIJzdSZdyVshVQRInNl6u7ta8o,https://search.google.com/local/reviews?placeid=ChIJzdSZdyVshVQRInNl6u7ta8o&q=*&authuser=0&hl=en&gl=US,https://lh3.googleusercontent.com/gps-cs-s/APNQkAHlBKeMJYIznG0Vn_YoHJnCZCQZ-8JQ6pSlhR6Loqq9WNrIxTPn59NjGrj8Dc_nysGRQQflxJiVm5SoEz0nQ66vdgh20LtyddnS322i3N0q0nPNGQ_ySKMKockY5zaKnWB8jHGugg=w800-h500-k-no,"restaurant, 98273, WA, US",98273,outscraper_google_maps
Mister Party,,303 Pine St,Mount Vernon,98273,,United States of America,48.4180916,-122.3377998,,+1 360-630-4629,Restaurant,restaurants,Restaurant,4.8,17.0,OPERATIONAL,"{""Friday"": [""10AM-8PM""], ""Monday"": [""Closed""], ""Saturday"": [""10AM-8PM""], ""Sunday"": [""10AM-6PM""], ""Thursday"": [""10AM-8PM""], ""Tuesday"": [""10AM-8PM""], ""Wednesday"": [""10AM-8PM""]}",0x54856d4493d31b31:0xff4e3cfa377d1a15,ChIJMRvTk0RthVQRFRp9N_o8Tv8,https://search.google.com/local/reviews?placeid=ChIJMRvTk0RthVQRFRp9N_o8Tv8&q=*&authuser=0&hl=en&gl=US,https://lh3.googleusercontent.com/gps-cs-s/APNQkAGV6t4okGzuXPAIXFrOEBO6WXDCAHOfvrhx0UuFYQY1apKDFIWl8QAvUmz1W1UMoEgbi-uuoZdpEQ8QKYFYK09TwM1UIQyxhqUH7tLtqfsWFBlj1mlHLlJYP7fsX8GT8nvhcuOd9tBoakI=w800-h500-k-no,"restaurant, 98273, WA, US",98273,outscraper_google_maps
Moreno’s Family Mexican Restaurant,,2009 Riverside Dr,Mount Vernon,98273,,United States of America,48.4387343,-122.3355494,,+1 360-982-2482,Mexican restaurant,restaurants,"Mexican restaurant, Bar, Diner, Family restaurant, Gluten-free restaurant, Karaoke, Karaoke bar, Pool hall, Restaurant, Taco restaurant",4.3,629.0,OPERATIONAL,"{""Friday"": [""11AM-11PM""], ""Monday"": [""11AM-10PM""], ""Saturday"": [""11AM-10PM""], ""Sunday"": [""11AM-10PM""], ""Thursday"": [""11AM-10PM""], ""Tuesday"": [""11AM-10PM""], ""Wednesday"": [""11AM-10PM""]}",0x54856c31d54e9bb5:0xa7c10c6a82fd79f6,ChIJtZtO1TFshVQR9nn9gmoMwac,https://search.google.com/local/reviews?placeid=ChIJtZtO1TFshVQR9nn9gmoMwac&q=*&authuser=0&hl=en&gl=US,https://lh3.googleusercontent.com/gps-cs-s/APNQkAEiKT5aVDUVu1rT9S-P_DF0sb1e5ffmvn-3Cg0eF-YqnUxNW6lnZnKf6yTjXEtue5_EqgreuOWjpcHYsa1yk44880iQ-_iU-HvR6yFg__-4BbJveoSKTwcBD1HGbfKv487sXTzzFA=w800-h500-k-no,"restaurant, 98273, WA, US",98273,outscraper_google_maps
Morgan's Espresso,,3009 E College Way,Mount Vernon,98273,,United States of America,48.435859,-122.3022725,,+1 360-848-1919,Coffee shop,coffee shops,Coffee shop,4.5,261.0,OPERATIONAL,"{""Friday"": [""5:30AM-6PM""], ""Monday"": [""5:30AM-6PM""], ""Saturday"": [""6AM-6PM""], ""Sunday"": [""7AM-5PM""], ""Thursday"": [""5:30AM-6PM""], ""Tuesday"": [""5:30AM-6PM""], ""Wednesday"": [""5:30AM-6PM""]}",0x54856c6b507fd2ff:0x8c68a68a8a82652c,ChIJ_9J_UGtshVQRLGWCioqmaIw,https://search.google.com/local/reviews?placeid=ChIJ_9J_UGtshVQRLGWCioqmaIw&q=*&authuser=0&hl=en&gl=US,https://lh3.googleusercontent.com/gps-cs-s/APNQkAFTTt1xxwFrYi9T5Xb-P1YOY0FiNt5FzGij7JIGPCQlWqk633zuEE7afT14xvWpEcOfqLjceunlDJjCt4xe25kHdcHul_47fMRojSJ9AYApcWO3u549X2b1IvBsyxM3hxWuNBhBLg=w800-h500-k-no,"restaurant, 98273, WA, US",98273,outscraper_google_maps
Mountain Mike's Pizza,,528 E College Way,Mount Vernon,98273,,United States of America,48.4355081,-122.3325531,,+1 425-549-4500,Pizza restaurant,restaurants,"Pizza restaurant, Buffet restaurant, Chicken wings restaurant, Family restaurant, Pizza delivery, Pizza Takeout",3.8,199.0,OPERATIONAL,"{""Friday"": [""10AM-12AM""], ""Monday"": [""10AM-10PM""], ""Saturday"": [""10AM-12AM""], ""Sunday"": [""10AM-10PM""], ""Thursday"": [""10AM-10PM""], ""Tuesday"": [""10AM-10PM""], ""Wednesday"": [""10AM-10PM""]}",0x54856d694505797f:0xf178ac09d45fec38,ChIJf3kFRWlthVQROOxf1AmsePE,https://search.google.com/local/reviews?placeid=ChIJf3kFRWlthVQROOxf1AmsePE&q=*&authuser=0&hl=en&gl=US,https://lh3.googleusercontent.com/gps-cs-s/APNQkAGKM5tB5306mZ6B6TuJI2vFna3sx9zo1Ky3lhAvhMyhl0h4alMuduLTviiyHBMpKVw04oAmkiagPu7QqwHGJhjOHnx2Rpdt9hpsaOdRS8nrqXykqPhzOMJ9y0lnjpsonQHOig88gXGGitD2=w800-h500-k-no,"restaurant, 98273, WA, US",98273,outscraper_google_maps
Mr T's Family Cafe,,503 W Fir St,Mount Vernon,98273,,United States of America,48.4282556,-122.3393472,,+1 360-848-1000,American restaurant,restaurants,"American restaurant, Breakfast restaurant, Brunch restaurant, Cafe, Diner, Family restaurant, Hamburger restaurant, Restaurant, Sandwich shop",4.6,1955.0,OPERATIONAL,"{""Friday"": [""7AM-1PM""], ""Monday"": [""Closed""], ""Saturday"": [""7AM-2PM""], ""Sunday"": [""7AM-2PM""], ""Thursday"": [""7AM-1PM""], ""Tuesday"": [""7AM-1PM""], ""Wednesday"": [""7AM-1PM""]}",0x54856ea1cbafe4e3:0x8ae0c3174239af6f,ChIJ4-Svy6FuhVQRb685QhfD4Io,https://search.google.com/local/reviews?placeid=ChIJ4-Svy6FuhVQRb685QhfD4Io&q=*&authuser=0&hl=en&gl=US,https://lh3.googleusercontent.com/gps-cs-s/APNQkAHolRJ6sQMA5szrqIw_Ob4aCwedTNq-UyXXj2hRtk8Z1BndiF7Hq8xlEh44lIZ7ITmjclB4A71oCfNx9yBccmoyuk9vNIrBd_P9064oZ7iCdGhbl4EUtWFu_w_7cvg_FL2itE0J=w800-h500-k-no,"restaurant, 98273, WA, US",98273,outscraper_google_maps
Mt Vernon Red Apple Market,,820 Cleveland Ave,Mount Vernon,98273,,United States of America,48.4169515,-122.3382554,,+1 360-336-2251,Grocery store,Grocery store,"Grocery store, Produce market, Supermarket",3.9,492.0,OPERATIONAL,"{""Friday"": [""7AM-9PM""], ""Monday"": [""7AM-9PM""], ""Saturday"": [""8AM-9PM""], ""Sunday"": [""8AM-9PM""], ""Thursday"": [""7AM-9PM""], ""Tuesday"": [""7AM-9PM""], ""Wednesday"": [""7AM-9PM""]}",0x54856eb022ffbbab:0xd970afa93d7ca39a,ChIJq7v_IrBuhVQRmqN8PamvcNk,https://search.google.com/local/reviews?placeid=ChIJq7v_IrBuhVQRmqN8PamvcNk&q=*&authuser=0&hl=en&gl=US,https://lh3.googleusercontent.com/gps-cs-s/APNQkAFN9NQVsQ6BURi1dXSUPZYS6vW1wQP-DzMrM7mk55WNT57EiShQSGKokBOi1VEQJw4VubtaK2-Vl1YOpCDUuGw5KnlCMSc5EEPAyvmB_D-uHWjOz50ftB5252uQYZjofKD9iXm2zQ=w800-h500-k-no,"bakery, 98273, WA, US",98273,outscraper_google_maps
Mt. Vernon Calico Cupboard Café & Bakery,,121-B Freeway Dr,Mount Vernon,98273,,United States of America,48.4220314,-122.3365936,,+1 360-336-3107,Cafe,cafes,"Cafe, Bakery, Breakfast restaurant, Coffee shop, Dessert restaurant, Lunch restaurant",4.3,2165.0,OPERATIONAL,"{""Friday"": [""7:30AM-3:30PM""], ""Monday"": [""7:30AM-3:30PM""], ""Saturday"": [""7:30AM-3:30PM""], ""Sunday"": [""7:30AM-3:30PM""], ""Thursday"": [""7:30AM-3:30PM""], ""Tuesday"": [""7:30AM-3:30PM""], ""Wednesday"": [""7:30AM-3:30PM""]}",0x54856ea4336ce689:0x2d7856e3a01ac290,ChIJieZsM6RuhVQRkMIaoONWeC0,https://search.google.com/local/reviews?placeid=ChIJieZsM6RuhVQRkMIaoONWeC0&q=*&authuser=0&hl=en&gl=US,https://lh3.googleusercontent.com/gps-cs-s/APNQkAGm6Y3RKpR-xhxZjMGEsX2r2N0FBjG6YSwoC-Od2NBOpBMfDkuD95DZl_NgL24xlTz1399AQchGthyDDfGG5dXXylN04Icrg9_E9AXz81oKbVhyWSz3DGkzX-MKwVRqQi5hpjUt=w800-h500-k-no,"cafe, 98273, WA, US",98273,outscraper_google_maps
"Mug Shots Espresso - Mount Vernon, WA",,801 W Division St,Mount Vernon,98273,,United States of America,48.4219203,-122.3452355,,,Coffee shop,coffee shops,Coffee shop,5.0,6.0,OPERATIONAL,"{""Friday"": [""5:30AM-5PM""], ""Monday"": [""5:30AM-5PM""], ""Saturday"": [""7AM-5PM""], ""Sunday"": [""7AM-4PM""], ""Thursday"": [""5:30AM-5PM""], ""Tuesday"": [""5:30AM-5PM""], ""Wednesday"": [""5:30AM-5PM""]}",0x54856f77340b3fef:0x97ca7cb2d5f9e240,ChIJ7z8LNHdvhVQRQOL51bJ8ypc,https://search.google.com/local/reviews?placeid=ChIJ7z8LNHdvhVQRQOL51bJ8ypc&q=*&authuser=0&hl=en&gl=US,https://lh3.googleusercontent.com/gps-cs-s/APNQkAFK9c2Zt5HY9-xlv9BiiO1_7QcfxFmYs5NR_HjE_dbkIbAhOUB2gEaTQQ4PVwixkLvfocdRrdzlP3Rlz1BO-0GG5gTxxSQB_zc8lBL34C60MdHJlANiQtiSTcLCXkM4_QrTvt7pmpmWH72Z=w800-h500-k-no,"cafe, 98273, WA, US",98273,outscraper_google_maps
NoriNuts,,803 E Fir St,Mount Vernon,98273,,United States of America,48.4287531,-122.3302899,,+1 832-209-9993,Snack bar,Snack bar,Snack bar,5.0,1.0,OPERATIONAL,,0x54856d9290ae2b6b:0xb9c96f5196deca2,ChIJayuukJJthVQRouxtGfWWnAs,https://search.google.com/local/reviews?placeid=ChIJayuukJJthVQRouxtGfWWnAs&q=*&authuser=0&hl=en&gl=US,https://streetviewpixels-pa.googleapis.com/v1/thumbnail?panoid=prf8o8RRMTXTHpuR8NOOrg&cb_client=search.gws-prod.gps&w=800&h=500&yaw=359.65082&pitch=0&thumbfov=100,"restaurant, 98273, WA, US",98273,outscraper_google_maps
North Sound Brewing Co.,,17406 WA-536 A,Mount Vernon,98273,,United States of America,48.4315815,-122.3701432,,+1 360-982-2057,Brewery,Brewery,"Brewery, Beer store",4.6,158.0,OPERATIONAL,"{""Friday"": [""1-8:30PM""], ""Monday"": [""3-7:30PM""], ""Saturday"": [""12-8:30PM""], ""Sunday"": [""12-6:30PM""], ""Thursday"": [""3-7:30PM""], ""Tuesday"": [""3-7:30PM""], ""Wednesday"": [""3-7:30PM""]}",0x54856e8d99116175:0x9c0cf38c574240ec,ChIJdWERmY1uhVQR7EBCV4zzDJw,https://search.google.com/local/reviews?placeid=ChIJdWERmY1uhVQR7EBCV4zzDJw&q=*&authuser=0&hl=en&gl=US,https://lh3.googleusercontent.com/gps-cs-s/APNQkAEYScHrrd0ZC5MK6TPcfJqUTclhDv3AdaI2TxH50aXta6lyOCISlE6PzqQzUQyQLNBgIMT6cprZIMymowbdfy987TFxGTUZgBz70C9XMX6ANKlepskVjXs_9344jbmHNYv4Dl0i=w800-h500-k-no,"brewery, 98273, WA, US",98273,outscraper_google_maps
OK Market,,503 N 4th St,Mount Vernon,98273,,United States of America,48.4254019,-122.3355465,,+1 360-755-3268,Grocery store,Grocery store,Grocery store,4.5,77.0,OPERATIONAL,"{""Friday"": [""8AM-11PM""], ""Monday"": [""8AM-11PM""], ""Saturday"": [""8AM-11PM""], ""Sunday"": [""8AM-11PM""], ""Thursday"": [""8AM-11PM""], ""Tuesday"": [""8AM-11PM""], ""Wednesday"": [""8AM-11PM""]}",0x54856ea1373595e9:0x2574e02f44dde67a,ChIJ6ZU1N6FuhVQReubdRC_gdCU,https://search.google.com/local/reviews?placeid=ChIJ6ZU1N6FuhVQReubdRC_gdCU&q=*&authuser=0&hl=en&gl=US,https://lh3.googleusercontent.com/gps-cs-s/APNQkAHRTPO7C3ly2AYshX-WJqZ1smxuvA6_Xog-P1kcsJrH4AlHYX4XZw2bGnH-v83bLcO1RL-IIrXz9cN4sE9oU4mzAhc0WFUt-75D1Zafu0rgJ1cW0bRt-TpiqLlBo3lGqbt9N4o=w800-h500-k-no,"deli, 98273, WA, US",98273,outscraper_google_maps
Pacioni's Pizzeria,,606 S 1st St,Mount Vernon,98273,,United States of America,48.4184298,-122.3382103,,+1 360-336-3314,Italian restaurant,restaurants,"Italian restaurant, Dessert restaurant, Family restaurant, Pasta shop, Pizza delivery, Pizza restaurant, Pizza Takeout, Salad shop, Sandwich shop, Vegetarian restaurant",4.2,644.0,OPERATIONAL,"{""Friday"": [""11AM-9PM""], ""Monday"": [""11AM-9PM""], ""Saturday"": [""11AM-9PM""], ""Sunday"": [""12-8PM""], ""Thursday"": [""11AM-9PM""], ""Tuesday"": [""11AM-9PM""], ""Wednesday"": [""11AM-9PM""]}",0x54856ea557885f21:0xba3a6179afd6a927,ChIJIV-IV6VuhVQRJ6nWr3lhOro,https://search.google.com/local/reviews?placeid=ChIJIV-IV6VuhVQRJ6nWr3lhOro&q=*&authuser=0&hl=en&gl=US,https://lh3.googleusercontent.com/gps-cs-s/APNQkAFZBNqwGcj-iKGB6vn9e9W_c3QQod4PzNPTpMpXtxhci4wc22whqmyo66kctZYrkrmtM9BU8FGTBs7-c-VQC1LUZ_lCJYZqP1NXZ2u8rZ5auAmIHsIZ_E9HOS44jQ0Erb-F7cD7=w800-h500-k-no,"restaurant, 98273, WA, US",98273,outscraper_google_maps
Panda Express,,2293 Freeway Dr,Mount Vernon,98273,,United States of America,48.439679,-122.3437624,,+1 360-848-5255,Chinese restaurant,restaurants,"Chinese restaurant, Asian restaurant, Caterer, Chinese noodle restaurant, Chinese takeaway, Delivery Chinese restaurant, Fast food restaurant, Takeout Restaurant, Restaurant, Wok restaurant",3.5,892.0,OPERATIONAL,"{""Friday"": [""10AM-11PM""], ""Monday"": [""10AM-10:30PM""], ""Saturday"": [""10AM-11PM""], ""Sunday"": [""10AM-10:30PM""], ""Thursday"": [""10AM-10:30PM""], ""Tuesday"": [""10AM-10:30PM""], ""Wednesday"": [""10AM-10:30PM""]}",0x54856c28e3dc6883:0x7256e60985e09ccc,ChIJg2jc4yhshVQRzJzghQnmVnI,https://search.google.com/local/reviews?placeid=ChIJg2jc4yhshVQRzJzghQnmVnI&q=*&authuser=0&hl=en&gl=US,https://lh3.googleusercontent.com/gps-cs-s/APNQkAEPquMut9FM7VGBNJZCh6-JTPpGDKT__8gn0gyyMkc8EwaaKT5VK1OHIQcqDvWR5v5lqmbjoS6WSvdqqOlNVzEvjtP0zXxn2okFBD3wfhxSRWuwmslDFuKzDiqdSGvlkhDx94pX=w800-h500-k-no,"chinese restaurant, 98273, WA, US",98273,outscraper_google_maps
Papa Murphy's | Take 'N' Bake Pizza,,1320 E College Way,Mount Vernon,98273,,United States of America,48.4354935,-122.3244509,,+1 360-848-0134,Pizza restaurant,restaurants,"Pizza restaurant, Family restaurant, Italian restaurant, Takeout Restaurant, Vegetarian restaurant",4.5,608.0,OPERATIONAL,"{""Friday"": [""11AM-8PM""], ""Monday"": [""11AM-8PM""], ""Saturday"": [""11AM-8PM""], ""Sunday"": [""11AM-8PM""], ""Thursday"": [""11AM-8PM""], ""Tuesday"": [""11AM-8PM""], ""Wednesday"": [""11AM-8PM""]}",0x54856c22c0fc7661:0xfb1a1c15e8eb549e,ChIJYXb8wCJshVQRnlTr6BUcGvs,https://search.google.com/local/reviews?placeid=ChIJYXb8wCJshVQRnlTr6BUcGvs&q=*&authuser=0&hl=en&gl=US,https://lh3.googleusercontent.com/gps-cs-s/APNQkAFbufyluLFZUSB1Vc-4wTolF-I8x7yr0zfRXfkjRGF4pV3tHRsoS7jrXnTbQ90iNXqMtF8wJDSoerxiJgf6TVA9avz224GnYWOCu_nAMedulr9NYcBYLDOesqmkwctJ7R2VFrs8=w800-h500-k-no,"restaurant, 98273, WA, US",98273,outscraper_google_maps
Pardon My Cheesesteak,,2001 Freeway Dr,Mount Vernon,98273,,United States of America,48.4386632,-122.3436202,,+1 888-444-0934,Cheesesteak restaurant,Cheesesteak restaurant,"Cheesesteak restaurant, Delivery service",2.2,6.0,OPERATIONAL,"{""Friday"": [""11AM-10PM""], ""Monday"": [""11AM-10PM""], ""Saturday"": [""11AM-10PM""], ""Sunday"": [""11AM-10PM""], ""Thursday"": [""11AM-10PM""], ""Tuesday"": [""11AM-10PM""], ""Wednesday"": [""11AM-10PM""]}",0x54856d7971adfedd:0x96a32eaa6be8a060,ChIJ3f6tcXlthVQRYKDoa6ouo5Y,https://search.google.com/local/reviews?placeid=ChIJ3f6tcXlthVQRYKDoa6ouo5Y&q=*&authuser=0&hl=en&gl=US,https://lh3.googleusercontent.com/gps-cs-s/APNQkAEP3DVc2cg3dhGBAeMXRF5-AhDuoyn7pLVLuEUspjylCHZJHz7RbTnlUtLZ4x1T-hzsFYk2c-jL51NbEpMPpgASfDvsPa8eBa7hzIwkUAyf-ChZhGxpOVgPTyo-V5EhyKI3dQWPhQ=w800-h500-k-no,"restaurant, 98273, WA, US",98273,outscraper_google_maps
Pizza Hut,,1710 Riverside Dr,Mount Vernon,98273,,United States of America,48.4363288,-122.3347579,,+1 360-424-7020,Pizza restaurant,Pizza delivery,"Pizza restaurant, Chicken wings restaurant, Pizza delivery, Pizza Takeout",3.7,317.0,OPERATIONAL,"{""Friday"": [""10:30AM-11PM""], ""Monday"": [""10:30AM-11PM""], ""Saturday"": [""10:30AM-11PM""], ""Sunday"": [""10:30AM-11PM""], ""Thursday"": [""10:30AM-11PM""], ""Tuesday"": [""10:30AM-11PM""], ""Wednesday"": [""10:30AM-11PM""]}",0x54856c2135987e1b:0x62bdb156d1d0679d,ChIJG36YNSFshVQRnWfQ0VaxvWI,https://search.google.com/local/reviews?placeid=ChIJG36YNSFshVQRnWfQ0VaxvWI&q=*&authuser=0&hl=en&gl=US,https://lh3.googleusercontent.com/gps-cs-s/APNQkAGMzRX5e0uZp6ZrPV3mBO1bBZE9CB8uSQLEw5bmQ8oSOyYLUT19ZhMgmDkWkvI66yLLQo26jtiTu3db44O_oPgfQiYSj8LXst-szuTUyRCRsiO8uCWnG8azFefA4CzI1MZpWJk=w800-h500-k-no,"pizza restaurant, 98273, WA, US",98273,outscraper_google_maps
Pyung Chang Korean BBQ,,521 S 2nd St,Mount Vernon,98273,,United States of America,48.4186786,-122.3372593,,+1 360-450-3333,Korean restaurant,restaurants,"Korean restaurant, Asian restaurant, Barbecue restaurant, Korean barbecue restaurant, Takeout Restaurant, Restaurant",4.4,497.0,OPERATIONAL,"{""Friday"": [""11AM-9PM""], ""Monday"": [""Closed""], ""Saturday"": [""11AM-9PM""], ""Sunday"": [""11AM-9PM""], ""Thursday"": [""11AM-9PM""], ""Tuesday"": [""11AM-9PM""], ""Wednesday"": [""11AM-9PM""]}",0x54856f3f26a22679:0xc52d72d1e4ad5469,ChIJeSaiJj9vhVQRaVSt5NFyLcU,https://search.google.com/local/reviews?placeid=ChIJeSaiJj9vhVQRaVSt5NFyLcU&q=*&authuser=0&hl=en&gl=US,https://lh3.googleusercontent.com/gps-cs-s/APNQkAGnheZYhBcFLEmBQzFeUN2DJC-LJjNjVB9f63Ftt3G0Ouguxsjt4mqTE4szmo7qoH75CITwPJCIKEvmKEitssOJeNzAaTO5afWKXbfEmsuPBPh1DCZkSN0aEGYL6izGX69SK_s2Gw=w800-h500-k-no,"restaurant, 98273, WA, US",98273,outscraper_google_maps
Rachawadee Thai Cafe,,410 W Gates St,Mount Vernon,98273,,United States of America,48.4194915,-122.3384293,,+1 360-336-6699,Thai restaurant,restaurants,"Thai restaurant, Asian restaurant, Southeast Asian restaurant",4.8,882.0,OPERATIONAL,"{""Friday"": [""11AM-3PM"", ""5-8PM""], ""Monday"": [""Closed""], ""Saturday"": [""12-5PM""], ""Sunday"": [""Closed""], ""Thursday"": [""11AM-3PM"", ""5-8PM""], ""Tuesday"": [""11AM-3PM"", ""5-8PM""], ""Wednesday"": [""11AM-3PM"", ""5-8PM""]}",0x54856ea541f6caef:0xa7c3cd31b1c5e0e,ChIJ78r2QaVuhVQRDl4cG9M8fAo,https://search.google.com/local/reviews?placeid=ChIJ78r2QaVuhVQRDl4cG9M8fAo&q=*&authuser=0&hl=en&gl=US,https://lh3.googleusercontent.com/gps-cs-s/APNQkAEshXIdvf2n5vGif0DEkTVwDdIwEeDSjEsT0GpXnx_x18W38jx6dQexr2R6f8qnvzKOiNjPVpMK6yKWOSiQ5bEOTbahfSeTo36u42n6A4GAeaWHHKMpXECzP07t0cKmDzDQfp6r=w800-h500-k-no,"restaurant, 98273, WA, US",98273,outscraper_google_maps
Revival Lounge,,306 A Pine St,Mount Vernon,98273,,United States of America,48.4179587,-122.3380536,,,Cocktail bar,bars,Cocktail bar,4.7,247.0,OPERATIONAL,"{""Friday"": [""4PM-12AM""], ""Monday"": [""4PM-12AM""], ""Saturday"": [""4PM-12AM""], ""Sunday"": [""4-10PM""], ""Thursday"": [""4PM-12AM""], ""Tuesday"": [""4PM-12AM""], ""Wednesday"": [""4PM-12AM""]}",0x54856fe2129bdd3d:0xa55765699b5ab5f4,ChIJPd2bEuJvhVQR9LVam2llV6U,https://search.google.com/local/reviews?placeid=ChIJPd2bEuJvhVQR9LVam2llV6U&q=*&authuser=0&hl=en&gl=US,https://lh3.googleusercontent.com/gps-cs-s/APNQkAEfnLPnV7oaGPDUF8xVTpHQPhhcLOsRYHvwg1RCqc5yTJ6aoL_5mRUSOYYlhFh1f6pZVPmnafnieKiuy05lVi64t7Wwa-huWNi268qH6CjrJPc3TTx_qn0dMUTaouUyS3uxjX8=w800-h500-k-no,"restaurant, 98273, WA, US",98273,outscraper_google_maps
Ristretto Coffee Lounge & Wine Bar,,416 S 1st St,Mount Vernon,98273,,United States of America,48.4196416,-122.3375125,,+1 360-336-0951,Restaurant,coffee shops,"Restaurant, Bistro, Cafe, Coffee shop, Wine bar",4.6,533.0,OPERATIONAL,"{""Friday"": [""7AM-6PM""], ""Monday"": [""7AM-6PM""], ""Saturday"": [""8AM-6PM""], ""Sunday"": [""9AM-4PM""], ""Thursday"": [""7AM-6PM""], ""Tuesday"": [""7AM-6PM""], ""Wednesday"": [""7AM-6PM""]}",0x54856ea56e82385d:0xc26c488fe16762b7,ChIJXTiCbqVuhVQRt2Jn4Y9IbMI,https://search.google.com/local/reviews?placeid=ChIJXTiCbqVuhVQRt2Jn4Y9IbMI&q=*&authuser=0&hl=en&gl=US,https://lh3.googleusercontent.com/gps-cs-s/APNQkAF1T3XJzbqBWH0K_eee616yL8aGAges_k1jIpk47U9Yh1O7pyMSQUjqN8UG7a8VM8FN3vsdQ-MiLDaBUnRWOyLPgFhMD3fE3s7z4_RLypf3OyvPf_fmq8moxiHebAmh6WOGeZmd=w800-h500-k-no,"restaurant, 98273, WA, US",98273,outscraper_google_maps
Riverside Cafe,,2000 Riverside Dr,Mount Vernon,98273,,United States of America,48.4383397,-122.3347164,,+1 360-424-6060,American restaurant,restaurants,"American restaurant, Cafe, Restaurant",4.1,475.0,OPERATIONAL,"{""Friday"": [""7AM-3PM""], ""Monday"": [""8AM-3PM""], ""Saturday"": [""7AM-3PM""], ""Sunday"": [""7AM-3PM""], ""Thursday"": [""8AM-3PM""], ""Tuesday"": [""8AM-3PM""], ""Wednesday"": [""8AM-3PM""]}",0x54856c243ac0f29d:0x14b8026abe9df1c3,ChIJnfLAOiRshVQRw_GdvmoCuBQ,https://search.google.com/local/reviews?placeid=ChIJnfLAOiRshVQRw_GdvmoCuBQ&q=*&authuser=0&hl=en&gl=US,https://lh3.googleusercontent.com/gps-cs-s/APNQkAFQA-15UsqGUENzJzcBY2iH3pgSGzzPhCUZSSNsfHnfqKH3EEisGARUK-pDjr75IsqcH6mXfWyotiCfe21RrA5yxZVcI6tiV4b3fT_dmPkrVptO_trZzWm9eIl7Ag4iOZwIqvhL6Q=w800-h500-k-no,"restaurant, 98273, WA, US",98273,outscraper_google_maps
Roozengarden Food Stall,,15867 Beaver Marsh Rd,Mount Vernon,98273,,United States of America,48.4150465,-122.3992858,,,American restaurant,restaurants,American restaurant,,,OPERATIONAL,,0x54856f00153abb5d:0x542a26178f8ed8cc,ChIJXbs6FQBvhVQRzNiOjxcmKlQ,,https://lh3.googleusercontent.com/gps-cs-s/APNQkAFVNTA1oh1JxewPPz3WKEPw5WFkOxPadMHFLhvdjUeGWzJdqMPePmsVy_IX4s3UWwgqRuml7RcNY8Ux7l3jCuuh28r_ymP7It5z1uPOw2dB_KwCjLzcUmkLcn7hPZzUtAHFRyBaXfz3yIyX=w800-h500-k-no,"restaurant, 98273, WA, US",98273,outscraper_google_maps
Round Table Pizza,,115 E College Way,Mount Vernon,98273,,United States of America,48.4364085,-122.3395822,,+1 360-424-7979,Pizza restaurant,restaurants,"Pizza restaurant, Buffet restaurant, Caterer, Italian restaurant, Pizza delivery, Pizza Takeout",4.0,466.0,OPERATIONAL,"{""Friday"": [""10AM-10PM""], ""Monday"": [""10AM-9PM""], ""Saturday"": [""10AM-10PM""], ""Sunday"": [""10AM-9PM""], ""Thursday"": [""10AM-9PM""], ""Tuesday"": [""10AM-9PM""], ""Wednesday"": [""10AM-9PM""]}",0x54856c273c21e671:0xe0c603cc0a6867cc,ChIJceYhPCdshVQRzGdoCswDxuA,https://search.google.com/local/reviews?placeid=ChIJceYhPCdshVQRzGdoCswDxuA&q=*&authuser=0&hl=en&gl=US,https://lh3.googleusercontent.com/gps-cs-s/APNQkAG6QFKKezELNrllW0ohgrkbm06C94R9U6NF6WZOiuUoMtYPmRi2IRgKTG0dskYnoZSF-zYDahgMHfWQMbMXarL6s7CEA7ccBNKUPTMVdN2Brx5dcexYK-5ckRzFjIAz1tOBsMiG=w800-h500-k-no,"restaurant, 98273, WA, US",98273,outscraper_google_maps
Royal Star Buffet,,2300 Freeway Dr,Mount Vernon,98273,,United States of America,48.440907,-122.342078,,+1 360-424-5388,Buffet restaurant,restaurants,"Buffet restaurant, Chinese restaurant, Restaurant",4.1,1473.0,OPERATIONAL,"{""Friday"": [""10:30AM-9PM""], ""Monday"": [""10:30AM-9PM""], ""Saturday"": [""10:30AM-9PM""], ""Sunday"": [""10:30AM-9PM""], ""Thursday"": [""10:30AM-9PM""], ""Tuesday"": [""Closed""], ""Wednesday"": [""10:30AM-9PM""]}",0x54856c28ecc5ff83:0x930d1fe73b653905,ChIJg__F7ChshVQRBTllO-cfDZM,https://search.google.com/local/reviews?placeid=ChIJg__F7ChshVQRBTllO-cfDZM&q=*&authuser=0&hl=en&gl=US,https://lh3.googleusercontent.com/gps-cs-s/APNQkAGuR0rMWCPL3GDJHDyPLAwU4iUzgVBfNRVuZNhWttEPDcLn6SHJiFEs--yCsJlDAXTE7W7zSpbyzvt1l8nP4_2LKzA5YsnFFNufdQpYVNj0bvfEIDpupAUnNMDMP_gGkfA8PoaFhQ=w800-h500-k-no,"restaurant, 98273, WA, US",98273,outscraper_google_maps
SVC Bakery,,2405 E College Way,Mount Vernon,98273,,United States of America,48.4370314,-122.3096377,,,Bakery,Bakery,Bakery,4.3,3.0,OPERATIONAL,"{""Friday"": [""Closed""], ""Monday"": [""Closed""], ""Saturday"": [""Closed""], ""Sunday"": [""Closed""], ""Thursday"": [""8AM-1PM""], ""Tuesday"": [""8AM-1PM""], ""Wednesday"": [""8AM-1PM""]}",0x54856d687e2d2b4b:0x726084134fd8a72f,ChIJSystfmhthVQRL6fYTxOEYHI,https://search.google.com/local/reviews?placeid=ChIJSystfmhthVQRL6fYTxOEYHI&q=*&authuser=0&hl=en&gl=US,https://lh3.googleusercontent.com/gps-cs-s/APNQkAG49zqud_Zh-ykTi8pw4bwPdUJa7vTjhPUVE7CW4i-26uAiIVwEX26gJd8DXcjogvTHhHo0mLvaq32NcoZx7KfN41OgLCJcutyj4PyNTeFMslCQMJnq9dkFVjE18y9UXqcvB1h6Pw=w800-h500-k-no,"bakery, 98273, WA, US",98273,outscraper_google_maps
Safeway,,315 E College Way,Mount Vernon,98273,,United States of America,48.4375184,-122.3371547,,+1 360-424-8160,Bakery,Grocery store,"Bakery, Grocery store, Butcher shop, Deli, E-commerce service, Florist, Grocery delivery service, Organic food store, Produce market, Supermarket",4.1,2765.0,OPERATIONAL,"{""Friday"": [""5AM-1AM""], ""Monday"": [""5AM-1AM""], ""Saturday"": [""5AM-1AM""], ""Sunday"": [""5AM-1AM""], ""Thursday"": [""5AM-1AM""], ""Tuesday"": [""5AM-1AM""], ""Wednesday"": [""5AM-1AM""]}",0x54856c2727f6d6a7:0x4a897e97445fe023,ChIJp9b2JydshVQRI-BfRJd-iUo,https://search.google.com/local/reviews?placeid=ChIJp9b2JydshVQRI-BfRJd-iUo&q=*&authuser=0&hl=en&gl=US,https://lh3.googleusercontent.com/gps-cs-s/APNQkAHkkZZvHFMlaGd5Ao8ByuTTgGnqZPYF2rqSkRnlx-pY_AKRCaFSEuFrohy6Vf-DJJN_DUgX_iyO4EUvJf3QHlv6wNzEAOvq2V5H26piamchJQHwOjW8Xbya1CWl7KXOhjv_rdsd=w800-h500-k-no,"bakery, 98273, WA, US",98273,outscraper_google_maps
Safeway Bakery,,315 E College Way,Mount Vernon,98273,,United States of America,48.4376937,-122.3371446,,+1 360-424-8160,Bakery,Bakery,Bakery,5.0,2.0,OPERATIONAL,"{""Friday"": [""5AM-1AM""], ""Monday"": [""5AM-1AM""], ""Saturday"": [""5AM-1AM""], ""Sunday"": [""5AM-1AM""], ""Thursday"": [""5AM-1AM""], ""Tuesday"": [""5AM-1AM""], ""Wednesday"": [""5AM-1AM""]}",0x54856c268d000001:0xa83fa660842be95d,ChIJAQAAjSZshVQRXekrhGCmP6g,https://search.google.com/local/reviews?placeid=ChIJAQAAjSZshVQRXekrhGCmP6g&q=*&authuser=0&hl=en&gl=US,https://lh3.googleusercontent.com/gps-cs-s/APNQkAHkJD2LbyFdx6EYirRmhKpnf7iHNoS8FXHyEii5ULS_owIzVU2mK6lLKo5ysdtx0tWgy1ZCGsTxAzx_x1jKigpB1hVXyzCdWRWLW6WjodUyPgX6zLWQSfdxZ46CHonbLBeLJZc=w800-h500-k-no,"bakery, 98273, WA, US",98273,outscraper_google_maps
Safeway Deli,,1818 Market St,Mount Vernon,98273,,United States of America,48.4375138,-122.3371015,,,Deli,Deli,Deli,,,OPERATIONAL,,0x54856d0041319a05:0xe0419e92724e9666,ChIJBZoxQQBthVQRZpZOcpKeQeA,,https://streetviewpixels-pa.googleapis.com/v1/thumbnail?panoid=dtan-3rPU3a0I62ACcv8Uw&cb_client=search.gws-prod.gps&w=800&h=500&yaw=36.199272&pitch=0&thumbfov=100,"deli, 98273, WA, US",98273,outscraper_google_maps
Santa Gula Mexican Food,,17768 WA-536,Mount Vernon,98273,,United States of America,48.4275023,-122.3624478,,+1 360-399-7874,Mexican restaurant,restaurants,Mexican restaurant,4.6,11.0,OPERATIONAL,"{""Friday"": [""9AM-8PM""], ""Monday"": [""9AM-8PM""], ""Saturday"": [""9AM-8PM""], ""Sunday"": [""9AM-2PM""], ""Thursday"": [""9AM-8PM""], ""Tuesday"": [""9AM-8PM""], ""Wednesday"": [""9AM-8PM""]}",0x54856f00754eba17:0x230cca05443b57ed,ChIJF7pOdQBvhVQR7Vc7RAXKDCM,https://search.google.com/local/reviews?placeid=ChIJF7pOdQBvhVQR7Vc7RAXKDCM&q=*&authuser=0&hl=en&gl=US,https://lh3.googleusercontent.com/gps-cs-s/APNQkAHIkkgAmX-P9Sb4BgkTaQ71si_1H4FAwRql1dDS8_Gc-QDeDaHxF0UhOQefGV4SbLAnY6hXVtzFEYzaBJBWyCkmOu-iFRrbdMxXbQmGbjAYaJaZxDTsB9BFQEjmMD1EYPakRqYl4R4CBQ6g=w800-h500-k-no,"restaurant, 98273, WA, US",98273,outscraper_google_maps
Schuh Farms,,15565 WA-536,Mount Vernon,98273,,United States of America,48.443442,-122.409492,,+1 360-424-6982,Farmers' market,Farmers' market,"Farmers' market, Bakery, Espresso bar, Fresh food market, Ice cream shop",4.7,899.0,OPERATIONAL,"{""Friday"": [""9AM-6PM""], ""Monday"": [""9AM-6PM""], ""Saturday"": [""9AM-6PM""], ""Sunday"": [""9AM-6PM""], ""Thursday"": [""9AM-6PM""], ""Tuesday"": [""9AM-6PM""], ""Wednesday"": [""9AM-6PM""]}",0x54856e4585bd38c5:0xd18cfb275c28bad4,ChIJxTi9hUVuhVQR1LooXCf7jNE,https://search.google.com/local/reviews?placeid=ChIJxTi9hUVuhVQR1LooXCf7jNE&q=*&authuser=0&hl=en&gl=US,https://lh3.googleusercontent.com/gps-cs-s/APNQkAHs61xQ9hOScKLKQjHinH3CQ7a9vILPmX_Qp-6BNlgsGtjEr6QzB563fJq2gOJuAxOPbGSVZhms_GgPQs867pkv8UiiEnnt7u9rUU1xYEZW5c8qM9ElRPex8674Q6zXUjB1HQ85yRXeWGVK=w800-h500-k-no,"restaurant, 98273, WA, US",98273,outscraper_google_maps
Shawn O'Donnell's at the Farmhouse,,13724 Laconner Whitney Rd,Mount Vernon,98273,,United States of America,48.4472278,-122.4724999,,+1 360-466-4411,Restaurant,restaurants,"Restaurant, Banquet hall, Breakfast restaurant, Family restaurant, Irish pub, Irish restaurant",4.3,3047.0,OPERATIONAL,"{""Friday"": [""7AM-10PM""], ""Monday"": [""7AM-9PM""], ""Saturday"": [""7AM-10PM""], ""Sunday"": [""7AM-9PM""], ""Thursday"": [""7AM-9PM""], ""Tuesday"": [""7AM-9PM""], ""Wednesday"": [""7AM-9PM""]}",0x54856fdd90e34fa3:0x76b1d4b32d164f86,ChIJo0_jkN1vhVQRhk8WLbPUsXY,https://search.google.com/local/reviews?placeid=ChIJo0_jkN1vhVQRhk8WLbPUsXY&q=*&authuser=0&hl=en&gl=US,https://lh3.googleusercontent.com/gps-cs-s/APNQkAF3rFrMRjkfCNZ-KREDXZbZRe4rN7E76axO98J8qT6EiH90ohvqoPfoF_bJbjaFDJXg9Cpg9hfVkoHEqc_Z_Dy-i1Rr5nYDrKA24C6pgHC7ydcQegZO1mKXh6dPy8VUOUA61L8Z2w=w800-h500-k-no,"bar, 98273, WA, US",98273,outscraper_google_maps
Skagit Brewery,,404 S 3rd St,Mount Vernon,98273,,United States of America,48.41927,-122.3355,,+1 360-336-2884,Brewpub,restaurants,Brewpub,4.0,937.0,OPERATIONAL,"{""Friday"": [""11AM-10PM""], ""Monday"": [""11AM-9PM""], ""Saturday"": [""11AM-10PM""], ""Sunday"": [""11AM-9PM""], ""Thursday"": [""11AM-10PM""], ""Tuesday"": [""11AM-9PM""], ""Wednesday"": [""11AM-9PM""]}",0x54856ea580694d5b:0x88567100307bfec8,ChIJW01pgKVuhVQRyP57MABxVog,https://search.google.com/local/reviews?placeid=ChIJW01pgKVuhVQRyP57MABxVog&q=*&authuser=0&hl=en&gl=US,https://lh3.googleusercontent.com/gps-cs-s/APNQkAEAzxgudUI3hAD42l84NTcXcNlbJ8DL5cqM-dw4cYF7JmEhCyKAwVylQiWb6lkeobCsGeDDu9vcBSueS7jgxuaaUaz1_LpUixbqhwG39SFCp3kWrnNR9phoxZVpeOajNiC3RB1C=w800-h500-k-no,"restaurant, 98273, WA, US",98273,outscraper_google_maps
Skagit Valley Food Co-op,,"The Co-op Building, 202 S 1st St",Mount Vernon,98273,,United States of America,48.4209653,-122.336511,,+1 360-336-9777,Grocery store,Grocery store,"Grocery store, Beer store, Deli, Espresso bar, Gift shop, Natural goods store, Wine store",4.7,3314.0,OPERATIONAL,"{""Friday"": [""7AM-9PM""], ""Monday"": [""7AM-9PM""], ""Saturday"": [""7AM-9PM""], ""Sunday"": [""7AM-9PM""], ""Thursday"": [""7AM-9PM""], ""Tuesday"": [""7AM-9PM""], ""Wednesday"": [""7AM-9PM""]}",0x54856ea5a4ab9d05:0xd88b513fc8fe330b,ChIJBZ2rpKVuhVQRCzP-yD9Ri9g,https://search.google.com/local/reviews?placeid=ChIJBZ2rpKVuhVQRCzP-yD9Ri9g&q=*&authuser=0&hl=en&gl=US,https://lh3.googleusercontent.com/gps-cs-s/APNQkAGN5RIIqOeOXlNT-zoDI5Xo_RnH_JdSP3SrD6KiFfOr7DcjtVKdwQWp67Lhs08GmYPFWTuM919tSUYTMPzNexZs9QRSmPnLv5Ycgl15b-Gjk4HauM31wJEfw-GU3aAeO6mpHBU=w800-h500-k-no,"restaurant, 98273, WA, US",98273,outscraper_google_maps
Skagit Valley Larder,,513 S 1st St,Mount Vernon,98273,,United States of America,48.4190971,-122.3382883,,+1 360-982-2010,Restaurant,Wine store,"Restaurant, Wine store",5.0,27.0,OPERATIONAL,"{""Friday"": [""12-8PM""], ""Monday"": [""12-4PM""], ""Saturday"": [""12-8PM""], ""Sunday"": [""12-4PM""], ""Thursday"": [""12-6PM""], ""Tuesday"": [""12-6PM""], ""Wednesday"": [""12-6PM""]}",0x54856f8f61713311:0x783625be1ae236b9,ChIJETNxYY9vhVQRuTbiGr4lNng,https://search.google.com/local/reviews?placeid=ChIJETNxYY9vhVQRuTbiGr4lNng&q=*&authuser=0&hl=en&gl=US,https://lh3.googleusercontent.com/gps-cs-s/APNQkAESsffPV0rhFZwVTwwAp7cx9aqUuXZ8WL3M2TcgL6CNDOG1xz4K_GmWLlUv9LoG4M3GogRKjEq3djXZepTEbZ7dDuIhg9kRxb8exLqErqrX6WENyz45QBo9sfEpz9Pr0SuzKJc-=w800-h500-k-no,"restaurant, 98273, WA, US",98273,outscraper_google_maps
Snow Goose Produce,,15170 Fir Island Rd,Mount Vernon,98273,,United States of America,48.3542633,-122.4228592,,+1 360-445-6908,Fresh food market,Fresh food market,"Fresh food market, Ice cream shop",4.7,2032.0,OPERATIONAL,"{""Friday"": [""8:30AM-6PM""], ""Monday"": [""8:30AM-6PM""], ""Saturday"": [""8:30AM-6:30PM""], ""Sunday"": [""8:30AM-6:30PM""], ""Thursday"": [""8:30AM-6PM""], ""Tuesday"": [""8:30AM-6PM""], ""Wednesday"": [""8:30AM-6PM""]}",0x5485664a4f1f971b:0x5dce009c1000a077,ChIJG5cfT0pmhVQRd6AAEJwAzl0,https://search.google.com/local/reviews?placeid=ChIJG5cfT0pmhVQRd6AAEJwAzl0&q=*&authuser=0&hl=en&gl=US,https://lh3.googleusercontent.com/gps-cs-s/APNQkAHYHEDHE4HDOxFOqxRNTcxzcLkjFH-9jVcTOQrnW3lfyvv-zvqbcS9c1qmIxXOOwN5hDJdYguin7VkD2T9SObrRAOdvVIqP3nlObpapENI8pWmv_XOYNSVcMIBclojorgTT3CUd=w800-h500-k-no,"restaurant, 98273, WA, US",98273,outscraper_google_maps
Starbucks,,315 E College Way,Mount Vernon,98273,,United States of America,48.4376937,-122.3371446,,+1 360-424-8160,Coffee shop,coffee shops,Coffee shop,,,OPERATIONAL,,0x54856c268d000001:0x49574170f06975c6,ChIJAQAAjSZshVQRxnVp8HBBV0k,,https://streetviewpixels-pa.googleapis.com/v1/thumbnail?panoid=dtan-3rPU3a0I62ACcv8Uw&cb_client=search.gws-prod.gps&w=800&h=500&yaw=21.341682&pitch=0&thumbfov=100,"cafe, 98273, WA, US",98273,outscraper_google_maps
Starbucks Coffee Company,,329 E College Way,Mount Vernon,98273,,United States of America,48.43606,-122.33567,,+1 360-424-4473,Coffee shop,coffee shops,"Coffee shop, Breakfast restaurant, Cafe, Coffee store, Espresso bar, Internet cafe",4.2,653.0,OPERATIONAL,"{""Friday"": [""5AM-8PM""], ""Monday"": [""5AM-8PM""], ""Saturday"": [""5AM-8PM""], ""Sunday"": [""5AM-8PM""], ""Thursday"": [""5AM-8PM""], ""Tuesday"": [""5AM-8PM""], ""Wednesday"": [""5AM-8PM""]}",0x54856c26edb897a7:0xdafd8dbdbcfda85d,ChIJp5e47SZshVQRXaj9vL2N_do,https://search.google.com/local/reviews?placeid=ChIJp5e47SZshVQRXaj9vL2N_do&q=*&authuser=0&hl=en&gl=US,https://lh3.googleusercontent.com/gps-cs-s/APNQkAE7BJM8p5Jt7VOu8Et2Rm4HV72RLKRUFVHdzSps0ShVCvjZV1-2kfI-LOw_6UEOSICoTU-6CNLKg9UmpOSABRjW4ECT-GeHKACXZDuSR78cXnjVPSI8zaAqhtp0lXuyHkDYSqyx=w800-h500-k-no,"cafe, 98273, WA, US",98273,outscraper_google_maps
Starbucks Coffee Company,,315 E College Way,Mount Vernon,98273,,United States of America,48.43731,-122.3374099,,+1 360-424-8160,Coffee shop,coffee shops,"Coffee shop, Cafe, Coffee store, Espresso bar",4.0,185.0,OPERATIONAL,"{""Friday"": [""6AM-6PM""], ""Monday"": [""6AM-6PM""], ""Saturday"": [""6AM-6PM""], ""Sunday"": [""6AM-6PM""], ""Thursday"": [""6AM-6PM""], ""Tuesday"": [""6AM-6PM""], ""Wednesday"": [""6AM-6PM""]}",0x54856c2723573213:0x27b2186d7a335065,ChIJEzJXIydshVQRZVAzem0Ysic,https://search.google.com/local/reviews?placeid=ChIJEzJXIydshVQRZVAzem0Ysic&q=*&authuser=0&hl=en&gl=US,https://lh3.googleusercontent.com/gps-cs-s/APNQkAEbX3QQF9hLqZ80Zk9eGnG5BVEAEImydfOz4TQZE2-1lSL2chgCqAcof0wjF55PXImw2C1ICx6wwO3tJ_Q_MQh45GmdPQRCHeKMn9bBY_-gT2xlCdVOSDJb0ntJu2vyOLU58WCE=w800-h500-k-no,"cafe, 98273, WA, US",98273,outscraper_google_maps
Super Duper Foods 3,,18729 Fir Island Rd,Mount Vernon,98273,,United States of America,48.3414633,-122.341159,,,Dessert shop,Dessert shop,Dessert shop,3.9,8.0,OPERATIONAL,,0x5485686ae8e18b53:0xdca1be2122250999,ChIJU4vh6GpohVQRmQklIiG-odw,https://search.google.com/local/reviews?placeid=ChIJU4vh6GpohVQRmQklIiG-odw&q=*&authuser=0&hl=en&gl=US,https://lh3.googleusercontent.com/gps-cs-s/APNQkAGDD4lmyB7tLA-pKJ5LULXqxZ__DARXR59kS7uBVbl5FJjc1mASkTGU0ErCg9nfx1_KHXbORBEs2icjs5jSxvtucQUPUDrXcW5cLxo6OgbVHKDwctruvhRFB_ZOm2uHqagG1P2x=w800-h500-k-no,"bakery, 98273, WA, US",98273,outscraper_google_maps
Taco Bell,,217 E College Way,Mount Vernon,98273,,United States of America,48.4361981,-122.3381723,,+1 360-428-6090,Fast food restaurant,restaurants,"Fast food restaurant, Burrito restaurant, Mexican restaurant, Taco restaurant",4.0,1424.0,OPERATIONAL,"{""Friday"": [""7AM-4AM""], ""Monday"": [""7AM-4AM""], ""Saturday"": [""7AM-4AM""], ""Sunday"": [""7AM-4AM""], ""Thursday"": [""7AM-4AM""], ""Tuesday"": [""7AM-4AM""], ""Wednesday"": [""7AM-4AM""]}",0x54856c2725e2b98d:0xb64565dc8e8f006c,ChIJjbniJSdshVQRbACPjtxlRbY,https://search.google.com/local/reviews?placeid=ChIJjbniJSdshVQRbACPjtxlRbY&q=*&authuser=0&hl=en&gl=US,https://lh3.googleusercontent.com/gps-cs-s/APNQkAHSMmJWwJlkzv-QlRKj6dKNqfHMoNffJjnwX7QVyL4Mu1INTW5YVePHqNFCKAq-GHx0otpe5qNIPRAvwGXGesbzQIOVIvLvj4drgL2qphytbPL05qapkXsv0-_hKxC-dJ8Z6lh-Dg=w800-h500-k-no,"restaurant, 98273, WA, US",98273,outscraper_google_maps
Taco Time,,600 E College Way,Mount Vernon,98273,,United States of America,48.4354672,-122.3322025,,+1 360-424-3383,Mexican restaurant,restaurants,"Mexican restaurant, Fast food restaurant, Restaurant",4.2,1154.0,OPERATIONAL,"{""Friday"": [""10AM-10PM""], ""Monday"": [""10AM-10PM""], ""Saturday"": [""10AM-10PM""], ""Sunday"": [""10AM-10PM""], ""Thursday"": [""10AM-10PM""], ""Tuesday"": [""10AM-10PM""], ""Wednesday"": [""10AM-10PM""]}",0x54856c23e1005235:0xf48c2df879e640b3,ChIJNVIA4SNshVQRs0DmefgtjPQ,https://search.google.com/local/reviews?placeid=ChIJNVIA4SNshVQRs0DmefgtjPQ&q=*&authuser=0&hl=en&gl=US,https://lh3.googleusercontent.com/gps-cs-s/APNQkAHQJKV5qscnvSyVhbOHzQbXOUylLntugrx_nRfLg2dcvjMMwbziSc_L-Ys0vTlwjkneP0OR9Bx7BGZnUbb8RUdDs8vt8PEmVgbLmra0ZTHXNaslFmGP6glOLieyGb4FiWiBEQo=w800-h500-k-no,"restaurant, 98273, WA, US",98273,outscraper_google_maps
Tacos Guadalajara,,508 N 4th St,Mount Vernon,98273,,United States of America,48.425358,-122.3350025,,+1 360-391-3718,Taco restaurant,restaurants,Taco restaurant,4.5,71.0,OPERATIONAL,"{""Friday"": [""12-7:30PM""], ""Monday"": [""Closed""], ""Saturday"": [""10AM-7:30PM""], ""Sunday"": [""10AM-3PM""], ""Thursday"": [""2-7:30PM""], ""Tuesday"": [""Closed""], ""Wednesday"": [""Closed""]}",0x54856ea12e04e797:0x7343cd9a71f5606c,ChIJl-cELqFuhVQRbGD1cZrNQ3M,https://search.google.com/local/reviews?placeid=ChIJl-cELqFuhVQRbGD1cZrNQ3M&q=*&authuser=0&hl=en&gl=US,https://lh3.googleusercontent.com/gps-cs-s/APNQkAEydDXBMTNtY5MPdJLQWsiIv1zwWM_ooPK5UlwJQEvomjX7CNjkbIpceLLv89vUhC8n_uT1OjPU-AxtEttZ1ceidnz7HaWWbEcNf94RTRI5PpqiFDb0bFIH2P52gryJAsONVEjAqg=w800-h500-k-no,"restaurant, 98273, WA, US",98273,outscraper_google_maps
Tacos Tecalittlan #3,,1115 Riverside Dr,Mount Vernon,98273,,United States of America,48.4310518,-122.3361283,,+1 360-202-3005,Mexican restaurant,restaurants,Mexican restaurant,4.5,134.0,OPERATIONAL,"{""Friday"": [""11AM-8PM""], ""Monday"": [""11AM-8PM""], ""Saturday"": [""11AM-8PM""], ""Sunday"": [""11AM-8PM""], ""Thursday"": [""11AM-8PM""], ""Tuesday"": [""11AM-8PM""], ""Wednesday"": [""11AM-8PM""]}",0x54856f223904f457:0xad40eb00585131dc,ChIJV_QEOSJvhVQR3DFRWADrQK0,https://search.google.com/local/reviews?placeid=ChIJV_QEOSJvhVQR3DFRWADrQK0&q=*&authuser=0&hl=en&gl=US,https://lh3.googleusercontent.com/gps-cs-s/APNQkAHiIicwXXJY9o_HFkgbTpKNLaj36vGcaNprrG8GVKmfVIwm2-VbgH9xF1ftm5sFFxgr5ukdv3TdaxL57TNuw2Mx6-GAiLC2r9Poe4m8DvSLM-I2GbCILNpzZy5oV6BV79BdhcDV2haOiriN=w800-h500-k-no,"restaurant, 98273, WA, US",98273,outscraper_google_maps
Taqueria La Bamba,,2222 Riverside Dr # 850,Mount Vernon,98273,,United States of America,48.4412293,-122.3334255,,+1 360-424-0824,Mexican restaurant,restaurants,Mexican restaurant,4.1,702.0,OPERATIONAL,"{""Friday"": [""9:30AM-9:30PM""], ""Monday"": [""9:30AM-9PM""], ""Saturday"": [""9:30AM-9:30PM""], ""Sunday"": [""9:30AM-9:30PM""], ""Thursday"": [""9:30AM-9PM""], ""Tuesday"": [""9:30AM-9PM""], ""Wednesday"": [""9:30AM-9PM""]}",0x54856c259ccc1ae9:0xbafc556df7b726e9,ChIJ6RrMnCVshVQR6Sa3921V_Lo,https://search.google.com/local/reviews?placeid=ChIJ6RrMnCVshVQR6Sa3921V_Lo&q=*&authuser=0&hl=en&gl=US,https://lh3.googleusercontent.com/gps-cs-s/APNQkAER-Q2SSTABd5nUgNarzw-xYjTuPZnpD8zZHzMEjYg0JYOgBJErxbHiZeLbmEB_RrvT0FXDZzZvxeuRLotm1QIvUynA5-Gq6rIJImVGSD1Uw_iBrViAsSXbeWdewRWbqX04RlojiQ=w800-h500-k-no,"mexican restaurant, 98273, WA, US",98273,outscraper_google_maps
Taste of India,,420 W Gates St,Mount Vernon,98273,,United States of America,48.419522,-122.338752,,+1 360-428-2866,Indian restaurant,restaurants,Indian restaurant,4.7,790.0,OPERATIONAL,"{""Friday"": [""11AM-7PM""], ""Monday"": [""Closed""], ""Saturday"": [""11AM-7PM""], ""Sunday"": [""Closed""], ""Thursday"": [""11AM-7PM""], ""Tuesday"": [""11AM-7PM""], ""Wednesday"": [""11AM-7PM""]}",0x54856ea5603c10dd:0x109207596131d534,ChIJ3RA8YKVuhVQRNNUxYVkHkhA,https://search.google.com/local/reviews?placeid=ChIJ3RA8YKVuhVQRNNUxYVkHkhA&q=*&authuser=0&hl=en&gl=US,https://lh3.googleusercontent.com/gps-cs-s/APNQkAGKsdXg8MNvcdZNxJEVyFde8hdp30Z77siKINOqAx7oXwPgUEXKl8N1qsmmuiULRhA2_r9PG8Z3wNTNXLm6MvAi7FMpRGJYWlZD1rjc3-xyfoaVFjHE75VCy0EP9fLkZDMpcPskmA=w800-h500-k-no,"restaurant, 98273, WA, US",98273,outscraper_google_maps
Temperate Habits Brewing Company,,500 S 1st St,Mount Vernon,98273,,United States of America,48.4193332,-122.3377302,,+1 360-399-7740,Brewpub,restaurants,Brewpub,4.5,616.0,OPERATIONAL,"{""Friday"": [""12-9PM""], ""Monday"": [""12-9PM""], ""Saturday"": [""12-9PM""], ""Sunday"": [""12-9PM""], ""Thursday"": [""12-9PM""], ""Tuesday"": [""12-9PM""], ""Wednesday"": [""12-9PM""]}",0x54856f605b0f593b:0x66b0b29e1b4602d5,ChIJO1kPW2BvhVQR1QJGG56ysGY,https://search.google.com/local/reviews?placeid=ChIJO1kPW2BvhVQR1QJGG56ysGY&q=*&authuser=0&hl=en&gl=US,https://lh3.googleusercontent.com/gps-cs-s/APNQkAGO484Eq45Lo-rwl1GRFZ5Sg9atdxVXF_cGWMZ0d92JQB6yixdGKw0ZB666k2rxPtuF0c-ZgtMQbEQBLn0Ojxqx7P1YLNtai1k4b_mARuDj4tNY6Nz6q-eKE4OW6YlwEF1aC59m=w800-h500-k-no,"restaurant, 98273, WA, US",98273,outscraper_google_maps
TenderFix by Noah Schnapp,,2001 Freeway Dr,Mount Vernon,98273,,United States of America,48.4386631,-122.3436201,,+1 888-413-5074,Chicken restaurant,restaurants,"Chicken restaurant, Fast food restaurant, Vegetarian restaurant",,,OPERATIONAL,"{""Friday"": [""7AM-10PM""], ""Monday"": [""7AM-10PM""], ""Saturday"": [""7AM-10PM""], ""Sunday"": [""7AM-10PM""], ""Thursday"": [""7AM-10PM""], ""Tuesday"": [""7AM-10PM""], ""Wednesday"": [""7AM-10PM""]}",0x54856d2ce3ad128b:0xf2ac3188264da1b8,ChIJixKt4yxthVQRuKFNJogxrPI,,https://lh3.googleusercontent.com/gps-cs-s/APNQkAE97dbkKNqXuKaeW0qlRtUZW9Pcy8bV6RFL2CRvSo4q4XUh_wHvKGgFwGZv6l0nY170Uqw2sykrIeV-6ZGaB4luQ_yJS1s1pCN5WNbECgEMY_rtNbKwMe1dwMg_PrPK0iRgr0kN=w800-h500-k-no,"restaurant, 98273, WA, US",98273,outscraper_google_maps
Teriyaki Time,,3729 E College Way,Mount Vernon,98273,,United States of America,48.4358444,-122.2922501,,+1 360-982-2488,Japanese restaurant,restaurants,Japanese restaurant,4.3,308.0,OPERATIONAL,"{""Friday"": [""11AM-8PM""], ""Monday"": [""11AM-8PM""], ""Saturday"": [""12-8PM""], ""Sunday"": [""Closed""], ""Thursday"": [""11AM-8PM""], ""Tuesday"": [""11AM-8PM""], ""Wednesday"": [""11AM-8PM""]}",0x54856c6e8968d01b:0xc2b41b6c984be22e,ChIJG9BoiW5shVQRLuJLmGwbtMI,https://search.google.com/local/reviews?placeid=ChIJG9BoiW5shVQRLuJLmGwbtMI&q=*&authuser=0&hl=en&gl=US,https://lh3.googleusercontent.com/gps-cs-s/APNQkAF7q9ksFHEqqHv9HNjWNx6xfTq8EmK6DA3eI62AZhb0HQIjG4KSdBjc9ebHnFLS6P_loH7KWRvbdilMLmMVV7Lo3z9Ctp9YD0qNQKLfgYVs7KebDmPu8ZPwLW2xDVj1B1X3pRAyLg=w800-h500-k-no,"restaurant, 98273, WA, US",98273,outscraper_google_maps
Thai House Restaurant,,616 S 1st St,Mount Vernon,98273,,United States of America,48.418316,-122.3382571,,+1 360-336-2966,Thai restaurant,restaurants,"Thai restaurant, Asian restaurant, Southeast Asian restaurant",4.5,610.0,OPERATIONAL,"{""Friday"": [""11AM-3PM"", ""4-9PM""], ""Monday"": [""11AM-3PM"", ""4-9PM""], ""Saturday"": [""12-9PM""], ""Sunday"": [""12-9PM""], ""Thursday"": [""11AM-3PM"", ""4-9PM""], ""Tuesday"": [""11AM-3PM"", ""4-9PM""], ""Wednesday"": [""11AM-3PM"", ""4-9PM""]}",0x54856eaff78167b9:0x5170852954300675,ChIJuWeB969uhVQRdQYwVCmFcFE,https://search.google.com/local/reviews?placeid=ChIJuWeB969uhVQRdQYwVCmFcFE&q=*&authuser=0&hl=en&gl=US,https://lh3.googleusercontent.com/gps-cs-s/APNQkAFdmObOATXaNxvzc80ZoA6uFtxNK1ld21DJtMD7xPltklc46FK1lHgN51MkmQIN2YxlrBq_pE56rSyLV1hTQMdzBUC43IGTEjsKAARt1hmcNcJOJXMqJ-HJ0fwdzws58YT6dotJ=w800-h500-k-no,"thai restaurant, 98273, WA, US",98273,outscraper_google_maps
The Burger Den,,100 E College Way,Mount Vernon,98273,,United States of America,48.4354,-122.3393014,,+1 360-424-7500,Delivery Restaurant,Meal delivery,Delivery Restaurant,3.2,5.0,OPERATIONAL,"{""Friday"": [""Open 24 hours""], ""Monday"": [""Open 24 hours""], ""Saturday"": [""Open 24 hours""], ""Sunday"": [""Open 24 hours""], ""Thursday"": [""Open 24 hours""], ""Tuesday"": [""Open 24 hours""], ""Wednesday"": [""Open 24 hours""]}",0x54856d7df4f19ca3:0x12300e475c533459,ChIJo5zx9H1thVQRWTRTXEcOMBI,https://search.google.com/local/reviews?placeid=ChIJo5zx9H1thVQRWTRTXEcOMBI&q=*&authuser=0&hl=en&gl=US,https://lh3.googleusercontent.com/gps-cs-s/APNQkAEVIuXB6-TwNkyVlzddnBzWN-_XH3lQZHUA2HtZ3nW1Px-dFj3-SFEdhsFbLICnY5aV6o66xZjQF5MJpO6OC-82CoJxWdRx57jdAnycPuvCIZTMyWiniRW8ys7WqDHvVeLMOgc_=w800-h500-k-no,"restaurant, 98273, WA, US",98273,outscraper_google_maps
The Coffee Barn,,2222 Riverside Dr C,Mount Vernon,98273,,United States of America,48.4411161,-122.3343172,,+1 360-899-6104,Coffee stand,Coffee stand,Coffee stand,4.7,93.0,OPERATIONAL,"{""Friday"": [""6AM-3PM""], ""Monday"": [""6AM-3PM""], ""Saturday"": [""6AM-3PM""], ""Sunday"": [""Closed""], ""Thursday"": [""6AM-3PM""], ""Tuesday"": [""6AM-3PM""], ""Wednesday"": [""6AM-3PM""]}",0x54856c257799d4cd:0xcbea0f101804fba4,ChIJzdSZdyVshVQRpPsEGBAP6ss,https://search.google.com/local/reviews?placeid=ChIJzdSZdyVshVQRpPsEGBAP6ss&q=*&authuser=0&hl=en&gl=US,https://lh3.googleusercontent.com/gps-cs-s/APNQkAEl2GaxpK1w-YYAj3sZ2lntz9jwZ3K3iZbYDiBm9xqKNqwfEIkGUSEhNBCe4mv2Aw055JzdmIyOU5rMN7B9mJl64vLfgo-h3uIu_eK1zxTuJwYNtb3nzTxTZx7JsoZFlsj0pOabAA=w800-h500-k-no,"cafe, 98273, WA, US",98273,outscraper_google_maps
The Grand Willow Inn,,17926 Dunbar Rd,Mount Vernon,98273,,United States of America,48.4280662,-122.3565063,,+1 360-428-5071,Wedding venue,Wedding venue,"Wedding venue, Banquet hall, Bed & breakfast, Event venue",4.7,120.0,OPERATIONAL,,0x54856e9720583afb:0x7c3d6851f730be35,ChIJ-zpYIJduhVQRNb4w91FoPXw,https://search.google.com/local/reviews?placeid=ChIJ-zpYIJduhVQRNb4w91FoPXw&q=*&authuser=0&hl=en&gl=US,https://lh3.googleusercontent.com/gps-cs-s/APNQkAEvtkI0E4zV8ImH6kATVPS5NEwnrKFerIT2I8wbbGmnDzpHTOK9GZNzLwpjfWgO5jybBhA-H6dmhbKDc5OVHxt0-d9POO2fUFeLvfllQ2X0Ejywe4GmsnG7fidlR7fMdn2lea9sFQ=w800-h500-k-no,"restaurant, 98273, WA, US",98273,outscraper_google_maps
The Lunchbox Diner,,701 S 2nd St,Mount Vernon,98273,,United States of America,48.4178594,-122.3377632,,+1 360-336-2026,Diner,restaurants,"Diner, Breakfast restaurant, Lunch restaurant",4.7,546.0,OPERATIONAL,"{""Friday"": [""7AM-2:30PM""], ""Monday"": [""Closed""], ""Saturday"": [""8AM-2:30PM""], ""Sunday"": [""8AM-2:30PM""], ""Thursday"": [""7AM-2:30PM""], ""Tuesday"": [""7AM-2:30PM""], ""Wednesday"": [""7AM-2:30PM""]}",0x54856eaffb2957bd:0xf4000d0f79cdea55,ChIJvVcp-69uhVQRVerNeQ8NAPQ,https://search.google.com/local/reviews?placeid=ChIJvVcp-69uhVQRVerNeQ8NAPQ&q=*&authuser=0&hl=en&gl=US,https://lh3.googleusercontent.com/gps-cs-s/APNQkAGqesAwUZTV5betN1L8X2IS3qhLe5Ft7xswDGZ7pE2T88Igi0WoLDaB-gdXwIqPEO1jxTCEFzI10bRryw4tGt2jpepyBf8jb9SvYayqduw8iEbyquqvzLtAYQhlTC0bq_Cf6Wnc=w800-h500-k-no,"restaurant, 98273, WA, US",98273,outscraper_google_maps
The Meltdown,,100 E College Way,Mount Vernon,98273,,United States of America,48.4354,-122.3393014,,+1 360-424-7500,Restaurant,restaurants,Restaurant,1.4,20.0,OPERATIONAL,"{""Friday"": [""Open 24 hours""], ""Monday"": [""Open 24 hours""], ""Saturday"": [""Open 24 hours""], ""Sunday"": [""Open 24 hours""], ""Thursday"": [""Open 24 hours""], ""Tuesday"": [""Open 24 hours""], ""Wednesday"": [""Open 24 hours""]}",0x54856d61a47b5a77:0x39c21d3fc832c762,ChIJd1p7pGFthVQRYscyyD8dwjk,https://search.google.com/local/reviews?placeid=ChIJd1p7pGFthVQRYscyyD8dwjk&q=*&authuser=0&hl=en&gl=US,https://lh3.googleusercontent.com/gps-cs-s/APNQkAFlE0Fk8df8oGcacIpDTgIj6nFGiAuLDnCBhkm88K8oO5gWJvOnBiLzdFsuWJVfERttBA0W0DQLBmBsVtEIyww2ZuFnESwamHHyc9RtpRjsZylmUHXmkpivMb03mAUkEOLZFQ8=w800-h500-k-no,"restaurant, 98273, WA, US",98273,outscraper_google_maps
The Net Drive In,,18037 WA-536,Mount Vernon,98273,,United States of America,48.424995,-122.35622,,+1 360-424-1384,Hamburger restaurant,Hamburger restaurant,"Hamburger restaurant, Family restaurant, Lunch restaurant, Restaurant",4.5,1093.0,OPERATIONAL,"{""Friday"": [""10:30AM-7PM""], ""Monday"": [""10:30AM-7PM""], ""Saturday"": [""10:30AM-7PM""], ""Sunday"": [""Closed""], ""Thursday"": [""10:30AM-7PM""], ""Tuesday"": [""10:30AM-7PM""], ""Wednesday"": [""10:30AM-7PM""]}",0x54856e961216c1e5:0x19ae1adf77a630b9,ChIJ5cEWEpZuhVQRuTCmd98arhk,https://search.google.com/local/reviews?placeid=ChIJ5cEWEpZuhVQRuTCmd98arhk&q=*&authuser=0&hl=en&gl=US,https://lh3.googleusercontent.com/gps-cs-s/APNQkAGLLGGKmSrxU7OV6Nu0IzrAF5XptC8hl2rtBmZZstHzhOCi5kAaADDp47JdDTkNC7j2k81Mjq-SU8OSy1bs97KSdMmqzZRX6GjOD0iAdGstufK7X0cVacuMcA9bf58U4oAqxgAB=w800-h500-k-no,"cafe, 98273, WA, US",98273,outscraper_google_maps
The Porterhouse Pub,,416 W Gates St,Mount Vernon,98273,,United States of America,48.419494,-122.338592,,+1 360-755-3063,Pub,bars,Pub,4.4,548.0,OPERATIONAL,"{""Friday"": [""11:30AM-9:30PM""], ""Monday"": [""11:30AM-9:30PM""], ""Saturday"": [""11:30AM-9:30PM""], ""Sunday"": [""Closed""], ""Thursday"": [""11:30AM-9:30PM""], ""Tuesday"": [""11:30AM-9:30PM""], ""Wednesday"": [""11:30AM-9:30PM""]}",0x54856ea541bd71bf:0xbb78c0c1fe45af2f,ChIJv3G9QaVuhVQRL69F_sHAeLs,https://search.google.com/local/reviews?placeid=ChIJv3G9QaVuhVQRL69F_sHAeLs&q=*&authuser=0&hl=en&gl=US,https://lh3.googleusercontent.com/gps-cs-s/APNQkAHvn5qrSsS8YtSC6Dc0nBIS7slpZayHNXQdFug0bOiujcgApMCIBIrPtpITACF0sqHiwTLJ0_T575eQFmRPqeRN1tlWNkrRCYf6QHliOxWRa56kkmNke-pxXEJ5QrpyYd8oDio=w800-h500-k-no,"restaurant, 98273, WA, US",98273,outscraper_google_maps
The Rex Bistro & Dessert Bar,,19271 Best Rd,Mount Vernon,98273,,United States of America,48.3654654,-122.4291726,,+1 360-466-5522,Restaurant,restaurants,Restaurant,4.6,257.0,OPERATIONAL,"{""Friday"": [""11AM-9PM""], ""Monday"": [""Closed""], ""Saturday"": [""11AM-8PM""], ""Sunday"": [""11AM-8PM""], ""Thursday"": [""11AM-8PM""], ""Tuesday"": [""Closed""], ""Wednesday"": [""11AM-8PM""]}",0x54856743879d6e51:0xea5376a7392d8db,ChIJUW6dh0NnhVQR29iSc2o3pQ4,https://search.google.com/local/reviews?placeid=ChIJUW6dh0NnhVQR29iSc2o3pQ4&q=*&authuser=0&hl=en&gl=US,https://lh3.googleusercontent.com/gps-cs-s/APNQkAGgh_2WRWyp53i3v2YPxAFV2H1HsJxbf4x-M6Jg1az3p5KcCatO2gjZp8wvfUtdVvq-BeKig9BiCxPqOXG1CkFvr2eIbBoLUdyxWegGgrbdAGs22xf3hapyCGFsR-Hkk0ChPKXFQA=w800-h500-k-no,"restaurant, 98273, WA, US",98273,outscraper_google_maps
The Skagit Table,,225 S 1st St,Mount Vernon,98273,,United States of America,48.420683,-122.337509,,+1 360-312-4074,Restaurant,restaurants,"Restaurant, Caterer",4.8,133.0,OPERATIONAL,"{""Friday"": [""10AM-6PM""], ""Monday"": [""10AM-6PM""], ""Saturday"": [""Closed""], ""Sunday"": [""Closed""], ""Thursday"": [""10AM-6PM""], ""Tuesday"": [""10AM-6PM""], ""Wednesday"": [""10AM-6PM""]}",0x54856f7e63da705b:0xb0fc6d7d6f416b2a,ChIJW3DaY35vhVQRKmtBb31t_LA,https://search.google.com/local/reviews?placeid=ChIJW3DaY35vhVQRKmtBb31t_LA&q=*&authuser=0&hl=en&gl=US,https://lh3.googleusercontent.com/gps-cs-s/APNQkAFae1X6SbTa_kUlzjc6yzvQxq-AvJFBSZD0auFUMV4AVxjiIE82f3CbsmpeTrvnjhrM0TiTdOKn6kfoUiiz2oBru7JH5eBs3U5CtgTCrfqDRAfVFIiK3vpt6Gy0791SbvWFbuL9WMntH80=w800-h500-k-no,"restaurant, 98273, WA, US",98273,outscraper_google_maps
The Town Pump,,1903 S 3rd St,Mount Vernon,98273,,United States of America,48.4076248,-122.3369893,,+1 360-336-9607,Bar & grill,restaurants,Bar & grill,4.6,54.0,OPERATIONAL,"{""Friday"": [""10AM-12AM""], ""Monday"": [""10AM-12AM""], ""Saturday"": [""10AM-12AM""], ""Sunday"": [""10AM-12AM""], ""Thursday"": [""10AM-12AM""], ""Tuesday"": [""10AM-12AM""], ""Wednesday"": [""10AM-12AM""]}",0x54856996cd206813:0x7db0059eae377fd8,ChIJE2ggzZZphVQR2H83rp4FsH0,https://search.google.com/local/reviews?placeid=ChIJE2ggzZZphVQR2H83rp4FsH0&q=*&authuser=0&hl=en&gl=US,https://lh3.googleusercontent.com/gps-cs-s/APNQkAE8r21mDqzEpGAcVio-iMb6x1I1Ba6KcOtGWxlC7AF-dJsrwXYvyKxjMxccnkDBo21nE6_gVrNP09GuwSQVZ71Kejlh78OkONITfx9tPSUlSrxoGQVHAmcNsxp3Vy6fOi4qn15kEmX6Z3x-=w800-h500-k-no,"restaurant, 98273, WA, US",98273,outscraper_google_maps
Tienda Los Paisanos,,1806 Riverside Dr Ste C,Mount Vernon,98273,,United States of America,48.4371687,-122.3341316,,+1 360-848-0477,Grocery store,Grocery store,Grocery store,4.4,80.0,OPERATIONAL,"{""Friday"": [""8AM-9PM""], ""Monday"": [""8AM-9PM""], ""Saturday"": [""8AM-9PM""], ""Sunday"": [""8AM-8PM""], ""Thursday"": [""8AM-9PM""], ""Tuesday"": [""8AM-9PM""], ""Wednesday"": [""8AM-9PM""]}",0x54856c26a385cc2d:0x409207a65cac843e,ChIJLcyFoyZshVQRPoSsXKYHkkA,https://search.google.com/local/reviews?placeid=ChIJLcyFoyZshVQRPoSsXKYHkkA&q=*&authuser=0&hl=en&gl=US,https://lh3.googleusercontent.com/gps-cs-s/APNQkAHdI937VUsfRGmg59oVxSD_J2Dei-eyr_j1nxpoP-QVmckqNPDIamIsC7TmchygCFikdRP14LPQObj3Cim5aFdoIL-eDutO_sKHkb9NGGvk7t1Xt_yfooxddq7JHb6v7E2Ctx0obg=w800-h500-k-no,"mexican restaurant, 98273, WA, US",98273,outscraper_google_maps
Walmart Bakery,,2301 Freeway Dr,Mount Vernon,98273,,United States of America,48.4412703,-122.3462487,,+1 360-428-8575,Bakery,Bakery,"Bakery, Bagel shop, Cake shop, Chocolate shop, Cookie shop, Cupcake shop, Dessert shop, Pastry shop",1.0,1.0,OPERATIONAL,"{""Friday"": [""6AM-11PM""], ""Monday"": [""6AM-11PM""], ""Saturday"": [""6AM-11PM""], ""Sunday"": [""6AM-11PM""], ""Thursday"": [""6AM-11PM""], ""Tuesday"": [""6AM-11PM""], ""Wednesday"": [""6AM-11PM""]}",0x54856c29b6aaaaab:0xa269bec7b5b19321,ChIJq6qqtilshVQRIZOxtce-aaI,https://search.google.com/local/reviews?placeid=ChIJq6qqtilshVQRIZOxtce-aaI&q=*&authuser=0&hl=en&gl=US,https://streetviewpixels-pa.googleapis.com/v1/thumbnail?panoid=oEIvNyRh_7tMNyEeduE8Pg&cb_client=search.gws-prod.gps&w=800&h=500&yaw=223.04288&pitch=0&thumbfov=100,"bakery, 98273, WA, US",98273,outscraper_google_maps
Walmart Deli,,2101 Freeway Dr,Mount Vernon,98273,,United States of America,48.4414561,-122.3461169,,+1 360-428-7000,Deli,Deli,Deli,5.0,1.0,OPERATIONAL,"{""Friday"": [""6AM-11PM""], ""Monday"": [""6AM-11PM""], ""Saturday"": [""6AM-11PM""], ""Sunday"": [""6AM-11PM""], ""Thursday"": [""6AM-11PM""], ""Tuesday"": [""6AM-11PM""], ""Wednesday"": [""6AM-11PM""]}",0x54856c29b1ae47ed:0x540e8848704cc423,ChIJ7UeusSlshVQRI8RMcEiIDlQ,https://search.google.com/local/reviews?placeid=ChIJ7UeusSlshVQRI8RMcEiIDlQ&q=*&authuser=0&hl=en&gl=US,https://lh3.googleusercontent.com/gps-cs-s/APNQkAGph2QjnysBXecumtYGO2Nc-vWMBgl4CVUWyoASvp8CKBYoOPoMT4SiNfKVmndjgAPNVHBJYnUIRIIsNpHy_Zf8LlwvpFZFdAPivs1uruKGz2GQ_Xznxda0Priu-iOpvCmw7BjBdw=w800-h500-k-no,"deli, 98273, WA, US",98273,outscraper_google_maps
Walmart Supercenter,,2301 Freeway Dr,Mount Vernon,98273,,United States of America,48.4415333,-122.3457949,,+1 360-428-7000,Bakery,Department store,"Bakery, Department store, Clothing store, Electronics store, Furniture store, Grocery store, Hardware store, Home goods store, Sporting goods store, Toy store",3.7,6226.0,OPERATIONAL,"{""Friday"": [""6AM-11PM""], ""Monday"": [""6AM-11PM""], ""Saturday"": [""6AM-11PM""], ""Sunday"": [""6AM-11PM""], ""Thursday"": [""6AM-11PM""], ""Tuesday"": [""6AM-11PM""], ""Wednesday"": [""6AM-11PM""]}",0x54856c29af57acbd:0x5de4cbe977d9eab4,ChIJvaxXrylshVQRtOrZd-nL5F0,https://search.google.com/local/reviews?placeid=ChIJvaxXrylshVQRtOrZd-nL5F0&q=*&authuser=0&hl=en&gl=US,https://lh3.googleusercontent.com/gps-cs-s/APNQkAHyXyxECOijXj-SQ6BMXOOuQ6ARRJMWcw31wu2MqloFFIW30B7CrzQrUK37jwNccwXSY_-a_I6lj1_WXxl5KNsUeN3jeEgZVZdzkHM5j8eEMHe2hUl36Ui3jt73G34Wivgyr_BD=w800-h500-k-no,"bakery, 98273, WA, US",98273,outscraper_google_maps
Wendy's,,810 S 5th St,Mount Vernon,98273,,United States of America,48.417489,-122.334003,,+1 360-854-3160,Fast food restaurant,restaurants,"Fast food restaurant, Breakfast restaurant",3.9,265.0,OPERATIONAL,"{""Friday"": [""7:30AM-12AM""], ""Monday"": [""7:30AM-12AM""], ""Saturday"": [""8AM-12AM""], ""Sunday"": [""8AM-12AM""], ""Thursday"": [""7:30AM-12AM""], ""Tuesday"": [""7:30AM-12AM""], ""Wednesday"": [""7:30AM-12AM""]}",0x54856f7dd23cac1f:0x50533c8746ed318c,ChIJH6w80n1vhVQRjDHtRoc8U1A,https://search.google.com/local/reviews?placeid=ChIJH6w80n1vhVQRjDHtRoc8U1A&q=*&authuser=0&hl=en&gl=US,https://lh3.googleusercontent.com/gps-cs-s/APNQkAFQDEzj3Uv8kHPtwtkzf81rSrARjSBJdp2wOPT0kncVkMUsn65uakpGMiM5JpDdpSTTTNfgf7ZEdvP4zDm1seMeIiET3jz_sAw4G3Qy5xnmVE2MlSQkshOQskfuvN524vL5SkxN1g=w800-h500-k-no,"restaurant, 98273, WA, US",98273,outscraper_google_maps
Whidbey Coffee,,1701 Continental Pl,Mount Vernon,98273,,United States of America,48.4359626,-122.3262155,,+1 360-395-2055,Coffee stand,Coffee stand,Coffee stand,4.4,32.0,OPERATIONAL,"{""Friday"": [""5:30AM-5:30PM""], ""Monday"": [""5:30AM-5:30PM""], ""Saturday"": [""6:30AM-5:30PM""], ""Sunday"": [""6:30AM-5:30PM""], ""Thursday"": [""5:30AM-5:30PM""], ""Tuesday"": [""5:30AM-5:30PM""], ""Wednesday"": [""5:30AM-5:30PM""]}",0x54856d5aa679d245:0xe6ecb48f5c45d086,ChIJRdJ5plpthVQRhtBFXI-07OY,https://search.google.com/local/reviews?placeid=ChIJRdJ5plpthVQRhtBFXI-07OY&q=*&authuser=0&hl=en&gl=US,https://lh3.googleusercontent.com/gps-cs-s/APNQkAFfnIEUiaO-ndlmhxUMMHqQuotEqX4HEw8SQ5nbThBuFQg16KflWRZr7WRGrfXvI995T2uHylSNZf6hi5MKEihyoT_DTlvy9vLGEWs7Z26N2hYv4ry6BF06-qkpoW-c9K3V4TZElT2VHXs=w800-h500-k-no,"coffee shop, 98273, WA, US",98273,outscraper_google_maps
White Branches,,100 E Montgomery St Suite 210,Mount Vernon,98273,,United States of America,48.4192315,-122.3348637,,+1 360-848-1192,Tea house,Tea house,Tea house,4.9,109.0,OPERATIONAL,"{""Friday"": [""11AM-3PM""], ""Monday"": [""Closed""], ""Saturday"": [""11AM-3PM""], ""Sunday"": [""11AM-3PM""], ""Thursday"": [""11AM-3PM""], ""Tuesday"": [""Closed""], ""Wednesday"": [""Closed""]}",0x54856fab09f18e03:0x186560699be70bf4,ChIJA47xCatvhVQR9Avnm2lgZRg,https://search.google.com/local/reviews?placeid=ChIJA47xCatvhVQR9Avnm2lgZRg&q=*&authuser=0&hl=en&gl=US,https://lh3.googleusercontent.com/gps-cs-s/APNQkAFWSBs8U3tmJEa19J8Wqx9XgHbhz7BpUk0gV467r50YRDDPMHFhtMbtZ_v3Z2COPl0MLfm9HhQsN4OOpaqLYp85aVXbaYMYXE4rxHjNucDAu_pAL5i899bf-jdkZpytxu2qzK2EJA=w800-h500-k-no,"restaurant, 98273, WA, US",98273,outscraper_google_maps
Woods Coffee,,1626 Freeway Dr,Mount Vernon,98273,,United States of America,48.4356147,-122.3422888,,+1 360-419-5908,Coffee shop,coffee shops,Coffee shop,4.6,675.0,OPERATIONAL,"{""Friday"": [""4:30AM-6PM""], ""Monday"": [""4:30AM-6PM""], ""Saturday"": [""5:30AM-6PM""], ""Sunday"": [""5:30AM-6PM""], ""Thursday"": [""4:30AM-6PM""], ""Tuesday"": [""4:30AM-6PM""], ""Wednesday"": [""4:30AM-6PM""]}",0x54856e9d896fe7f5:0x9ef833a904ef2a91,ChIJ9edviZ1uhVQRkSrvBKkz-J4,https://search.google.com/local/reviews?placeid=ChIJ9edviZ1uhVQRkSrvBKkz-J4&q=*&authuser=0&hl=en&gl=US,https://lh3.googleusercontent.com/gps-cs-s/APNQkAGqoUWo6I6fY_seWKREGyt4O3_RfsE4t3r3HBKtnPiUJwZnLm_aNilpKeuOt-eksCfueSs-nU4K149XEYJCVWdyLQZgXg591OXJ3nQirXGrV9d-aPYZZaiW_ZGzDuKB7ZClAogr=w800-h500-k-no,"restaurant, 98273, WA, US",98273,outscraper_google_maps
dorothea coffee,,514 S 1st St,Mount Vernon,98273,,United States of America,48.4190153,-122.3377653,,+1 360-542-2258,Coffee roastery,Coffee roastery,Coffee roastery,4.8,45.0,OPERATIONAL,"{""Friday"": [""8AM-3PM""], ""Monday"": [""8AM-3PM""], ""Saturday"": [""8AM-3PM""], ""Sunday"": [""8AM-3PM""], ""Thursday"": [""8AM-3PM""], ""Tuesday"": [""8AM-3PM""], ""Wednesday"": [""8AM-3PM""]}",0x54856f15ff907e59:0x5c92da22466a05ab,ChIJWX6Q_xVvhVQRqwVqRiLaklw,https://search.google.com/local/reviews?placeid=ChIJWX6Q_xVvhVQRqwVqRiLaklw&q=*&authuser=0&hl=en&gl=US,https://lh3.googleusercontent.com/gps-cs-s/APNQkAFYOXPXSQOmUqwLkQFOaBt1m1GxxH1A21fIZtWJhO3LiXTa2DrzkBWg2lpz4eznQ9wPQp_-3V4Z_u_wj6CgqnsXIFIcfv9eFFWSytDnZDQXa-qjAJWJFMUXKhj1aB2MuZ-U72_n036IZ7uk=w800-h500-k-no,"cafe, 98273, WA, US",98273,outscraper_google_maps
tacos la oriental,,2130 Riverside Dr,Mount Vernon,98273,,United States of America,48.4402923,-122.3347167,,+1 360-420-4293,Taco restaurant,restaurants,Taco restaurant,2.7,24.0,OPERATIONAL,"{""Friday"": [""2PM-2AM""], ""Monday"": [""Closed""], ""Saturday"": [""2PM-2AM""], ""Sunday"": [""12PM-12AM""], ""Thursday"": [""Closed""], ""Tuesday"": [""Closed""], ""Wednesday"": [""Closed""]}",0x54856d14beaf5e59:0xac6b7e666ed05e0c,ChIJWV6vvhRthVQRDF7QbmZ-a6w,https://search.google.com/local/reviews?placeid=ChIJWV6vvhRthVQRDF7QbmZ-a6w&q=*&authuser=0&hl=en&gl=US,https://lh3.googleusercontent.com/gps-cs-s/APNQkAFeGuLvL5LlzG4JZfxWFgjN8Ac0nZdNTpd8Hatt-Sd4sL_4_Cnep5Lf5G11HadLCfcVTBrTkzXEQsEvaNWDRmXVxUJkOoDUN1ogTtPgMjQf71TelpwWR5mQeGFMQCWcVykN1jwJ=w800-h500-k-no,"mexican restaurant, 98273, WA, US",98273,outscraper_google_maps
vagabondtrailerfood,,17406 WA-536,Mount Vernon,98273,,United States of America,48.4316264,-122.3702029,,+1 360-421-4227,Chicken restaurant,restaurants,Chicken restaurant,,,OPERATIONAL,"{""Friday"": [""11AM-11PM""], ""Monday"": [""11AM-10PM""], ""Saturday"": [""11AM-11PM""], ""Sunday"": [""10AM-11PM""], ""Thursday"": [""11AM-10PM""], ""Tuesday"": [""11AM-10PM""], ""Wednesday"": [""11AM-10PM""]}",0x54856e8d99116175:0x6324d7492226e128,ChIJdWERmY1uhVQRKOEmIknXJGM,,https://streetviewpixels-pa.googleapis.com/v1/thumbnail?panoid=2VYR16lMSgjEKh16lDkn7Q&cb_client=search.gws-prod.gps&w=800&h=500&yaw=226.66873&pitch=0&thumbfov=100,"restaurant, 98273, WA, US",98273,outscraper_google_maps
Big Lake Bar & Grill,,18247 WA-9,Mount Vernon,98274,,United States of America,48.3814298,-122.2218919,,+1 360-422-6411,Bar & grill,restaurants,Bar & grill,4.3,697.0,OPERATIONAL,"{""Friday"": [""12PM-12AM""], ""Monday"": [""12-9PM""], ""Saturday"": [""12PM-12AM""], ""Sunday"": [""12-9PM""], ""Thursday"": [""12-9PM""], ""Tuesday"": [""12-9PM""], ""Wednesday"": [""12-9PM""]}",0x54856a43be3cc98f:0xb4a82ca9a0cb9d67,ChIJj8k8vkNqhVQRZ53LoKksqLQ,https://search.google.com/local/reviews?placeid=ChIJj8k8vkNqhVQRZ53LoKksqLQ&q=*&authuser=0&hl=en&gl=US,https://lh3.googleusercontent.com/gps-cs-s/APNQkAF5ZNRZk6TtwO_J2vGIR_5aaBqiWenx3a7Yfl_k2RdPNrU6zPnV1-CX0QOWzogswFrxkE1hlXN7pjXKz15DNkUe4YCC3zUmD14MLK2HzJcwt2x3QiQ85_H1b-V3zAl8_d6hV3Z6=w800-h500-k-no,"cafe, 98274, WA, US",98274,outscraper_google_maps
Casipi Filipino Store,,2323 E Section St #130,Mount Vernon,98274,,United States of America,48.4141632,-122.3125221,,+1 360-399-7612,Filipino grocery store,Filipino grocery store,"Filipino grocery store, Asian grocery store, Asian household goods store, Shipping service",4.8,47.0,OPERATIONAL,"{""Friday"": [""10AM-7PM""], ""Monday"": [""10AM-7PM""], ""Saturday"": [""10AM-7PM""], ""Sunday"": [""Closed""], ""Thursday"": [""10AM-7PM""], ""Tuesday"": [""10AM-7PM""], ""Wednesday"": [""10AM-7PM""]}",0x54856b2851040591:0xbf28aa8885ccfc4e,ChIJkQUEUShrhVQRTvzMhYiqKL8,https://search.google.com/local/reviews?placeid=ChIJkQUEUShrhVQRTvzMhYiqKL8&q=*&authuser=0&hl=en&gl=US,https://lh3.googleusercontent.com/gps-cs-s/APNQkAFzoLWQRQqSmf75aqEwSG5AiqPKWDCTE4aDt-jOEr6Xuw42DbFaGOp3_Eqpi9dFNtHbzRA7YhK5uBFgoVzvFD-TrefTaawR1ox1jqyCSX-uCKJQhcw9kVFiPSWswFt2V9Qqd5aG=w800-h500-k-no,"bakery, 98274, WA, US",98274,outscraper_google_maps
Coffee Shack,,21049 Cedardale Rd,Mount Vernon,98274,,United States of America,48.3403244,-122.3321455,,,Coffee stand,Coffee stand,Coffee stand,4.6,130.0,OPERATIONAL,"{""Friday"": [""4:15AM-7PM""], ""Monday"": [""4:15AM-7PM""], ""Saturday"": [""5AM-7PM""], ""Sunday"": [""6AM-7PM""], ""Thursday"": [""4:15AM-7PM""], ""Tuesday"": [""4:15AM-7PM""], ""Wednesday"": [""4:15AM-7PM""]}",0x548569067a0a8975:0xca015c2d14b682a5,ChIJdYkKegZphVQRpYK2FC1cAco,https://search.google.com/local/reviews?placeid=ChIJdYkKegZphVQRpYK2FC1cAco&q=*&authuser=0&hl=en&gl=US,https://lh3.googleusercontent.com/gps-cs-s/APNQkAG-kquZKwBjRUFbQntK5jmVKqi4SByc4sTQvriTDwSSg3368cLu6h2Te6EUnppVGhyJdrCCzFVuKcmk8Ntd09EyOheheQVUI9uHO7jvaeuQTo-JSZK2AXjD6zUbL9XSJTwEftiBvBA1Oqp_=w800-h500-k-no,"cafe, 98274, WA, US",98274,outscraper_google_maps
Haggen,,2601 E Division St,Mount Vernon,98274,,United States of America,48.42196,-122.30782,,+1 360-848-6999,Grocery store,Grocery store,Grocery store,4.3,1357.0,OPERATIONAL,"{""Friday"": [""5AM-12AM""], ""Monday"": [""5AM-12AM""], ""Saturday"": [""5AM-12AM""], ""Sunday"": [""5AM-12AM""], ""Thursday"": [""5AM-12AM""], ""Tuesday"": [""5AM-12AM""], ""Wednesday"": [""5AM-12AM""]}",0x54856c0667f2cc1f:0xf6c9ea0056ce99ad,ChIJH8zyZwZshVQRrZnOVgDqyfY,https://search.google.com/local/reviews?placeid=ChIJH8zyZwZshVQRrZnOVgDqyfY&q=*&authuser=0&hl=en&gl=US,https://lh3.googleusercontent.com/gps-cs-s/APNQkAFW6meaoJ3lw-60GbeQH9NRGbfJ4GM7BK6kNECUTtGbjnW2IKszxajIPqasiz8C-1DJG8CCgToLV9imjwp0PjoLwUv3jhsRQtGDe8V3rLrE0Iz6shqnCSPpDxFDSJn5uDo2LsGJ=w800-h500-k-no,"deli, 98274, WA, US",98274,outscraper_google_maps
Hot Stuff Pizza,,2829 Cedardale Rd,Mount Vernon,98274,,United States of America,48.3985975,-122.3285618,,+1 360-428-6981,Pizza restaurant,restaurants,Pizza restaurant,4.0,1.0,OPERATIONAL,"{""Friday"": [""5AM-10PM""], ""Monday"": [""5AM-10PM""], ""Saturday"": [""Closed""], ""Sunday"": [""Closed""], ""Thursday"": [""5AM-10PM""], ""Tuesday"": [""5AM-10PM""], ""Wednesday"": [""5AM-10PM""]}",0x54856950d6786b51:0xde3b3ac6e3ad2621,ChIJUWt41lBphVQRISat48Y6O94,https://search.google.com/local/reviews?placeid=ChIJUWt41lBphVQRISat48Y6O94&q=*&authuser=0&hl=en&gl=US,https://streetviewpixels-pa.googleapis.com/v1/thumbnail?panoid=-h6ZBY7ZaD7bdIx42bOdnA&cb_client=search.gws-prod.gps&w=800&h=500&yaw=285.39697&pitch=0&thumbfov=100,"pizza restaurant, 98274, WA, US",98274,outscraper_google_maps
Jorge's Kitchen,,1725 E Blackburn Rd,Mount Vernon,98274,,United States of America,48.4066829,-122.3193657,,+1 360-424-6838,Mexican restaurant,restaurants,"Mexican restaurant, ATM, Beer garden, Conservative club, Gas station, Ice cream shop",4.1,154.0,OPERATIONAL,"{""Friday"": [""11AM-9PM""], ""Monday"": [""11AM-9PM""], ""Saturday"": [""11AM-9PM""], ""Sunday"": [""11AM-9PM""], ""Thursday"": [""11AM-9PM""], ""Tuesday"": [""11AM-9PM""], ""Wednesday"": [""11AM-9PM""]}",0x5485695176f0345b:0x72ddfcfdd3d8d686,ChIJWzTwdlFphVQRhtbY0_383XI,https://search.google.com/local/reviews?placeid=ChIJWzTwdlFphVQRhtbY0_383XI&q=*&authuser=0&hl=en&gl=US,https://lh3.googleusercontent.com/gps-cs-s/APNQkAGoLmi3hWvvMuQc-ZNvc9jcT9sBuFPjIpwWgFSgX33HWhbwPJvGvvOzNepdlcUeQrEmTq6c9hY47tmSNjjy6yG_ut6ZXSrGWFfC2Hy-rIi0mREAHA4DvJSDYVlT1FpH-dEXHCsx=w800-h500-k-no,"cafe, 98274, WA, US",98274,outscraper_google_maps
Lincoln Grocery,,925 S 11th St,Mount Vernon,98274,,United States of America,48.4158516,-122.3278519,,+1 360-336-3125,Grocery store,Grocery store,Grocery store,4.4,48.0,OPERATIONAL,"{""Friday"": [""6AM-10PM""], ""Monday"": [""6AM-10PM""], ""Saturday"": [""8AM-10PM""], ""Sunday"": [""8AM-8PM""], ""Thursday"": [""6AM-10PM""], ""Tuesday"": [""6AM-10PM""], ""Wednesday"": [""6AM-10PM""]}",0x54856f418da81765:0x20188aea44be7f44,ChIJZReojUFvhVQRRH--ROqKGCA,https://search.google.com/local/reviews?placeid=ChIJZReojUFvhVQRRH--ROqKGCA&q=*&authuser=0&hl=en&gl=US,https://lh3.googleusercontent.com/gps-cs-s/APNQkAFPZ_-s0JQtAdKnW9EtKaYjKWUK3B7u2iUPGgppHWPso3umMgps3RtOrVq2UuX-DhOKdU8mzYnXPiiElwRaZEkCqHsXd3L17EEgPek2SnKcfE7_H0JBz0CQ2rO9JlZlY8Qm0zNfSA=w800-h500-k-no,"deli, 98274, WA, US",98274,outscraper_google_maps
Little Mountain Grocery,,1725 E Blackburn Rd,Mount Vernon,98274,,United States of America,48.4066524,-122.3193741,,+1 360-424-6838,Grocery store,Grocery store,"Grocery store, ATM, Beer store, Candy store, Coffee store, Gas station, Ice cream shop, Mexican restaurant, Wine bar, Wine store",4.4,38.0,OPERATIONAL,"{""Friday"": [""5AM-12AM""], ""Monday"": [""5AM-11PM""], ""Saturday"": [""7AM-12AM""], ""Sunday"": [""7AM-11PM""], ""Thursday"": [""5AM-11PM""], ""Tuesday"": [""5AM-11PM""], ""Wednesday"": [""5AM-11PM""]}",0x548569517639be1f:0x1c49f8f0738d3d7,ChIJH745dlFphVQR19M4B4-fxAE,https://search.google.com/local/reviews?placeid=ChIJH745dlFphVQR19M4B4-fxAE&q=*&authuser=0&hl=en&gl=US,https://lh3.googleusercontent.com/gps-cs-s/APNQkAHP7JLCJ2VPLVKbpwVaG9k7lsECrt2g4Jo6RiivzXDP2zaUsyTPMHYv9cfjp8JEAesbvWubLi9bAoQ2d3PnaUTgdFLMydVY2s0sPwLtKJDIIYMc8-0cIVCKo_6HoHjFfp3cy177cg=w800-h500-k-no,"deli, 98274, WA, US",98274,outscraper_google_maps
Loafing Cat Cafe,,431 Widnor Dr,Mount Vernon,98274,,United States of America,48.4174778,-122.3151361,,+1 360-540-8831,Health and beauty shop,Health and beauty shop,Health and beauty shop,,,OPERATIONAL,,0x54856df4b0144011:0xe6527e94781eca3c,ChIJEUAUsPRthVQRPMoeeJR-UuY,,https://streetviewpixels-pa.googleapis.com/v1/thumbnail?panoid=eWjDv3wwZWBqS_Hwwu3ISQ&cb_client=search.gws-prod.gps&w=800&h=500&yaw=281.42554&pitch=0&thumbfov=100,"cafe, 98274, WA, US",98274,outscraper_google_maps
Muddy Waters Coffee & Catering,,17523 WA-9,Mount Vernon,98274,,United States of America,48.3903857,-122.2328241,,+1 608-379-2799,Coffee stand,Coffee stand,Coffee stand,5.0,3.0,OPERATIONAL,"{""Friday"": [""6AM-1PM""], ""Monday"": [""6AM-1PM""], ""Saturday"": [""6AM-1PM""], ""Sunday"": [""Closed""], ""Thursday"": [""6AM-1PM""], ""Tuesday"": [""6AM-1PM""], ""Wednesday"": [""6AM-1PM""]}",0x54856b85ca47733f:0xaced79eccb2529da,ChIJP3NHyoVrhVQR2ikly-x57aw,https://search.google.com/local/reviews?placeid=ChIJP3NHyoVrhVQR2ikly-x57aw&q=*&authuser=0&hl=en&gl=US,https://lh3.googleusercontent.com/gps-cs-s/APNQkAE7LOG_F5-kw4LmQ_RzqqutcQMPZFaeUorauRkqlscrK0k0gyD5E1Z2vzcy-IvZAn6Z8elgWrgLPfZmJdz9LSLaB1pIviOsMPtnlKlb6TzU-7ec13_u9KxfcR-sl3fal-Z7q8sZ=w800-h500-k-no,"cafe, 98274, WA, US",98274,outscraper_google_maps
Sahara Pizza - Mount Vernon,,2323 E Section St #150,Mount Vernon,98274,,United States of America,48.4141632,-122.3125221,,+1 360-424-2000,Pizza restaurant,restaurants,"Pizza restaurant, Delivery Restaurant, Pizza delivery, Pizza Takeout",4.8,103.0,OPERATIONAL,"{""Friday"": [""11AM-10PM""], ""Monday"": [""11AM-9PM""], ""Saturday"": [""11AM-10PM""], ""Sunday"": [""11AM-9PM""], ""Thursday"": [""11AM-9PM""], ""Tuesday"": [""11AM-9PM""], ""Wednesday"": [""11AM-9PM""]}",0x54856b05f08b72eb:0x6f8a1e3526059469,ChIJ63KL8AVrhVQRaZQFJjUeim8,https://search.google.com/local/reviews?placeid=ChIJ63KL8AVrhVQRaZQFJjUeim8&q=*&authuser=0&hl=en&gl=US,https://lh3.googleusercontent.com/gps-cs-s/APNQkAFfg6JhQve4DFXXHwP3TXsYohw7sEo2_QYAS_IvdbIIJL_O5_L4kaB2zSsDxnxAXm39E7ROTWsfHdLH5G57kGeNEj9kKcjr1xXivM1wq-LoYhzQsDZEwnSl1SZafY1S4o_wGo7s=w800-h500-k-no,"pizza restaurant, 98274, WA, US",98274,outscraper_google_maps
Starbucks Coffee Company,,2601 E Division St,Mount Vernon,98274,,United States of America,48.42187,-122.30747,,+1 360-848-9629,Coffee shop,coffee shops,"Coffee shop, Breakfast restaurant, Cafe, Coffee store, Espresso bar, Internet cafe",4.2,281.0,OPERATIONAL,"{""Friday"": [""5AM-8PM""], ""Monday"": [""5AM-8PM""], ""Saturday"": [""5AM-8PM""], ""Sunday"": [""5AM-8PM""], ""Thursday"": [""5AM-8PM""], ""Tuesday"": [""5AM-8PM""], ""Wednesday"": [""5AM-8PM""]}",0x54856c067346c383:0xe9394b92395ab7f4,ChIJg8NGcwZshVQR9LdaOZJLOek,https://search.google.com/local/reviews?placeid=ChIJg8NGcwZshVQR9LdaOZJLOek&q=*&authuser=0&hl=en&gl=US,https://lh3.googleusercontent.com/gps-cs-s/APNQkAGEj2cH4iPrnQ3HrPTdWGvin6vdGDZyNYbEAIoBLBE0G5HO8ZMJPSUqHmtlVIVeiUDy6tKAjea19udNwSPPnZWxG10vWCAlg3h0vZY8W6QSd3zOjbvRtdpURe5xOvKRJC-AXG_V9A=w800-h500-k-no,"cafe, 98274, WA, US",98274,outscraper_google_maps
The BLG - Big Lake Grocery,,16818 Lakeview Blvd,Mount Vernon,98274,,United States of America,48.4015149,-122.2409452,,+1 360-422-5253,Convenience store,Convenience store,"Convenience store, Espresso bar, Grocery store",4.8,58.0,OPERATIONAL,"{""Friday"": [""6AM-9PM""], ""Monday"": [""6AM-9PM""], ""Saturday"": [""6AM-9PM""], ""Sunday"": [""6AM-9PM""], ""Thursday"": [""6AM-9PM""], ""Tuesday"": [""6AM-9PM""], ""Wednesday"": [""6AM-9PM""]}",0x54856bafd43568eb:0xe5d7cbe38cf50bb1,ChIJ62g11K9rhVQRsQv1jOPL1-U,https://search.google.com/local/reviews?placeid=ChIJ62g11K9rhVQRsQv1jOPL1-U&q=*&authuser=0&hl=en&gl=US,https://lh3.googleusercontent.com/gps-cs-s/APNQkAHDst-AmqoUTMNiwIOa64Z1Ov1LLEFKcscdBSvdYIrS2apzJezKt8QOkLs_mBstbkxU4wU47PUzp6GT2p80N0B0sIH_TRatHgb8Rdh5JaFxLxaKd1FSrJ8RVgi_2WF_MBXWzz-S=w800-h500-k-no,"bar, 98274, WA, US",98274,outscraper_google_maps
Whidbey Island Bagel Factory,,102 S 10th St,Mount Vernon,98274,,United States of America,48.4209898,-122.3283685,,+1 360-899-9538,Bakery,Bakery,"Bakery, Fast food restaurant",4.6,507.0,OPERATIONAL,"{""Friday"": [""6AM-3PM""], ""Monday"": [""6AM-3PM""], ""Saturday"": [""7AM-3PM""], ""Sunday"": [""7AM-3PM""], ""Thursday"": [""6AM-3PM""], ""Tuesday"": [""6AM-3PM""], ""Wednesday"": [""6AM-3PM""]}",0x54856fc462e26005:0x453e7925becc2621,ChIJBWDiYsRvhVQRISbMviV5PkU,https://search.google.com/local/reviews?placeid=ChIJBWDiYsRvhVQRISbMviV5PkU&q=*&authuser=0&hl=en&gl=US,https://lh3.googleusercontent.com/gps-cs-s/APNQkAGqY0y_JOLYXSog-JFKYz0GG2wkXnu-QqpGzC20wg2BEfI-ezZgJp9lLCXxz5xJAVTzGnry3Ft0amfutdMHeDJQ57uftEdFqs4Lbl_5fodSs-zpRLLbnPNSCLxQeYTT9PHXukM=w800-h500-k-no,"cafe, 98274, WA, US",98274,outscraper_google_maps
diner,,18247 WA-9,Mount Vernon,98274,,United States of America,48.3813865,-122.221921,,,Coffee shop,coffee shops,Coffee shop,,,OPERATIONAL,,0x54856b0014e74e37:0xbddd5c653d7491ce,ChIJN07nFABrhVQRzpF0PWVc3b0,,https://streetviewpixels-pa.googleapis.com/v1/thumbnail?panoid=BT2QSPoWqbbEUFgpZ4bCAw&cb_client=search.gws-prod.gps&w=800&h=500&yaw=63.49149&pitch=0&thumbfov=100,"cafe, 98274, WA, US",98274,outscraper_google_maps
Glacier Peak's The Cellar,,58468 Clark Cabin Rd,Rockport,98283,,United States of America,48.5121972,-121.472207,,+1 360-873-2250,Bar,bars,Bar,4.5,17.0,OPERATIONAL,"{""Friday"": [""5-8PM""], ""Monday"": [""Closed""], ""Saturday"": [""5-8PM""], ""Sunday"": [""8AM-8PM""], ""Thursday"": [""8AM-8PM""], ""Tuesday"": [""Closed""], ""Wednesday"": [""Closed""]}",0x5484dd0056c8bded:0x4801893f782b45e,ChIJ7b3IVgDdhFQRXrSC95MYgAQ,https://search.google.com/local/reviews?placeid=ChIJ7b3IVgDdhFQRXrSC95MYgAQ&q=*&authuser=0&hl=en&gl=US,https://lh3.googleusercontent.com/gps-cs-s/APNQkAEwU9dV5YguDv1gkYsINop8vX9QDg-tZlYA17YcZjm1DwHPk0Cz6qksulMB_Rt7z3nyBr_zVkLS3aQ2oAkXB1qRdePHtltugziqYeqsALrZHysFjNq1COnGteOQTyxx6f-ZF_fz=w800-h500-k-no,"brewery, 98283, WA, US",98283,outscraper_google_maps
Hippie's hideout,,52807 Railroad Ave,Rockport,98283,,United States of America,48.4849656,-121.5975343,,+1 360-853-8266,Restaurant,restaurants,Restaurant,,,OPERATIONAL,"{""Friday"": [""12PM-12AM""], ""Monday"": [""3-8PM""], ""Saturday"": [""8AM-12AM""], ""Sunday"": [""8AM-9PM""], ""Thursday"": [""3-9PM""], ""Tuesday"": [""Closed""], ""Wednesday"": [""Closed""]}",0x5484df9e2ae60db9:0x9f7bf3e1fac9ac23,ChIJuQ3mKp7fhFQRI6zJ-uHze58,,https://streetviewpixels-pa.googleapis.com/v1/thumbnail?panoid=_CiiK2kIeN6M-JjhOw0-Qg&cb_client=search.gws-prod.gps&w=800&h=500&yaw=7.4064646&pitch=0&thumbfov=100,"restaurant, 98283, WA, US",98283,outscraper_google_maps
Rockport Bar & Grill,,52807 Railroad Ave,Rockport,98283,,United States of America,48.4849743,-121.5975093,,+1 360-853-8266,Restaurant,bars,"Restaurant, Bar",4.3,331.0,OPERATIONAL,"{""Friday"": [""12PM-12AM""], ""Monday"": [""1-8PM""], ""Saturday"": [""Open 24 hours""], ""Sunday"": [""8AM-8PM""], ""Thursday"": [""1-8PM""], ""Tuesday"": [""Closed""], ""Wednesday"": [""Closed""]}",0x5484dfa01012a8b1:0x1bfbd864828555d2,ChIJsagSEKDfhFQR0lWFgmTY-xs,https://search.google.com/local/reviews?placeid=ChIJsagSEKDfhFQR0lWFgmTY-xs&q=*&authuser=0&hl=en&gl=US,https://lh3.googleusercontent.com/gps-cs-s/APNQkAGa5HagC2NBitbzi3IHRsjukPPVJF7mw_cWWGtT5BzAgDW2QvQqsVvJ4CQ1GTTCMfN2TDtXy23M7tQ_J3wbOfGpsOhS5Ufexoq3SPfhkKPVpr160j3AyHQeEBZvGT0_n2t6glQjIw=w800-h500-k-no,"restaurant, 98283, WA, US",98283,outscraper_google_maps
Apothecary Coffee,,339 Ferry St,Sedro-Woolley,98284,,United States of America,48.5050508,-122.23578099999999,,+1 360-853-2003,Coffee shop,coffee shops,Coffee shop,4.9,350.0,OPERATIONAL,"{""Friday"": [""7AM-4PM""], ""Monday"": [""7AM-4PM""], ""Saturday"": [""7AM-3PM""], ""Sunday"": [""7AM-3PM""], ""Thursday"": [""7AM-4PM""], ""Tuesday"": [""7AM-4PM""], ""Wednesday"": [""7AM-4PM""]}",0x5485131053ce35cd:0xb7c33205ae1ce047,ChIJzTXOUxAThVQRR-AcrgUyw7c,https://search.google.com/local/reviews?placeid=ChIJzTXOUxAThVQRR-AcrgUyw7c&q=*&authuser=0&hl=en&gl=US,https://lh3.googleusercontent.com/gps-cs-s/APNQkAEKbwi0c8VN3YBWLUW9h5vaoDboPlOJS5X2pEGZBWH2CZURkQU9gHFO9oHmCuWVX1tjsUk9MX4eawQEte7jy-YbLlUwTY4gNH931rMIVVOoCKUQ0uJWYF7GS0L-dcbUOTcb_watNA=w800-h500-k-no,"restaurant, 98284, WA, US",98284,outscraper_google_maps
Bapster,,802 State Rte 20 B,Sedro-Woolley,98284,,United States of America,48.5031071,-122.25317179999999,,+1 360-302-8664,Korean restaurant,restaurants,"Korean restaurant, Bubble tea store, Lunch restaurant, Pan-Asian restaurant",4.8,109.0,OPERATIONAL,"{""Friday"": [""11AM-8:30PM""], ""Monday"": [""11AM-8:30PM""], ""Saturday"": [""12-8:30PM""], ""Sunday"": [""Closed""], ""Thursday"": [""11AM-8:30PM""], ""Tuesday"": [""11AM-8:30PM""], ""Wednesday"": [""11AM-8:30PM""]}",0x54851338ea8795a9:0x3848deb604f4a9ce,ChIJqZWH6jgThVQRzqn0BLbeSDg,https://search.google.com/local/reviews?placeid=ChIJqZWH6jgThVQRzqn0BLbeSDg&q=*&authuser=0&hl=en&gl=US,https://lh3.googleusercontent.com/gps-cs-s/APNQkAGQ-I_hVJrzT_AoyAjfTunclxclvbGHoSbfF7_nc96ECQ79brF39vO_ul2WPs6AXKSUiX2aXmXx6Zjz0fo7Gm1lrnMwGxzLFM-7OaW7b3KNk8pdEeCyd9uovFtgO7jERjUkIowOUihtIZn3=w800-h500-k-no,"restaurant, 98284, WA, US",98284,outscraper_google_maps
Bonnie Jo's,,818 Metcalf St,Sedro-Woolley,98284,,United States of America,48.5038872,-122.2389297,,+1 360-855-9220,Restaurant,restaurants,"Restaurant, Cafe",4.6,390.0,OPERATIONAL,"{""Friday"": [""6AM-2PM""], ""Monday"": [""6AM-2PM""], ""Saturday"": [""6AM-2PM""], ""Sunday"": [""7AM-2PM""], ""Thursday"": [""6AM-2PM""], ""Tuesday"": [""6AM-2PM""], ""Wednesday"": [""6AM-2PM""]}",0x54851301379922ff:0x8c613988203e3137,ChIJ_yKZNwEThVQRNzE-IIg5YYw,https://search.google.com/local/reviews?placeid=ChIJ_yKZNwEThVQRNzE-IIg5YYw&q=*&authuser=0&hl=en&gl=US,https://lh3.googleusercontent.com/gps-cs-s/APNQkAHHIl3Lx1Xf8jaixvO3_pESs6aN6csCrpPvylJ2XvA30GhT8HSHRfTttEaIYiod5UMB9RKP6xjOvBWUphI3lhoQHlD-mhfOkJMGzZ1i0AsQYVDr2ICzssgzYA1cXBPdqZ8mDyMW=w800-h500-k-no,"restaurant, 98284, WA, US",98284,outscraper_google_maps
Burger King,,600 Crossroads Square,Sedro-Woolley,98284,,United States of America,48.5046032,-122.24906209999999,,+1 564-260-3083,Fast food restaurant,restaurants,"Fast food restaurant, Breakfast restaurant, Delivery service, Family restaurant",3.4,857.0,OPERATIONAL,"{""Friday"": [""6AM-12AM""], ""Monday"": [""6AM-12AM""], ""Saturday"": [""6AM-12AM""], ""Sunday"": [""7AM-12AM""], ""Thursday"": [""6AM-12AM""], ""Tuesday"": [""6AM-12AM""], ""Wednesday"": [""6AM-12AM""]}",0x548512b8e2453bb3:0x27b1d6f5590b5cf2,ChIJsztF4rgShVQR8lwLWfXWsSc,https://search.google.com/local/reviews?placeid=ChIJsztF4rgShVQR8lwLWfXWsSc&q=*&authuser=0&hl=en&gl=US,https://lh3.googleusercontent.com/gps-cs-s/APNQkAFdmco979KQ2lvQ0zJjN429a0tKs3MfwS5XtTTm6XF8Eg03nexTGp5Lu_bu2hWj5swHkWNXhPnOw-a62Lhs4AgfjiEkMwQjc8qqJ_YRuvdbiYahUwjde-h0GtGQ0QYcXvgOq8Vv=w800-h500-k-no,"restaurant, 98284, WA, US",98284,outscraper_google_maps
Cascade Pizza Sedro-Woolley,,852 W State Rte 20,Sedro-Woolley,98284,,United States of America,48.5027204,-122.2545442,,+1 360-856-1136,Pizza restaurant,restaurants,"Pizza restaurant, Italian restaurant, Delivery Restaurant",4.4,842.0,OPERATIONAL,"{""Friday"": [""11AM-9PM""], ""Monday"": [""Closed""], ""Saturday"": [""11AM-9PM""], ""Sunday"": [""11AM-9PM""], ""Thursday"": [""11AM-9PM""], ""Tuesday"": [""11AM-9PM""], ""Wednesday"": [""11AM-9PM""]}",0x548512b79b438ef3:0xfbcf0fd95c8dc156,ChIJ845Dm7cShVQRVsGNXNkPz_s,https://search.google.com/local/reviews?placeid=ChIJ845Dm7cShVQRVsGNXNkPz_s&q=*&authuser=0&hl=en&gl=US,https://lh3.googleusercontent.com/gps-cs-s/APNQkAGCnvmPFBKXPJ2wwItjKltrBUSOgEIZCOeIPDc_Yif1akNjKScYD7yo_NN_HdPR1yovJRj_Zx8cZF4gaJ9O7-xJtWxtORNVqJR7MIoYpBG_O0S_uaVbEi0hZsCxalB8W-lgOUY=w800-h500-k-no,"restaurant, 98284, WA, US",98284,outscraper_google_maps
Coconut Kenny's Pizza - Sedro-Woolley,,714 Metcalf St,Sedro-Woolley,98284,,United States of America,48.5047286,-122.2389657,,+1 360-855-9600,Pizza restaurant,restaurants,Pizza restaurant,4.5,576.0,OPERATIONAL,"{""Friday"": [""11AM-9PM""], ""Monday"": [""11AM-9PM""], ""Saturday"": [""11AM-9PM""], ""Sunday"": [""11AM-9PM""], ""Thursday"": [""11AM-9PM""], ""Tuesday"": [""11AM-9PM""], ""Wednesday"": [""11AM-9PM""]}",0x548512c0732913b9:0xf532ca722de9af18,ChIJuRMpc8AShVQRGK_pLXLKMvU,https://search.google.com/local/reviews?placeid=ChIJuRMpc8AShVQRGK_pLXLKMvU&q=*&authuser=0&hl=en&gl=US,https://lh3.googleusercontent.com/gps-cs-s/APNQkAGcTMJoFk4U-ekkWIgF9JBJdXsGGmsZdkye-XKen-SWSkc-NQYG22vViAd1zj3lGqv81ZYESEms_rLOEN_PNmQcjy4pNyhHvqFwXKfLTeq1RgCom3NgHRrcuSbgEnDUxT5Dhy4MBQ=w800-h500-k-no,"restaurant, 98284, WA, US",98284,outscraper_google_maps
Deli shez Cafe Sedro,,612 Metcalf St,Sedro-Woolley,98284,,United States of America,48.5059428,-122.2389973,,+1 360-643-6207,Restaurant,restaurants,Restaurant,4.6,60.0,OPERATIONAL,"{""Friday"": [""4PM-12AM""], ""Monday"": [""4-10PM""], ""Saturday"": [""11AM-12AM""], ""Sunday"": [""11AM-9PM""], ""Thursday"": [""4-10PM""], ""Tuesday"": [""4-10PM""], ""Wednesday"": [""4-10PM""]}",0x548513f9d6be668b:0x9ac38729ddcf24e2,ChIJi2a-1vkThVQR4iTP3SmHw5o,https://search.google.com/local/reviews?placeid=ChIJi2a-1vkThVQR4iTP3SmHw5o&q=*&authuser=0&hl=en&gl=US,https://lh3.googleusercontent.com/gps-cs-s/APNQkAFS16sJsIctlTfKTpE7BjJmzCcqX1bhbt3Xk5uTkhQe08jfEepstmrzm96Av7I1pSKx5RqWB0GVwReMs4ZbvC2WiRKk1tWxRUz_mA7Gck_mx7OYqNl9YxT0OCViwDJoWpYGI5Gv=w800-h500-k-no,"restaurant, 98284, WA, US",98284,outscraper_google_maps
Diedrich Espresso Sedro Woolley Cook Rd,,489 Cook Rd,Sedro-Woolley,98284,,United States of America,48.5071182,-122.247322,,+1 360-856-1910,Coffee shop,coffee shops,Coffee shop,4.3,153.0,OPERATIONAL,"{""Friday"": [""4AM-9PM""], ""Monday"": [""4AM-9PM""], ""Saturday"": [""5AM-9PM""], ""Sunday"": [""6AM-9PM""], ""Thursday"": [""4AM-9PM""], ""Tuesday"": [""4AM-9PM""], ""Wednesday"": [""4AM-9PM""]}",0x548513e6411e1a25:0x496e7a629560e320,ChIJJRoeQeYThVQRIONglWJ6bkk,https://search.google.com/local/reviews?placeid=ChIJJRoeQeYThVQRIONglWJ6bkk&q=*&authuser=0&hl=en&gl=US,https://lh3.googleusercontent.com/gps-cs-s/APNQkAG1wc3mHqimryB3aO11dQbn5iPE_yntsxFBVSU6iZjmSbV3ZdRk6zBzi_uTiMiOA38BOmdqNgiCnyFGowCxxZyWw0bn8CBobM6RcRZbMEFD9a9TbzlvyHtZtCmAxDy2Tsx-niU=w800-h500-k-no,"cafe, 98284, WA, US",98284,outscraper_google_maps
Diedrich Espresso Sedro Woolley Moore St,,1125 Moore St,Sedro-Woolley,98284,,United States of America,48.5104738,-122.2220739,,+1 360-755-3005,Coffee shop,coffee shops,Coffee shop,4.1,162.0,OPERATIONAL,"{""Friday"": [""4AM-7PM""], ""Monday"": [""4AM-7PM""], ""Saturday"": [""5AM-7PM""], ""Sunday"": [""6AM-7PM""], ""Thursday"": [""4AM-7PM""], ""Tuesday"": [""4AM-7PM""], ""Wednesday"": [""4AM-7PM""]}",0x5485134f025b9797:0x5ed6bdaf76c2a135,ChIJl5dbAk8ThVQRNaHCdq-91l4,https://search.google.com/local/reviews?placeid=ChIJl5dbAk8ThVQRNaHCdq-91l4&q=*&authuser=0&hl=en&gl=US,https://lh3.googleusercontent.com/gps-cs-s/APNQkAFvRGIcq0eU_UTKvhLvHzvy0WZO4UijXVNHB182OW6shOzKGdI-ngXpUeGibAzJzxLZ98OxjHhta79A3E0n3zpIXrqqxW7wxYak_ZMv-H4T8m-CpRQEIuIyHrtLd--M10ElhGyI=w800-h500-k-no,"cafe, 98284, WA, US",98284,outscraper_google_maps
Diedrich Espresso Sedro Woolley on Hwy 20,,802 State Rte 20,Sedro-Woolley,98284,,United States of America,48.5029178,-122.25349969999999,,+1 360-856-2658,Coffee shop,coffee shops,Coffee shop,3.9,9.0,OPERATIONAL,"{""Friday"": [""4:30AM-6PM""], ""Monday"": [""4:30AM-6PM""], ""Saturday"": [""5AM-6PM""], ""Sunday"": [""6AM-6PM""], ""Thursday"": [""4:30AM-6PM""], ""Tuesday"": [""4:30AM-6PM""], ""Wednesday"": [""4:30AM-6PM""]}",0x549d27ba86e5b879:0x5a39f475d6167fec,ChIJebjlhronnVQR7H8W1nX0OVo,https://search.google.com/local/reviews?placeid=ChIJebjlhronnVQR7H8W1nX0OVo&q=*&authuser=0&hl=en&gl=US,https://streetviewpixels-pa.googleapis.com/v1/thumbnail?panoid=g0wuyDWSqklsMxSktB_vWw&cb_client=search.gws-prod.gps&w=800&h=500&yaw=328.14423&pitch=0&thumbfov=100,"coffee shop, 98284, WA, US",98284,outscraper_google_maps
Domino's Pizza,,118 Ferry St,Sedro-Woolley,98284,,United States of America,48.5055984,-122.23920509999999,,+1 360-855-1000,Pizza delivery,Pizza delivery,"Pizza delivery, Chicken wings restaurant, Pizza restaurant, Pizza Takeout",4.0,427.0,OPERATIONAL,"{""Friday"": [""10:30AM-1AM""], ""Monday"": [""10:30AM-12AM""], ""Saturday"": [""10:30AM-1AM""], ""Sunday"": [""10:30AM-12AM""], ""Thursday"": [""10:30AM-12AM""], ""Tuesday"": [""10:30AM-12AM""], ""Wednesday"": [""10:30AM-12AM""]}",0x548512bff3dfbb57:0x2cc8fc6aca194f66,ChIJV7vf878ShVQRZk8Zymr8yCw,https://search.google.com/local/reviews?placeid=ChIJV7vf878ShVQRZk8Zymr8yCw&q=*&authuser=0&hl=en&gl=US,https://lh3.googleusercontent.com/gps-cs-s/APNQkAFiUHfl_4UGwgvnOvaaczWP3l1x1r_yGzNPvL3lHP7FSzhMP5EFgWDXgx3oxT3mNRKN0PLHIlrwoT2zQdGOSnaglNdvzusOsu30wwf25sK7kqIaMmrPhOePjqHOkHl67D5E1tO7=w800-h500-k-no,"restaurant, 98284, WA, US",98284,outscraper_google_maps
Double Barrel BBQ,,108 W Moore St,Sedro-Woolley,98284,,United States of America,48.5109004,-122.2400364,,+1 360-770-7427,Restaurant,restaurants,"Restaurant, Bar, Barbecue restaurant, Catering food and drink supplier, Food producer",4.4,1215.0,OPERATIONAL,"{""Friday"": [""7AM-9PM""], ""Monday"": [""7AM-8PM""], ""Saturday"": [""7AM-9PM""], ""Sunday"": [""7AM-8PM""], ""Thursday"": [""7AM-8PM""], ""Tuesday"": [""Closed""], ""Wednesday"": [""7AM-8PM""]}",0x54850d91049e1423:0xa947a05175c90b9e,ChIJIxSeBJENhVQRngvJdVGgR6k,https://search.google.com/local/reviews?placeid=ChIJIxSeBJENhVQRngvJdVGgR6k&q=*&authuser=0&hl=en&gl=US,https://lh3.googleusercontent.com/gps-cs-s/APNQkAERxGSU0YGtrbZke_HauwxDmgAGADRC2tzsRzmHZx5nahEnxC2IsqtRgaiBHrsEB5BCSujdl246rKR8ShYPxMdXZZD4urnuRU5PnVLGJoxfvgCzGi3hLPbnxV4mwK4LmtWB8aL0lQ=w800-h500-k-no,"restaurant, 98284, WA, US",98284,outscraper_google_maps
El Patron Restaurant,,903 3rd St,Sedro-Woolley,98284,,United States of America,48.5031902,-122.2371527,,+1 360-899-4282,Restaurant,restaurants,"Restaurant, Mexican restaurant, Taco restaurant",4.6,228.0,OPERATIONAL,"{""Friday"": [""11AM-10PM""], ""Monday"": [""11AM-9PM""], ""Saturday"": [""11AM-10PM""], ""Sunday"": [""11AM-8PM""], ""Thursday"": [""11AM-9PM""], ""Tuesday"": [""11AM-9PM""], ""Wednesday"": [""11AM-9PM""]}",0x548513232ed5a05d:0xb2508a43da30275c,ChIJXaDVLiMThVQRXCcw2kOKULI,https://search.google.com/local/reviews?placeid=ChIJXaDVLiMThVQRXCcw2kOKULI&q=*&authuser=0&hl=en&gl=US,https://lh3.googleusercontent.com/gps-cs-s/APNQkAGNenWOU4LS6_zw7MGA8F0fVUY6AS3Eu13DzMxmgnJOpfonaspP5YK4Ma9FVaT7yaTEm0JoBeTKWnWVO9VIiCkWta-6RhKCjAA__Xit-UyCKrcxT6vFeL-KlRAPkEjepv1Y_krl=w800-h500-k-no,"restaurant, 98284, WA, US",98284,outscraper_google_maps
GOOD TO GO GRILL,,3094 Glenhaven Dr,Sedro-Woolley,98284,,United States of America,48.656207699999996,-122.32517759999999,,+1 360-595-0900,Japanese restaurant,restaurants,Japanese restaurant,4.7,15.0,OPERATIONAL,"{""Friday"": [""11:30AM-8PM""], ""Monday"": [""Closed""], ""Saturday"": [""11:30AM-8PM""], ""Sunday"": [""12-8PM""], ""Thursday"": [""11:30AM-8PM""], ""Tuesday"": [""11:30AM-8PM""], ""Wednesday"": [""11:30AM-8PM""]}",0x54850b43d7b86e25:0x8ab98733a574bb37,ChIJJW6410MLhVQRN7t0pTOHuYo,https://search.google.com/local/reviews?placeid=ChIJJW6410MLhVQRN7t0pTOHuYo&q=*&authuser=0&hl=en&gl=US,https://lh3.googleusercontent.com/gps-cs-s/APNQkAHGe2hiWRhJlFVPqz4tnibriC5WT_khXZiEH8HScssmKkcmnyeshQn8fjcOK0aQlhP0TdAl5Bnoz82S1fMWMlyqxYSMcTf_t5l9kA8KRL2X-tC1uLKul0_pxODPfLSVEPHX0f4Zf8aC51s=w800-h500-k-no,"restaurant, 98284, WA, US",98284,outscraper_google_maps
Hacienda Tequila | Sedro-Woolley,,617 Metcalf St,Sedro-Woolley,98284,,United States of America,48.505749599999994,-122.2383309,,+1 360-899-5253,Mexican restaurant,restaurants,"Mexican restaurant, Family restaurant",4.5,1098.0,OPERATIONAL,"{""Friday"": [""11AM-10PM""], ""Monday"": [""11AM-9PM""], ""Saturday"": [""11AM-10PM""], ""Sunday"": [""11AM-9PM""], ""Thursday"": [""11AM-9PM""], ""Tuesday"": [""11AM-9PM""], ""Wednesday"": [""11AM-9PM""]}",0x548512bfe3425db1:0x7a8667daa604dd9f,ChIJsV1C478ShVQRn90Eptpnhno,https://search.google.com/local/reviews?placeid=ChIJsV1C478ShVQRn90Eptpnhno&q=*&authuser=0&hl=en&gl=US,https://lh3.googleusercontent.com/gps-cs-s/APNQkAEI5g0mz8-1xw9ez-tXOW-GWl6a_m_DVzCoSng2AuCvfvLnnesNsir4xbqtXik-lfw0OtudC-AUiDP7dmgnLsm2eQ65D-Xy-V_MoytbAYhrIkO9VbXHKe4ze8d6DdqFZEBbSUwNRw=w800-h500-k-no,"restaurant, 98284, WA, US",98284,outscraper_google_maps
Hal's Drive In,,321 State St,Sedro-Woolley,98284,,United States of America,48.503121799999995,-122.23635379999999,,+1 360-855-0868,Hamburger restaurant,Hamburger restaurant,"Hamburger restaurant, Fast food restaurant, Ice cream shop",4.4,1280.0,OPERATIONAL,"{""Friday"": [""10:30AM-7PM""], ""Monday"": [""10:30AM-7PM""], ""Saturday"": [""10:30AM-7PM""], ""Sunday"": [""10:30AM-7PM""], ""Thursday"": [""10:30AM-7PM""], ""Tuesday"": [""10:30AM-7PM""], ""Wednesday"": [""10:30AM-7PM""]}",0x548512c1ca526a7d:0x8f0cb1512628f822,ChIJfWpSysEShVQRIvgoJlGxDI8,https://search.google.com/local/reviews?placeid=ChIJfWpSysEShVQRIvgoJlGxDI8&q=*&authuser=0&hl=en&gl=US,https://lh3.googleusercontent.com/gps-cs-s/APNQkAG9Z2JX3ZPJgpOB2L1iNUpKuU1oPEjoW1kqpKb9gIzuEEHU7v7kHU2N72vbofxKvm1-2dzdMEfXpdgSSPIWUTZSXrH9dNoswQrGLq6GUsC1Yf5qc_Ec_FUCgyIwYvV1w9yoyecuLA=w800-h500-k-no,"restaurant, 98284, WA, US",98284,outscraper_google_maps
Iron Mountain Bar & Grill,,708 Metcalf St,Sedro-Woolley,98284,,United States of America,48.5050175,-122.23896699999999,,+1 360-982-2079,Bar & grill,restaurants,"Bar & grill, American restaurant, Bar",4.7,308.0,OPERATIONAL,"{""Friday"": [""11AM-12AM""], ""Monday"": [""11AM-10PM""], ""Saturday"": [""11AM-12AM""], ""Sunday"": [""11AM-10PM""], ""Thursday"": [""11AM-10PM""], ""Tuesday"": [""11AM-10PM""], ""Wednesday"": [""11AM-10PM""]}",0x548512c00b21bc41:0x7027772119b456d5,ChIJQbwhC8AShVQR1Va0GSF3J3A,https://search.google.com/local/reviews?placeid=ChIJQbwhC8AShVQR1Va0GSF3J3A&q=*&authuser=0&hl=en&gl=US,https://lh3.googleusercontent.com/gps-cs-s/APNQkAEafLW00TH62KwPRf-Fi77AgXwhZXedArjFjKa2wL056wmkpZhdN95DdlxSXHppOpnCt_82PpOflP92tVFcZsSTI9LIkMTntLILh0jTLKdEKmnDaujcGOMkZ4UV3Dh7a2YA-uKlSQ=w800-h500-k-no,"restaurant, 98284, WA, US",98284,outscraper_google_maps
James Market,,225 W State St,Sedro-Woolley,98284,,United States of America,48.5028332,-122.2440311,,+1 360-856-1479,Convenience store,Convenience store,"Convenience store, Beer store",4.3,71.0,OPERATIONAL,"{""Friday"": [""7AM-11:30PM""], ""Monday"": [""7AM-11:30PM""], ""Saturday"": [""7AM-11:30PM""], ""Sunday"": [""7AM-11:30PM""], ""Thursday"": [""7AM-11:30PM""], ""Tuesday"": [""7AM-11:30PM""], ""Wednesday"": [""7AM-11:30PM""]}",0x548512c7527c3645:0xc644cfe9d020564c,ChIJRTZ8UscShVQRTFYg0OnPRMY,https://search.google.com/local/reviews?placeid=ChIJRTZ8UscShVQRTFYg0OnPRMY&q=*&authuser=0&hl=en&gl=US,https://lh3.googleusercontent.com/gps-cs-s/APNQkAEkrPI1lUERZYYKHDah171kPX0Ei8gxYEy7-0syCFp_n1953rs2AlxWFCfmpOlESFGu1MZvwPX4nSprtWO9cBU8G5h3XcMFEwPxO43f9XC-Ytpl5lcOJFnna1fXyabh7jWVSAPw=w800-h500-k-no,"deli, 98284, WA, US",98284,outscraper_google_maps
Joy's Bakery,,823 Metcalf St,Sedro-Woolley,98284,,United States of America,48.5036656,-122.23827019999999,,+1 360-855-0610,American restaurant,restaurants,"American restaurant, Breakfast restaurant",4.7,1067.0,OPERATIONAL,"{""Friday"": [""7AM-2PM""], ""Monday"": [""Closed""], ""Saturday"": [""7AM-2PM""], ""Sunday"": [""7AM-2PM""], ""Thursday"": [""7AM-2PM""], ""Tuesday"": [""Closed""], ""Wednesday"": [""Closed""]}",0x548512c044627a1d:0x50333fe7a6fd87af,ChIJHXpiRMAShVQRr4f9puc_M1A,https://search.google.com/local/reviews?placeid=ChIJHXpiRMAShVQRr4f9puc_M1A&q=*&authuser=0&hl=en&gl=US,https://lh3.googleusercontent.com/gps-cs-s/APNQkAFJhYkc1CAWlnhaBwekaa54pzLRy4eMFaRbbfO016Ei-YIqHUTtgw0ZFM56DcKHvY7TMPpUsZWqjcpVQLYBO708RI8Y5Vn3U23dQArpc-DonOgGP54dZKVfzFe1gMLYJsA41NORLQ=w800-h500-k-no,"restaurant, 98284, WA, US",98284,outscraper_google_maps
Krispy Krunchy Chicken,,801 State St,Sedro-Woolley,98284,,United States of America,48.502940699999996,-122.2274487,,+1 360-399-7751,Chicken restaurant,restaurants,"Chicken restaurant, Fast food restaurant",3.0,1.0,OPERATIONAL,"{""Friday"": [""9AM-8PM""], ""Monday"": [""9AM-8PM""], ""Saturday"": [""9AM-8PM""], ""Sunday"": [""9AM-8PM""], ""Thursday"": [""9AM-8PM""], ""Tuesday"": [""9AM-8PM""], ""Wednesday"": [""9AM-8PM""]}",0x5485133b9a94f6f5:0xc343b8f1c04f2197,ChIJ9faUmjsThVQRlyFPwPG4Q8M,https://search.google.com/local/reviews?placeid=ChIJ9faUmjsThVQRlyFPwPG4Q8M&q=*&authuser=0&hl=en&gl=US,https://lh3.googleusercontent.com/gps-cs-s/APNQkAHFlRUbK0p6Cdto6KzdIFLpAUlobJgcS_IdliqVRhc36d9XR66q3MyT0_voTk9p57sNsJRfqZT1xYmAtUOJLPby_yWpwfKslHdPGq50QKWtl1BGhkJLe16kz1xRnK770qGdUjNcQLD21cPJ=w800-h500-k-no,"restaurant, 98284, WA, US",98284,outscraper_google_maps
Laura's Carniceria & Mexican Store,,902 State Rte 20,Sedro-Woolley,98284,,United States of America,48.5020641,-122.2557473,,+1 360-899-5627,Grocery store,Grocery store,"Grocery store, Butcher shop",4.6,75.0,OPERATIONAL,"{""Friday"": [""9AM-8PM""], ""Monday"": [""9AM-8PM""], ""Saturday"": [""8AM-8PM""], ""Sunday"": [""8AM-8PM""], ""Thursday"": [""9AM-8PM""], ""Tuesday"": [""9AM-8PM""], ""Wednesday"": [""9AM-8PM""]}",0x54851345cde4fa61:0x3331850f5f857207,ChIJYfrkzUUThVQRB3KFXw-FMTM,https://search.google.com/local/reviews?placeid=ChIJYfrkzUUThVQRB3KFXw-FMTM&q=*&authuser=0&hl=en&gl=US,https://lh3.googleusercontent.com/gps-cs-s/APNQkAFNMOGoux0xGoURTyJd5-WexAFOdFXA_DnEo6T9bY3I0z0yDog1G1GXw4yHSwwz9ZFWckrjdv9tsJRlgCVuShbg1v58EwrcvW_Y0igfheZ39autXUyucwYhfQx1O4lHlvf27TxpIFlMg5AK=w800-h500-k-no,"restaurant, 98284, WA, US",98284,outscraper_google_maps
"Lava Louie’s Pizza, Sedro Woolley",,829 Metcalf St,Sedro-Woolley,98284,,United States of America,48.503519399999995,-122.2384275,,+1 360-755-3116,Pizza restaurant,restaurants,Pizza restaurant,4.2,13.0,OPERATIONAL,"{""Friday"": [""11AM-1AM""], ""Monday"": [""11AM-11PM""], ""Saturday"": [""11AM-1AM""], ""Sunday"": [""11AM-11PM""], ""Thursday"": [""11AM-11PM""], ""Tuesday"": [""11AM-11PM""], ""Wednesday"": [""11AM-11PM""]}",0x54851394c50475d3:0xf919875810b8a097,ChIJ03UExZQThVQRl6C4EFiHGfk,https://search.google.com/local/reviews?placeid=ChIJ03UExZQThVQRl6C4EFiHGfk&q=*&authuser=0&hl=en&gl=US,https://lh3.googleusercontent.com/gps-cs-s/APNQkAFKuNLZPwUFdWko3jBRjbclfUeYp8CNxROk65PpjErFJ-oejSxx5v1K2w9wcWrQEkSGHJh8zBhB5rec7v1YA7KJ0hRF75GV1VJcDhuEZMYvz4koj5Azt27NVaaHTTzRikPsmxF3Uuw9SPeC=w800-h500-k-no,"restaurant, 98284, WA, US",98284,outscraper_google_maps
Liberty Bell Market,,801 State St,Sedro-Woolley,98284,,United States of America,48.5029986,-122.2275566,,+1 360-399-7751,Grocery store,Grocery store,Grocery store,4.3,188.0,OPERATIONAL,"{""Friday"": [""6AM-12AM""], ""Monday"": [""6AM-12AM""], ""Saturday"": [""6AM-12AM""], ""Sunday"": [""7AM-11PM""], ""Thursday"": [""6AM-12AM""], ""Tuesday"": [""6AM-12AM""], ""Wednesday"": [""6AM-12AM""]}",0x548512e963ce3a89:0xe9e1c2bacdb4bfee,ChIJiTrOY-kShVQR7r-0zbrC4ek,https://search.google.com/local/reviews?placeid=ChIJiTrOY-kShVQR7r-0zbrC4ek&q=*&authuser=0&hl=en&gl=US,https://lh3.googleusercontent.com/gps-cs-s/APNQkAHt8Mqz7gpFmozYnqkPYo8pOLaTsf7QFf0Li2d9paRD4Edf2KjgBZ6y_e-qleTIPeMiB8r6npPSGDt5PNffE6QqjYVf-xEJRgstIWMTYmksBr6MFda8GNm3JA6NwZKf_QWhInU=w800-h500-k-no,"deli, 98284, WA, US",98284,outscraper_google_maps
Little Caesars Pizza,,200 Carter St,Sedro-Woolley,98284,,United States of America,48.512263999999995,-122.21927,,+1 360-854-7655,Pizza restaurant,restaurants,"Pizza restaurant, Fast food restaurant, Pizza delivery, Pizza Takeout",3.9,598.0,OPERATIONAL,"{""Friday"": [""10AM-10PM""], ""Monday"": [""10AM-10PM""], ""Saturday"": [""10AM-10PM""], ""Sunday"": [""10AM-10PM""], ""Thursday"": [""10AM-10PM""], ""Tuesday"": [""10AM-10PM""], ""Wednesday"": [""10AM-10PM""]}",0x5485128cc7632fd5:0x7824f689cc4b0a8b,ChIJ1S9jx4wShVQRiwpLzIn2JHg,https://search.google.com/local/reviews?placeid=ChIJ1S9jx4wShVQRiwpLzIn2JHg&q=*&authuser=0&hl=en&gl=US,https://lh3.googleusercontent.com/gps-cs-s/APNQkAHvUdAkE75YTJY6DFtLJZGQc2XtgbRE81Y1p1DL4SIQMiooH8PLQNiYAIO1PhCypMRLMogWLldPSktJ6n84z0VRLuHT2IVFzKlsWoOU20Y02HhWE_2Qd4ywoW0k-pzGfKnrvPZt=w800-h500-k-no,"restaurant, 98284, WA, US",98284,outscraper_google_maps
Little Thailand,,702 Metcalf St,Sedro-Woolley,98284,,United States of America,48.5051121,-122.2388926,,+1 360-899-5378,Thai restaurant,restaurants,Thai restaurant,4.3,257.0,OPERATIONAL,"{""Friday"": [""11AM-8PM""], ""Monday"": [""11AM-8PM""], ""Saturday"": [""12-8PM""], ""Sunday"": [""Closed""], ""Thursday"": [""11AM-8PM""], ""Tuesday"": [""11AM-8PM""], ""Wednesday"": [""11AM-8PM""]}",0x548512c0085fc585:0x7e8408e86576c591,ChIJhcVfCMAShVQRkcV2ZegIhH4,https://search.google.com/local/reviews?placeid=ChIJhcVfCMAShVQRkcV2ZegIhH4&q=*&authuser=0&hl=en&gl=US,https://lh3.googleusercontent.com/gps-cs-s/APNQkAE1RQtV6L364xZtfNh2TWhtOuGz8Ba4w3M-2twCaMH8ToNMm6H9s58e3awkZ68OzjbyXJZVuEqKEYPIzL9DO28iKvnxaozKckIdAFHa-Jzj2dXHFJ0VuaMbe8w3Xf77-Kf26yUWLA=w800-h500-k-no,"restaurant, 98284, WA, US",98284,outscraper_google_maps
Lorenzo's Mexican Restaurant,,221 Central St,Sedro-Woolley,98284,,United States of America,48.510101,-122.2302852,,+1 360-856-6810,Mexican restaurant,restaurants,"Mexican restaurant, Caterer",4.5,1529.0,OPERATIONAL,"{""Friday"": [""11AM-9PM""], ""Monday"": [""11AM-9PM""], ""Saturday"": [""11AM-9PM""], ""Sunday"": [""11AM-9PM""], ""Thursday"": [""11AM-9PM""], ""Tuesday"": [""11AM-9PM""], ""Wednesday"": [""11AM-9PM""]}",0x5485138fd6808153:0x98cdf3ab0fac1b03,ChIJU4GA1o8ThVQRAxusD6vzzZg,https://search.google.com/local/reviews?placeid=ChIJU4GA1o8ThVQRAxusD6vzzZg&q=*&authuser=0&hl=en&gl=US,https://lh3.googleusercontent.com/gps-cs-s/APNQkAHpzyCpiU9C3OwjkJxaW7PnLwI4k0QCrnA9EUHNaDmOzI5ehMRoEl2n8qtWLng3hahIb8UFIDFRaSPyAyFGD8wRpZX7hCB-RIJU7xfXHl4aXiL-nERszwJZPSGLHAnDHqFDH8f6Ww=w800-h500-k-no,"restaurant, 98284, WA, US",98284,outscraper_google_maps
Lucky Teriyaki Restaurant,,214 Ball St,Sedro-Woolley,98284,,United States of America,48.509800899999995,-122.2288074,,+1 360-855-3340,Chinese restaurant,restaurants,Chinese restaurant,3.1,624.0,OPERATIONAL,"{""Friday"": [""11AM-8PM""], ""Monday"": [""Closed""], ""Saturday"": [""11AM-8PM""], ""Sunday"": [""Closed""], ""Thursday"": [""11AM-8PM""], ""Tuesday"": [""11AM-8PM""], ""Wednesday"": [""11AM-8PM""]}",0x54851293189e3741:0x9212581404c19d74,ChIJQTeeGJMShVQRdJ3BBBRYEpI,https://search.google.com/local/reviews?placeid=ChIJQTeeGJMShVQRdJ3BBBRYEpI&q=*&authuser=0&hl=en&gl=US,https://lh3.googleusercontent.com/gps-cs-s/APNQkAEKnrbzHfSluOAFYZHJuHlYGr_G8w8m0O1qcUGac9KmFuYQbJ277djfG-S7Prg7erQEjtHkQtlFPvFb8vheBfcLXuskT9FzO-D9-2qOqfOQTXyc837oMjnR9hVBAnE05dLZ7YUE0Q=w800-h500-k-no,"restaurant, 98284, WA, US",98284,outscraper_google_maps
McDonald's,,1017 Hodgin St,Sedro-Woolley,98284,,United States of America,48.5016518,-122.25790389999999,,+1 360-856-2822,Fast food restaurant,restaurants,"Fast food restaurant, Breakfast restaurant, Hamburger restaurant, Takeout Restaurant, Restaurant",3.4,1369.0,OPERATIONAL,"{""Friday"": [""5AM-1AM""], ""Monday"": [""5AM-12AM""], ""Saturday"": [""5AM-1AM""], ""Sunday"": [""5AM-12AM""], ""Thursday"": [""5AM-12AM""], ""Tuesday"": [""5AM-12AM""], ""Wednesday"": [""5AM-12AM""]}",0x548512b5c2e51dd9:0xffec745a6516f88a,ChIJ2R3lwrUShVQRivgWZVp07P8,https://search.google.com/local/reviews?placeid=ChIJ2R3lwrUShVQRivgWZVp07P8&q=*&authuser=0&hl=en&gl=US,https://lh3.googleusercontent.com/gps-cs-s/APNQkAEEzSdF2Z331yKcaC69Clrbt_HasGc9JTJN-2fb1m0OKfZiOnZypt29d_eYrj-7zjStkvecqwsKdLhc7PxcsqAodqZWg-Q6r14Kepuf9eyld4IzN6z-Q6bZfrBE0U4388VJ38w7=w800-h500-k-no,"restaurant, 98284, WA, US",98284,outscraper_google_maps
Morgan's Espresso,,236 W Moore St,Sedro-Woolley,98284,,United States of America,48.5107783,-122.2422191,,+1 360-855-1846,Coffee shop,coffee shops,Coffee shop,4.7,358.0,OPERATIONAL,"{""Friday"": [""4:30AM-8PM""], ""Monday"": [""4:30AM-8PM""], ""Saturday"": [""5AM-8PM""], ""Sunday"": [""5AM-6PM""], ""Thursday"": [""4:30AM-8PM""], ""Tuesday"": [""4:30AM-8PM""], ""Wednesday"": [""4:30AM-8PM""]}",0x548512960db7423b:0xda86811225fbc381,ChIJO0K3DZYShVQRgcP7JRKBhto,https://search.google.com/local/reviews?placeid=ChIJO0K3DZYShVQRgcP7JRKBhto&q=*&authuser=0&hl=en&gl=US,https://lh3.googleusercontent.com/gps-cs-s/APNQkAHT4u82FTW7vyvSgdEuyO6BtPlafKQ5ozFaMBvu72xQ6xBgSRSF0zoVUNLgoBxMDtu502HkSwJWR9eYrqz3xQiqvv_AjOqAD72t323ho3SUn37o2W1tSCHJAQI_oztsYqgfPgA=w800-h500-k-no,"restaurant, 98284, WA, US",98284,outscraper_google_maps
Morgan's Espresso,,105 State St,Sedro-Woolley,98284,,United States of America,48.503146099999995,-122.24051949999999,,+1 360-855-1214,Coffee shop,coffee shops,Coffee shop,4.5,217.0,OPERATIONAL,"{""Friday"": [""5AM-8PM""], ""Monday"": [""5AM-8PM""], ""Saturday"": [""5AM-8PM""], ""Sunday"": [""7AM-7PM""], ""Thursday"": [""5AM-8PM""], ""Tuesday"": [""5AM-8PM""], ""Wednesday"": [""5AM-8PM""]}",0x548512c0f3731a0b:0x1918ab99bdec29a3,ChIJCxpz88AShVQRoynsvZmrGBk,https://search.google.com/local/reviews?placeid=ChIJCxpz88AShVQRoynsvZmrGBk&q=*&authuser=0&hl=en&gl=US,https://lh3.googleusercontent.com/gps-cs-s/APNQkAGnKuLR0j0pSO25B1JOCooT15CkNzzh-ahGWOdOLfK58Vc71RwfzAXl1m_nkn4Fdun1fFJZBZ8i091gYKxjxbT5JrZkRecD4AA0tUY8ojUOrhiKfyCM9mDxaViWHX-kzT52C6k=w800-h500-k-no,"restaurant, 98284, WA, US",98284,outscraper_google_maps
Old Timers Bar and Grill,,219 State St,Sedro-Woolley,98284,,United States of America,48.503088899999995,-122.238154,,+1 360-855-0802,Bar & grill,restaurants,Bar & grill,4.7,289.0,OPERATIONAL,"{""Friday"": [""11AM-1AM""], ""Monday"": [""11AM-12AM""], ""Saturday"": [""11AM-1AM""], ""Sunday"": [""11AM-12AM""], ""Thursday"": [""11AM-12AM""], ""Tuesday"": [""11AM-12AM""], ""Wednesday"": [""11AM-12AM""]}",0x548512c0502fa93b:0x347511a758a0ad13,ChIJO6kvUMAShVQRE62gWKcRdTQ,https://search.google.com/local/reviews?placeid=ChIJO6kvUMAShVQRE62gWKcRdTQ&q=*&authuser=0&hl=en&gl=US,https://lh3.googleusercontent.com/gps-cs-s/APNQkAE-ovEK9sc564KLvQMJghxyjY4Pi7ZptmnwskL3AjLRPaHPgteR-Uo7viNj2rrmBq57Q3-D7pm6ZvXTddFNQiPZIR6E3NQ4py7i1AmicEuU6SjQzk_5qk89BBOhNxAvk8MnJW24gg=w800-h500-k-no,"restaurant, 98284, WA, US",98284,outscraper_google_maps
Papa Murphy's | Take 'N' Bake Pizza,,108 N Township St,Sedro-Woolley,98284,,United States of America,48.5113571,-122.22644229999999,,+1 360-856-5805,Pizza restaurant,restaurants,"Pizza restaurant, Family restaurant, Italian restaurant, Takeout Restaurant, Vegetarian restaurant",4.4,347.0,OPERATIONAL,"{""Friday"": [""11AM-8PM""], ""Monday"": [""11AM-8PM""], ""Saturday"": [""11AM-8PM""], ""Sunday"": [""11AM-8PM""], ""Thursday"": [""11AM-8PM""], ""Tuesday"": [""11AM-8PM""], ""Wednesday"": [""11AM-8PM""]}",0x548512929aef1d5d:0xccdc6977e929bf0f,ChIJXR3vmpIShVQRD78p6Xdp3Mw,https://search.google.com/local/reviews?placeid=ChIJXR3vmpIShVQRD78p6Xdp3Mw&q=*&authuser=0&hl=en&gl=US,https://lh3.googleusercontent.com/gps-cs-s/APNQkAHE83o2OIPlP8SRI_OD941spobyd2bU9dlGG84ggXRQHEIhGTcn0kclGeamXdBEQQATZx0XwtUfrJhumO0vySt08KlRRsWU23j7MYPAcx-76q3haVsacg_8Xh0w560XfuK7tOoP1xKjf2Y=w800-h500-k-no,"restaurant, 98284, WA, US",98284,outscraper_google_maps
Pioneer Marketplace,,100 State St,Sedro-Woolley,98284,,United States of America,48.5035241,-122.2395043,,+1 360-855-1900,Grocery store,Grocery store,Grocery store,4.4,412.0,OPERATIONAL,"{""Friday"": [""6AM-10PM""], ""Monday"": [""6AM-10PM""], ""Saturday"": [""7AM-10PM""], ""Sunday"": [""7AM-10PM""], ""Thursday"": [""6AM-10PM""], ""Tuesday"": [""6AM-10PM""], ""Wednesday"": [""6AM-10PM""]}",0x548513aa5a9fa94b:0xe9f9c37f4291a33d,ChIJS6mfWqoThVQRPaORQn_D-ek,https://search.google.com/local/reviews?placeid=ChIJS6mfWqoThVQRPaORQn_D-ek&q=*&authuser=0&hl=en&gl=US,https://lh3.googleusercontent.com/gps-cs-s/APNQkAH_TLD0RBCLMZLHRLKadUftCkY2TKQVT8FLeeO-6eM0aEcgs6hpVTFCuxAysVTU1-PC367Ua_Ixj2FeCg3TlGRgfhWFEfXvW1tD57mhizMHOHM5uGaQIF3e__bbykt7GAxeP2E=w800-h500-k-no,"deli, 98284, WA, US",98284,outscraper_google_maps
Puerto Penasco Mexican Restaurant,,31439 State Rte 20,Sedro-Woolley,98284,,United States of America,48.529557499999996,-122.06202289999999,,+1 360-399-1175,Mexican restaurant,restaurants,Mexican restaurant,4.6,89.0,OPERATIONAL,"{""Friday"": [""7AM-9PM""], ""Monday"": [""7AM-9PM""], ""Saturday"": [""11AM-9PM""], ""Sunday"": [""11AM-8PM""], ""Thursday"": [""7AM-9PM""], ""Tuesday"": [""7AM-9PM""], ""Wednesday"": [""7AM-9PM""]}",0x5485110027b05b3f:0x8588dbc77f633633,ChIJP1uwJwARhVQRMzZjf8fbiIU,https://search.google.com/local/reviews?placeid=ChIJP1uwJwARhVQRMzZjf8fbiIU&q=*&authuser=0&hl=en&gl=US,https://lh3.googleusercontent.com/gps-cs-s/APNQkAGowKYLw5fAEBKvy-u9Alc7kEo9-q6ogPh-_lX69ki1ePWHMnfjc6rbJGWnKc8X-7S48kK3y8fK-T657-oFl8FzMgVE1PtvefCMD6pBgmq5MXZNr4ll9bRAfWuiPGlMcb58w_naV7eCTegj=w800-h500-k-no,"restaurant, 98284, WA, US",98284,outscraper_google_maps
SW Liquor and Wine,,522 Crossroads Square,Sedro-Woolley,98284,,United States of America,48.5058472,-122.24881269999999,,+1 360-854-2001,Liquor store,Liquor store,"Liquor store, Beer store, Tobacco shop, Wine store",4.3,120.0,OPERATIONAL,"{""Friday"": [""9AM-9PM""], ""Monday"": [""9AM-9PM""], ""Saturday"": [""9AM-9PM""], ""Sunday"": [""10AM-6PM""], ""Thursday"": [""9AM-9PM""], ""Tuesday"": [""9AM-9PM""], ""Wednesday"": [""9AM-9PM""]}",0x548512b924e5821b:0x6d31a8fe88295353,ChIJG4LlJLkShVQRU1MpiP6oMW0,https://search.google.com/local/reviews?placeid=ChIJG4LlJLkShVQRU1MpiP6oMW0&q=*&authuser=0&hl=en&gl=US,https://lh3.googleusercontent.com/gps-cs-s/APNQkAFbPRZ-eiq7v8FlkZE3jQhMbxqCfBHKCCAC1B_G9jtDIr4LIgC6WOxRJeacYwOSIKjz2Js_7PTHpJSbV5V58lXWkUbmeDuycaPeuAG4DksUDNUDs2cJYupjUyiF49xuTaFqZsxW4A=w800-h500-k-no,"brewery, 98284, WA, US",98284,outscraper_google_maps
SW Top Market,,838 State Rte 20,Sedro-Woolley,98284,,United States of America,48.5027371,-122.2541222,,+1 360-399-7652,Smoke shop,Smoke shop,"Smoke shop, Cell phone accessory store, Convenience store",4.5,16.0,OPERATIONAL,"{""Friday"": [""10AM-9PM""], ""Monday"": [""10AM-9PM""], ""Saturday"": [""10AM-9PM""], ""Sunday"": [""10AM-6PM""], ""Thursday"": [""10AM-9PM""], ""Tuesday"": [""10AM-9PM""], ""Wednesday"": [""10AM-9PM""]}",0x548513a6a63d2fe3:0x64e58ef181d85b12,ChIJ4y89pqYThVQRElvYgfGO5WQ,https://search.google.com/local/reviews?placeid=ChIJ4y89pqYThVQRElvYgfGO5WQ&q=*&authuser=0&hl=en&gl=US,https://lh3.googleusercontent.com/gps-cs-s/APNQkAH9HNDPPbsNtn1bOlke0HUHXtOIyVoW1FQ5JyI79hZskNZ2kJNSGNc9tm8WzgQs0KPUmhhJDYLiTRvE169p_OARmNc9O_YckEwrw9806-9KiCNuR9v0BlATE4N9Enu28ix8TOk=w800-h500-k-no,"deli, 98284, WA, US",98284,outscraper_google_maps
Seoul Buns & K-mart,,215 Moore St,Sedro-Woolley,98284,,United States of America,48.5102201,-122.2379113,,+1 360-755-3070,Self service restaurant,restaurants,"Self service restaurant, Wok restaurant",4.7,66.0,OPERATIONAL,"{""Friday"": [""11:30AM-9PM""], ""Monday"": [""Closed""], ""Saturday"": [""12-9PM""], ""Sunday"": [""Closed""], ""Thursday"": [""11:30AM-8:30PM""], ""Tuesday"": [""11:30AM-8:30PM""], ""Wednesday"": [""11:30AM-8:30PM""]}",0x548513000ce363c1:0x2302bd9a87c674d5,ChIJwWPjDAAThVQR1XTGh5q9AiM,https://search.google.com/local/reviews?placeid=ChIJwWPjDAAThVQR1XTGh5q9AiM&q=*&authuser=0&hl=en&gl=US,https://lh3.googleusercontent.com/gps-cs-s/APNQkAEFzDpW3GW47F_GAIKj2jzedbjrc8b-iQZj5NPvpSuLSPPaKTWP3NGLlxLO2iTf9x5KUmzS6ZYKTBf9lj4nYqQz0q-2Q20unz9pA7UCE8asDoRAWKLH7YhMSTh0lSWjLA4JuFLJnJrEGvbq=w800-h500-k-no,"restaurant, 98284, WA, US",98284,outscraper_google_maps
Shelley's Shack,,225 State St,Sedro-Woolley,98284,,United States of America,48.5031854,-122.23786279999999,,+1 360-391-9000,Store,Store,Store,4.9,45.0,OPERATIONAL,"{""Friday"": [""10AM-5PM""], ""Monday"": [""10AM-5PM""], ""Saturday"": [""10AM-4PM""], ""Sunday"": [""Closed""], ""Thursday"": [""10AM-5PM""], ""Tuesday"": [""10AM-5PM""], ""Wednesday"": [""10AM-5PM""]}",0x548512c090f02f79:0x9402845299752087,ChIJeS_wkMAShVQRhyB1mVKEApQ,https://search.google.com/local/reviews?placeid=ChIJeS_wkMAShVQRhyB1mVKEApQ&q=*&authuser=0&hl=en&gl=US,https://lh3.googleusercontent.com/gps-cs-s/APNQkAHSxQKPp_l_y_fEGPbToTkzYZPCqGcoyJIg5YmMNfZsce2t38cG6k85Rhe5PFtzZmnD5BoYhFfIUWiU1SI4QDioMR6D1MLXELjAXacfIU8TCtGqO3GpaX6M91UBAWVvc1mJC-Wmmiu-m0Q=w800-h500-k-no,"restaurant, 98284, WA, US",98284,outscraper_google_maps
Skagit Valley Burger Express,,1172 State Rte 20,Sedro-Woolley,98284,,United States of America,48.5003884,-122.2600531,,+1 360-707-8778,Hamburger restaurant,Hamburger restaurant,"Hamburger restaurant, Fast food restaurant, Restaurant",4.7,1059.0,OPERATIONAL,"{""Friday"": [""11AM-7:30PM""], ""Monday"": [""Closed""], ""Saturday"": [""11AM-7:30PM""], ""Sunday"": [""Closed""], ""Thursday"": [""11AM-3PM""], ""Tuesday"": [""Closed""], ""Wednesday"": [""11AM-7PM""]}",0x548512b646833dbf:0xf07b6f74eae4d6e8,ChIJvz2DRrYShVQR6Nbk6nRve_A,https://search.google.com/local/reviews?placeid=ChIJvz2DRrYShVQR6Nbk6nRve_A&q=*&authuser=0&hl=en&gl=US,https://lh3.googleusercontent.com/gps-cs-s/APNQkAGKLBOahR7VCzEXGQMq6bV6JYf_jyI_Oiwrr6NWlC3Q64FleNpdPoA46SMdL-GADAKTOFc4NlRaM6dsfbzOCQ79qtI-Fw_r2YPbUJk_9XiEhqn8zT-K2ZP4QAmo6fEVao8dIw3IgQ=w800-h500-k-no,"restaurant, 98284, WA, US",98284,outscraper_google_maps
Smuggler Sisters Family Ice Cream,,1912 State Rte 20 Suite A,Sedro-Woolley,98284,,United States of America,48.495641899999995,-122.273094,,+1 360-927-9151,Ice cream shop,Ice cream shop,"Ice cream shop, Clothing store, Coffee roastery, Espresso bar",4.8,36.0,OPERATIONAL,"{""Friday"": [""8:30AM-9PM""], ""Monday"": [""8:30AM-9PM""], ""Saturday"": [""8:30AM-9PM""], ""Sunday"": [""8:30AM-9PM""], ""Thursday"": [""8:30AM-9PM""], ""Tuesday"": [""8:30AM-9PM""], ""Wednesday"": [""8:30AM-9PM""]}",0x54856df46a45d839:0xa776f1352aa0a0b,ChIJOdhFavRthVQRCwqqUhNvdwo,https://search.google.com/local/reviews?placeid=ChIJOdhFavRthVQRCwqqUhNvdwo&q=*&authuser=0&hl=en&gl=US,https://lh3.googleusercontent.com/gps-cs-s/APNQkAGYyfQQaBjgvVH5CGZoRjiXUDgb0nGIgBu8KeyBBp432WrrmO01KxJOAeHmSSicEZaY6F078MdQNYazE03uTbcor-Ru-ZlfnHf4rmzCDfRNJZWJ4xboYV3XYiJ-t1hGoShxYVb5NHjEi-55=w800-h500-k-no,"restaurant, 98284, WA, US",98284,outscraper_google_maps
Starbucks Coffee Company,,1102 Cascade Hwy,Sedro-Woolley,98284,,United States of America,48.50091,-122.25872009999999,,+1 360-306-5558,Coffee shop,coffee shops,"Coffee shop, Breakfast restaurant, Cafe, Coffee store, Espresso bar, Internet cafe",4.2,120.0,OPERATIONAL,"{""Friday"": [""4:30AM-8PM""], ""Monday"": [""4:30AM-8PM""], ""Saturday"": [""5AM-8PM""], ""Sunday"": [""5AM-8PM""], ""Thursday"": [""4:30AM-8PM""], ""Tuesday"": [""4:30AM-8PM""], ""Wednesday"": [""4:30AM-8PM""]}",0x548513da256b2de3:0x1967b72e900b1974,ChIJ4y1rJdoThVQRdBkLkC63Zxk,https://search.google.com/local/reviews?placeid=ChIJ4y1rJdoThVQRdBkLkC63Zxk&q=*&authuser=0&hl=en&gl=US,https://lh3.googleusercontent.com/gps-cs-s/APNQkAHUcMiTvxyxe_AOp69yr6Xods8P1tjM6FzMNhtL4LujWUqq0_pYuq7zJQG6um0qq3dvFOLTPCvhYSli03DEasKu7EuoaNgFhdF80Ohjp7kdv8Q8eZxQmG4xvUCM63n7oA25Ti61=w800-h500-k-no,"cafe, 98284, WA, US",98284,outscraper_google_maps
Sugarbill Bakery,,Trail Rd,Sedro-Woolley,98284,,United States of America,48.5068852,-122.2528754,,,Bakery,Bakery,Bakery,5.0,1.0,OPERATIONAL,"{""Friday"": [""9AM-5PM""], ""Monday"": [""9AM-5PM""], ""Saturday"": [""9AM-5PM""], ""Sunday"": [""9AM-5PM""], ""Thursday"": [""9AM-5PM""], ""Tuesday"": [""9AM-5PM""], ""Wednesday"": [""9AM-5PM""]}",0x54851357749181d7:0xbcb221362dacfdda,ChIJ14GRdFcThVQR2v2sLTYhsrw,https://search.google.com/local/reviews?placeid=ChIJ14GRdFcThVQR2v2sLTYhsrw&q=*&authuser=0&hl=en&gl=US,https://lh3.googleusercontent.com/gps-cs-s/APNQkAF6np4UovCECVXgBs2rszshvgk0LaeWjx7iFbHf2adteGRZBAXHAWr6vgL13YC3z4BT4Jr2XXpAV5ExcBQjOK9oIF4TvkZLb9B9UTd76gtvouUP2LsdR3SjFA4kf6PDxtsBeGdjciDDY7U=w800-h500-k-no,"bakery, 98284, WA, US",98284,outscraper_google_maps
Teriyaki Wok 9,,108 N Township St G,Sedro-Woolley,98284,,United States of America,48.511488,-122.22643699999999,,+1 360-856-0511,Chinese restaurant,restaurants,"Chinese restaurant, Asian restaurant",3.8,271.0,OPERATIONAL,"{""Friday"": [""11AM-8:30PM""], ""Monday"": [""11:15AM-8:30PM""], ""Saturday"": [""11AM-8:30PM""], ""Sunday"": [""Closed""], ""Thursday"": [""11AM-8:30PM""], ""Tuesday"": [""11AM-8:30PM""], ""Wednesday"": [""11AM-8:30PM""]}",0x548512929aef1d5d:0xe46c0956743d1049,ChIJXR3vmpIShVQRSRA9dFYJbOQ,https://search.google.com/local/reviews?placeid=ChIJXR3vmpIShVQRSRA9dFYJbOQ&q=*&authuser=0&hl=en&gl=US,https://lh3.googleusercontent.com/gps-cs-s/APNQkAGktZF1G8GhnIfWK-WEB8hL9C_iPxUPqEyRkD43FL345q-k8Bor9kaw45RNhzcyP6V-vG2srSvdaJI8HdjPdPvzzjzNOy0o48Eu3uLGuhD8eiJFNwR-csLmPXoHOZ0qGb-iRVeH=w800-h500-k-no,"restaurant, 98284, WA, US",98284,outscraper_google_maps
The Bull Pen Sports Bar and Grill,,701 Metcalf St,Sedro-Woolley,98284,,United States of America,48.50513,-122.23830699999999,,+1 360-588-4508,Bar & grill,restaurants,"Bar & grill, Breakfast restaurant",4.2,602.0,OPERATIONAL,"{""Friday"": [""11AM-12AM""], ""Monday"": [""11AM-10PM""], ""Saturday"": [""8AM-12AM""], ""Sunday"": [""8AM-12AM""], ""Thursday"": [""11AM-10PM""], ""Tuesday"": [""11AM-10PM""], ""Wednesday"": [""11AM-10PM""]}",0x548512c008d952f5:0x6d6e14431d039926,ChIJ9VLZCMAShVQRJpkDHUMUbm0,https://search.google.com/local/reviews?placeid=ChIJ9VLZCMAShVQRJpkDHUMUbm0&q=*&authuser=0&hl=en&gl=US,https://lh3.googleusercontent.com/gps-cs-s/APNQkAFVQa8XQXI12xtfu8Ul9ALePQRVIkZUbZVv7fqDC7tNTcS4FrAFXGFYdxt3awBWp5nJvH5NiHiAUwz5BybVib6t09RKMwuqY68aLK-V9H2fAcQ5o7z9_ebaQor76xneJDn53IIE=w800-h500-k-no,"restaurant, 98284, WA, US",98284,outscraper_google_maps
The Coffee Barn,,31411 State Rte 20,Sedro-Woolley,98284,,United States of America,48.5295062,-122.0626345,,+1 360-899-6104,Coffee stand,Coffee stand,Coffee stand,4.7,144.0,OPERATIONAL,"{""Friday"": [""4:30AM-6PM""], ""Monday"": [""4:30AM-6PM""], ""Saturday"": [""6AM-6PM""], ""Sunday"": [""6AM-6PM""], ""Thursday"": [""4:30AM-6PM""], ""Tuesday"": [""4:30AM-6PM""], ""Wednesday"": [""4:30AM-6PM""]}",0x548511aea795c89d:0x364f8bce77783fde,ChIJnciVp64RhVQR3j94d86LTzY,https://search.google.com/local/reviews?placeid=ChIJnciVp64RhVQR3j94d86LTzY&q=*&authuser=0&hl=en&gl=US,https://lh3.googleusercontent.com/gps-cs-s/APNQkAFbcy5-z4F4gIyQQli5mHGrb9yMGu_32NPopY2YttnbpTk56ja1Ksq6dXsx-zXT0FYtNy9ChmXYWWYFX_EctOvl8zfpDbf8jcFOmSt6ETZ0UPHx2BXMOwlosW1QowdYT-QnOXEy6vmB0d0=w800-h500-k-no,"restaurant, 98284, WA, US",98284,outscraper_google_maps
The Coffee Clinic,,2000 Hospital Dr,Sedro-Woolley,98284,,United States of America,48.4958239,-122.27606209999999,,,Coffee stand,Coffee stand,Coffee stand,4.9,28.0,OPERATIONAL,"{""Friday"": [""7:30AM-2PM""], ""Monday"": [""7:30AM-2PM""], ""Saturday"": [""Closed""], ""Sunday"": [""Closed""], ""Thursday"": [""7:30AM-2PM""], ""Tuesday"": [""7:30AM-2PM""], ""Wednesday"": [""7:30AM-2PM""]}",0x54856dec4e606d79:0x89d0946a724472c1,ChIJeW1gTuxthVQRwXJEcmqU0Ik,https://search.google.com/local/reviews?placeid=ChIJeW1gTuxthVQRwXJEcmqU0Ik&q=*&authuser=0&hl=en&gl=US,https://streetviewpixels-pa.googleapis.com/v1/thumbnail?panoid=ZrksNV54gAZmeEllSU3Bew&cb_client=search.gws-prod.gps&w=800&h=500&yaw=15.021236&pitch=0&thumbfov=100,"cafe, 98284, WA, US",98284,outscraper_google_maps
The Flow,,109 Ferry St,Sedro-Woolley,98284,,United States of America,48.505157399999995,-122.2394729,,+1 360-982-2336,Bar,bars,Bar,4.7,36.0,OPERATIONAL,"{""Friday"": [""9AM-2AM""], ""Monday"": [""9AM-10PM""], ""Saturday"": [""9AM-2AM""], ""Sunday"": [""9AM-10PM""], ""Thursday"": [""9AM-10PM""], ""Tuesday"": [""9AM-10PM""], ""Wednesday"": [""9AM-2AM""]}",0x5485137b48e5318d:0x6adf6cb52322b0fa,ChIJjTHlSHsThVQR-rAiI7Vs32o,https://search.google.com/local/reviews?placeid=ChIJjTHlSHsThVQR-rAiI7Vs32o&q=*&authuser=0&hl=en&gl=US,https://lh3.googleusercontent.com/gps-cs-s/APNQkAFDge2Tt3QgcJIH69RW_mxoui5vB7lupkkLFXMg4Hhh0h4lIauK6ZR50NKTUeAj4qVPr8jLxe0mmaYDHrFIy7zDdw9ua8JgPljqv2sEbKeqFh8zaQJjDkgm_Ux1mGWzzHXGmYTG=w800-h500-k-no,"restaurant, 98284, WA, US",98284,outscraper_google_maps
The Garage Cafe,,227 State St,Sedro-Woolley,98284,,United States of America,48.5030338,-122.23771459999999,,+1 360-488-6182,Coffee shop,coffee shops,Coffee shop,4.8,151.0,OPERATIONAL,"{""Friday"": [""9AM-4PM""], ""Monday"": [""9AM-4PM""], ""Saturday"": [""9AM-4PM""], ""Sunday"": [""Closed""], ""Thursday"": [""9AM-4PM""], ""Tuesday"": [""9AM-4PM""], ""Wednesday"": [""9AM-4PM""]}",0x548513070f5850cd:0x7727190c7f872dee,ChIJzVBYDwcThVQR7i2HfwwZJ3c,https://search.google.com/local/reviews?placeid=ChIJzVBYDwcThVQR7i2HfwwZJ3c&q=*&authuser=0&hl=en&gl=US,https://lh3.googleusercontent.com/gps-cs-s/APNQkAF1T17OhU8WbJOpgDQkmO2q367kVNlrUKumbCrlCHz6Pxced8x-vpT9I3BJ-pq2NGF-mH-8S4sUBuDBfsz9O-vQr2sY4iSRl6vVxY9IH6GYgM0lYxARECAr9sWcHTdmndp6yJT4=w800-h500-k-no,"restaurant, 98284, WA, US",98284,outscraper_google_maps
The Kulshan Hotel,,807 Trail Rd,Sedro-Woolley,98284,,United States of America,48.504165099999994,-122.2521895,,+1 360-207-1369,Hotel,hotels,"Hotel, Extended stay hotel",4.9,120.0,OPERATIONAL,,0x5485134f5fd56d25:0x9dbb0945e062c420,ChIJJW3VX08ThVQRIMRi4EUJu50,https://search.google.com/local/reviews?placeid=ChIJJW3VX08ThVQRIMRi4EUJu50&q=*&authuser=0&hl=en&gl=US,https://lh3.googleusercontent.com/gps-cs-s/APNQkAEQiSxeIfKV4eboQISZzVfTl4SHjw0G5Zqvln_KVb6ucPMentxZGz6QOMniISTtSsjIAQiVMpFY0VEF4G1TyxF2FcwU7iRXyk-fwLEkVpY1yshNRYY-ldM4p-mAmzeD7oC0xa99OonRMVug=w800-h500-k-no,"restaurant, 98284, WA, US",98284,outscraper_google_maps
The Local Shop,,817 Metcalf St,Sedro-Woolley,98284,,United States of America,48.5039136,-122.23823259999999,,+1 360-303-3412,Coffee shop,coffee shops,"Coffee shop, Beauty supply store, Boutique, Event venue, Gift shop, Plant nursery",5.0,31.0,OPERATIONAL,"{""Friday"": [""9AM-6PM""], ""Monday"": [""Closed""], ""Saturday"": [""9AM-6PM""], ""Sunday"": [""Closed""], ""Thursday"": [""9AM-6PM""], ""Tuesday"": [""9AM-6PM""], ""Wednesday"": [""9AM-6PM""]}",0x5485135dd6f45123:0xfdd079686f5387a2,ChIJI1H01l0ThVQRoodTb2h50P0,https://search.google.com/local/reviews?placeid=ChIJI1H01l0ThVQRoodTb2h50P0&q=*&authuser=0&hl=en&gl=US,https://lh3.googleusercontent.com/gps-cs-s/APNQkAGj4jdpZKmVaC-a7WpbuJUas_E_3kmI1WhgiYD3HQeTTFmQWbR135_pKEk0NRwU1S5CcEE1t-TRknRP50PeJfumbuAOcYExmsZGRuucnqfOXcQi59464b5AlISrlEVDgIHew94SHw=w800-h500-k-no,"restaurant, 98284, WA, US",98284,outscraper_google_maps
Timber Espresso,,103 N Ball St,Sedro-Woolley,98284,,United States of America,48.510763,-122.2282987,,+1 360-899-5888,Coffee stand,Coffee stand,Coffee stand,4.6,249.0,OPERATIONAL,"{""Friday"": [""5AM-7PM""], ""Monday"": [""5AM-7PM""], ""Saturday"": [""6AM-7PM""], ""Sunday"": [""6AM-7PM""], ""Thursday"": [""5AM-7PM""], ""Tuesday"": [""5AM-7PM""], ""Wednesday"": [""5AM-7PM""]}",0x410968b5ecf3fd3f:0xf2a8babb0a544317,ChIJP_3z7LVoCUERF0NUCru6qPI,https://search.google.com/local/reviews?placeid=ChIJP_3z7LVoCUERF0NUCru6qPI&q=*&authuser=0&hl=en&gl=US,https://lh3.googleusercontent.com/gps-cs-s/APNQkAF7YeiVkqZx_t5jBX_eiBzCTG5nEAfpoGvgwMaJmO7AAGXR1pxhbreBtmy9uHBFNN1YDn4XG5DZnJGRFUSqMW3wipckU1Ciga7qx79i2ZJ5iT5AnjFj0fcqLrFa1z3XmInRqokJboufcR64=w800-h500-k-no,"restaurant, 98284, WA, US",98284,outscraper_google_maps
Vic's Mexican Food & Bar,,707 Metcalf St,Sedro-Woolley,98284,,United States of America,48.5048999,-122.2382409,,+1 360-755-3039,Mexican restaurant,restaurants,"Mexican restaurant, Restaurant",4.8,137.0,OPERATIONAL,"{""Friday"": [""11AM-10PM""], ""Monday"": [""11AM-9PM""], ""Saturday"": [""10AM-10PM""], ""Sunday"": [""10AM-7PM""], ""Thursday"": [""11AM-9PM""], ""Tuesday"": [""11AM-9PM""], ""Wednesday"": [""Closed""]}",0x548513813cc76bd1:0xdcc582a1c9f64fbe,ChIJ0WvHPIEThVQRvk_2yaGCxdw,https://search.google.com/local/reviews?placeid=ChIJ0WvHPIEThVQRvk_2yaGCxdw&q=*&authuser=0&hl=en&gl=US,https://lh3.googleusercontent.com/gps-cs-s/APNQkAGJqxJ_DsCAl5AQYIPQWeT7KryNQccAXxGnOUAAlp5sxZp94XoPK8510dkjYUMjYakGU_-IdlhQm_y4CGPb0tpZqcoGaPAFFH2PjfKh_6ctV1BUyWAivmemDWBWf_-nyZfvfqqA=w800-h500-k-no,"restaurant, 98284, WA, US",98284,outscraper_google_maps
West Coast Dumpling Company,,901 3rd St,Sedro-Woolley,98284,,United States of America,48.5031811,-122.2369753,,+1 360-770-8435,Food and beverage exporter,Food and beverage exporter,Food and beverage exporter,5.0,6.0,OPERATIONAL,"{""Friday"": [""Closed""], ""Monday"": [""9AM-3PM""], ""Saturday"": [""Closed""], ""Sunday"": [""Closed""], ""Thursday"": [""Closed""], ""Tuesday"": [""9AM-3PM""], ""Wednesday"": [""9AM-3PM""]}",0x548513f82f868b63:0x2e2b386236dc575f,ChIJY4uGL_gThVQRX1fcNmI4Ky4,https://search.google.com/local/reviews?placeid=ChIJY4uGL_gThVQRX1fcNmI4Ky4&q=*&authuser=0&hl=en&gl=US,https://lh3.googleusercontent.com/gps-cs-s/APNQkAEh0EMqfljMZgVoGYe2El4FkMBNAkZBruMEX1tzlMmzEiAVouQAnxCVhoQtt6HxgwtIysIr3Xz2a3u3Q5CLnajOFOMA5vc_ynJeYJqI75LfhexgFAc35NUUPqEUclqxv7F5D_zryg=w800-h500-k-no,"restaurant, 98284, WA, US",98284,outscraper_google_maps
Willowbrook Manor English Teahouse and Farm Stay,,27420 Minkler Rd,Sedro-Woolley,98284,,United States of America,48.5222816,-122.15432729999999,,+1 360-218-4585,Bed & breakfast,Bed & breakfast,"Bed & breakfast, Traditional teahouse",4.8,133.0,OPERATIONAL,,0x54851225c3a81679:0x864e678a2ff043ae,ChIJeRaowyUShVQRrkPwL4pnToY,https://search.google.com/local/reviews?placeid=ChIJeRaowyUShVQRrkPwL4pnToY&q=*&authuser=0&hl=en&gl=US,https://lh3.googleusercontent.com/gps-cs-s/APNQkAHwJguljska6FsYBT4uQZxyKPbZLHUTmZmcc9wnaa_V5GEuTMNhZ7HuhC8H_tS8RFMefjYG-6Rtevwu5D7pF5eYt9HDLsZwZglYeEvo79I1lPv_tnENnPXu-DyP4JEk0xQQvRPZ=w800-h500-k-no,"restaurant, 98284, WA, US",98284,outscraper_google_maps
